date,crop,price_pkr,unit,source
2013-06-20,Apple,115.0,Kg,historical_csv
2013-08-01,Apple,105.0,Kg,historical_csv
2013-08-08,Apple,100.0,Kg,historical_csv
2013-08-15,Apple,101.67,Kg,historical_csv
2013-08-22,Apple,85.0,Kg,historical_csv
2013-08-29,Apple,85.0,Kg,historical_csv
2013-09-05,Apple,96.67,Kg,historical_csv
2013-09-12,Apple,95.0,Kg,historical_csv
2013-09-19,Apple,91.5,Kg,historical_csv
2013-09-26,Apple,95.0,Kg,historical_csv
2013-10-03,Apple,101.67,Kg,historical_csv
2013-10-10,Apple,116.67,Kg,historical_csv
2013-10-17,Apple,134.29,Kg,historical_csv
2013-10-24,Apple,135.0,Kg,historical_csv
2013-10-31,Apple,135.0,Kg,historical_csv
2013-11-07,Apple,135.0,Kg,historical_csv
2013-11-14,Apple,139.0,Kg,historical_csv
2013-11-21,Apple,121.25,Kg,historical_csv
2013-11-28,Apple,130.0,Kg,historical_csv
2013-12-05,Apple,108.33,Kg,historical_csv
2013-12-12,Apple,105.0,Kg,historical_csv
2013-12-19,Apple,107.0,Kg,historical_csv
2013-12-26,Apple,105.0,Kg,historical_csv
2014-01-02,Apple,105.0,Kg,historical_csv
2014-01-09,Apple,100.0,Kg,historical_csv
2014-01-16,Apple,95.0,Kg,historical_csv
2014-01-23,Apple,102.08,Kg,historical_csv
2014-01-30,Apple,97.5,Kg,historical_csv
2014-02-06,Apple,98.0,Kg,historical_csv
2014-02-13,Apple,110.0,Kg,historical_csv
2014-02-20,Apple,105.0,Kg,historical_csv
2014-02-27,Apple,105.0,Kg,historical_csv
2014-03-06,Apple,105.0,Kg,historical_csv
2014-03-13,Apple,105.0,Kg,historical_csv
2014-03-20,Apple,105.0,Kg,historical_csv
2014-03-27,Apple,104.58,Kg,historical_csv
2014-04-03,Apple,105.0,Kg,historical_csv
2014-04-10,Apple,105.0,Kg,historical_csv
2014-04-17,Apple,105.0,Kg,historical_csv
2014-04-24,Apple,122.0,Kg,historical_csv
2014-05-01,Apple,124.5,Kg,historical_csv
2014-05-08,Apple,125.0,Kg,historical_csv
2014-05-15,Apple,125.0,Kg,historical_csv
2014-05-22,Apple,125.0,Kg,historical_csv
2014-05-29,Apple,125.0,Kg,historical_csv
2014-06-05,Apple,125.83,Kg,historical_csv
2014-06-12,Apple,159.17,Kg,historical_csv
2014-06-19,Apple,193.33,Kg,historical_csv
2014-06-26,Apple,198.0,Kg,historical_csv
2014-07-03,Apple,198.33,Kg,historical_csv
2014-07-10,Apple,212.14,Kg,historical_csv
2014-07-17,Apple,219.29,Kg,historical_csv
2014-07-24,Apple,248.57,Kg,historical_csv
2014-07-31,Apple,253.57,Kg,historical_csv
2014-08-07,Apple,202.14,Kg,historical_csv
2014-08-14,Apple,157.14,Kg,historical_csv
2014-08-21,Apple,111.43,Kg,historical_csv
2014-08-28,Apple,111.43,Kg,historical_csv
2014-09-04,Apple,102.5,Kg,historical_csv
2014-09-11,Apple,95.0,Kg,historical_csv
2014-09-18,Apple,105.0,Kg,historical_csv
2014-09-25,Apple,108.33,Kg,historical_csv
2014-10-02,Apple,115.0,Kg,historical_csv
2014-10-09,Apple,125.0,Kg,historical_csv
2014-10-16,Apple,121.67,Kg,historical_csv
2014-10-23,Apple,127.92,Kg,historical_csv
2014-10-30,Apple,123.57,Kg,historical_csv
2014-11-06,Apple,117.14,Kg,historical_csv
2014-11-13,Apple,118.57,Kg,historical_csv
2014-11-20,Apple,116.43,Kg,historical_csv
2014-11-27,Apple,109.29,Kg,historical_csv
2014-12-04,Apple,106.43,Kg,historical_csv
2014-12-11,Apple,113.57,Kg,historical_csv
2014-12-18,Apple,110.71,Kg,historical_csv
2014-12-25,Apple,110.0,Kg,historical_csv
2015-01-01,Apple,105.0,Kg,historical_csv
2015-01-08,Apple,105.0,Kg,historical_csv
2015-01-15,Apple,105.0,Kg,historical_csv
2015-01-22,Apple,105.0,Kg,historical_csv
2015-01-29,Apple,105.0,Kg,historical_csv
2015-02-05,Apple,105.0,Kg,historical_csv
2015-02-12,Apple,105.0,Kg,historical_csv
2015-02-19,Apple,105.0,Kg,historical_csv
2015-02-26,Apple,101.67,Kg,historical_csv
2015-03-05,Apple,95.0,Kg,historical_csv
2015-03-12,Apple,97.0,Kg,historical_csv
2015-03-19,Apple,106.67,Kg,historical_csv
2015-03-26,Apple,107.14,Kg,historical_csv
2015-04-02,Apple,106.43,Kg,historical_csv
2015-04-09,Apple,103.33,Kg,historical_csv
2015-04-16,Apple,103.33,Kg,historical_csv
2015-04-23,Apple,106.43,Kg,historical_csv
2015-04-30,Apple,110.71,Kg,historical_csv
2015-05-07,Apple,128.93,Kg,historical_csv
2015-05-14,Apple,135.0,Kg,historical_csv
2015-05-21,Apple,147.14,Kg,historical_csv
2015-05-28,Apple,146.43,Kg,historical_csv
2015-06-04,Apple,167.86,Kg,historical_csv
2015-06-11,Apple,156.79,Kg,historical_csv
2015-06-18,Apple,117.14,Kg,historical_csv
2015-06-25,Apple,116.14,Kg,historical_csv
2015-07-02,Apple,101.15,Kg,historical_csv
2015-07-09,Apple,93.18,Kg,historical_csv
2015-07-16,Apple,91.54,Kg,historical_csv
2015-07-23,Apple,92.69,Kg,historical_csv
2015-07-30,Apple,88.12,Kg,historical_csv
2015-08-06,Apple,88.93,Kg,historical_csv
2015-08-13,Apple,95.0,Kg,historical_csv
2015-08-20,Apple,95.0,Kg,historical_csv
2015-08-27,Apple,97.86,Kg,historical_csv
2015-09-03,Apple,102.5,Kg,historical_csv
2015-09-10,Apple,97.86,Kg,historical_csv
2015-09-17,Apple,100.71,Kg,historical_csv
2015-09-24,Apple,95.0,Kg,historical_csv
2015-10-01,Apple,95.0,Kg,historical_csv
2015-10-08,Apple,97.86,Kg,historical_csv
2015-10-15,Apple,115.0,Kg,historical_csv
2015-10-22,Apple,118.57,Kg,historical_csv
2015-10-29,Apple,132.14,Kg,historical_csv
2015-11-05,Apple,133.57,Kg,historical_csv
2015-11-12,Apple,149.29,Kg,historical_csv
2015-11-19,Apple,119.29,Kg,historical_csv
2015-11-26,Apple,98.57,Kg,historical_csv
2015-12-03,Apple,90.0,Kg,historical_csv
2015-12-10,Apple,85.0,Kg,historical_csv
2015-12-17,Apple,87.14,Kg,historical_csv
2015-12-24,Apple,88.57,Kg,historical_csv
2015-12-31,Apple,88.57,Kg,historical_csv
2016-01-07,Apple,91.43,Kg,historical_csv
2016-01-14,Apple,88.57,Kg,historical_csv
2016-01-21,Apple,85.0,Kg,historical_csv
2016-01-28,Apple,85.0,Kg,historical_csv
2016-02-04,Apple,83.93,Kg,historical_csv
2016-02-11,Apple,95.0,Kg,historical_csv
2016-02-18,Apple,95.0,Kg,historical_csv
2016-02-25,Apple,95.0,Kg,historical_csv
2016-03-03,Apple,101.67,Kg,historical_csv
2016-03-10,Apple,102.14,Kg,historical_csv
2016-03-17,Apple,100.0,Kg,historical_csv
2016-03-24,Apple,102.14,Kg,historical_csv
2016-03-31,Apple,99.29,Kg,historical_csv
2016-04-07,Apple,100.71,Kg,historical_csv
2016-04-14,Apple,101.07,Kg,historical_csv
2016-04-21,Apple,105.0,Kg,historical_csv
2016-04-28,Apple,105.0,Kg,historical_csv
2016-05-05,Apple,112.86,Kg,historical_csv
2016-05-12,Apple,105.0,Kg,historical_csv
2016-05-19,Apple,105.0,Kg,historical_csv
2016-05-26,Apple,105.0,Kg,historical_csv
2016-06-02,Apple,105.0,Kg,historical_csv
2016-06-09,Apple,104.29,Kg,historical_csv
2016-06-16,Apple,115.0,Kg,historical_csv
2016-06-23,Apple,105.0,Kg,historical_csv
2016-06-30,Apple,116.43,Kg,historical_csv
2016-07-07,Apple,125.0,Kg,historical_csv
2016-07-14,Apple,112.14,Kg,historical_csv
2016-07-21,Apple,125.0,Kg,historical_csv
2016-07-28,Apple,155.0,Kg,historical_csv
2016-08-04,Apple,117.86,Kg,historical_csv
2016-08-11,Apple,115.0,Kg,historical_csv
2016-08-18,Apple,106.43,Kg,historical_csv
2016-08-25,Apple,113.57,Kg,historical_csv
2016-09-01,Apple,122.14,Kg,historical_csv
2016-09-08,Apple,127.14,Kg,historical_csv
2016-09-15,Apple,119.29,Kg,historical_csv
2016-09-22,Apple,123.57,Kg,historical_csv
2016-09-29,Apple,125.0,Kg,historical_csv
2016-10-06,Apple,122.14,Kg,historical_csv
2016-10-13,Apple,117.86,Kg,historical_csv
2016-10-20,Apple,105.0,Kg,historical_csv
2016-10-27,Apple,113.57,Kg,historical_csv
2016-11-03,Apple,103.57,Kg,historical_csv
2016-11-10,Apple,100.71,Kg,historical_csv
2016-11-17,Apple,105.0,Kg,historical_csv
2016-11-24,Apple,105.0,Kg,historical_csv
2016-12-01,Apple,105.0,Kg,historical_csv
2016-12-08,Apple,105.0,Kg,historical_csv
2016-12-15,Apple,97.86,Kg,historical_csv
2016-12-22,Apple,95.0,Kg,historical_csv
2016-12-29,Apple,95.0,Kg,historical_csv
2017-01-05,Apple,95.0,Kg,historical_csv
2017-01-12,Apple,95.0,Kg,historical_csv
2017-01-19,Apple,97.86,Kg,historical_csv
2017-01-26,Apple,95.0,Kg,historical_csv
2017-02-02,Apple,95.0,Kg,historical_csv
2017-02-09,Apple,95.0,Kg,historical_csv
2017-02-16,Apple,100.71,Kg,historical_csv
2017-02-23,Apple,105.0,Kg,historical_csv
2017-03-02,Apple,105.0,Kg,historical_csv
2017-03-09,Apple,105.0,Kg,historical_csv
2017-03-16,Apple,101.67,Kg,historical_csv
2017-03-23,Apple,102.14,Kg,historical_csv
2017-03-30,Apple,105.0,Kg,historical_csv
2017-04-06,Apple,105.0,Kg,historical_csv
2017-04-13,Apple,105.0,Kg,historical_csv
2017-04-20,Apple,105.0,Kg,historical_csv
2017-04-27,Apple,105.0,Kg,historical_csv
2017-05-04,Apple,105.0,Kg,historical_csv
2017-05-11,Apple,105.0,Kg,historical_csv
2017-05-18,Apple,105.0,Kg,historical_csv
2017-05-25,Apple,105.0,Kg,historical_csv
2017-06-01,Apple,107.86,Kg,historical_csv
2017-06-08,Apple,115.0,Kg,historical_csv
2017-06-15,Apple,115.0,Kg,historical_csv
2017-06-22,Apple,115.0,Kg,historical_csv
2017-06-29,Apple,115.0,Kg,historical_csv
2017-07-06,Apple,115.0,Kg,historical_csv
2017-07-13,Apple,113.57,Kg,historical_csv
2017-07-20,Apple,107.86,Kg,historical_csv
2017-07-27,Apple,115.0,Kg,historical_csv
2017-08-03,Apple,115.0,Kg,historical_csv
2017-08-10,Apple,111.43,Kg,historical_csv
2017-08-17,Apple,105.0,Kg,historical_csv
2017-08-24,Apple,107.86,Kg,historical_csv
2017-08-31,Apple,117.86,Kg,historical_csv
2017-09-07,Apple,115.0,Kg,historical_csv
2017-09-14,Apple,115.0,Kg,historical_csv
2017-09-21,Apple,115.0,Kg,historical_csv
2017-09-28,Apple,105.0,Kg,historical_csv
2017-10-05,Apple,95.0,Kg,historical_csv
2017-10-12,Apple,97.86,Kg,historical_csv
2017-10-19,Apple,100.71,Kg,historical_csv
2017-10-26,Apple,103.57,Kg,historical_csv
2017-11-02,Apple,95.0,Kg,historical_csv
2017-11-09,Apple,95.0,Kg,historical_csv
2017-11-16,Apple,95.0,Kg,historical_csv
2017-11-23,Apple,95.0,Kg,historical_csv
2017-11-30,Apple,95.0,Kg,historical_csv
2017-12-07,Apple,95.0,Kg,historical_csv
2017-12-14,Apple,95.0,Kg,historical_csv
2017-12-21,Apple,95.0,Kg,historical_csv
2017-12-28,Apple,95.0,Kg,historical_csv
2018-01-04,Apple,95.0,Kg,historical_csv
2018-01-11,Apple,95.0,Kg,historical_csv
2018-01-18,Apple,101.67,Kg,historical_csv
2018-01-25,Apple,102.14,Kg,historical_csv
2018-02-01,Apple,95.0,Kg,historical_csv
2018-02-08,Apple,89.29,Kg,historical_csv
2018-02-15,Apple,92.14,Kg,historical_csv
2018-02-22,Apple,95.0,Kg,historical_csv
2018-03-01,Apple,90.71,Kg,historical_csv
2018-03-08,Apple,85.0,Kg,historical_csv
2018-03-15,Apple,93.57,Kg,historical_csv
2018-03-22,Apple,95.0,Kg,historical_csv
2018-03-29,Apple,95.0,Kg,historical_csv
2018-04-05,Apple,95.0,Kg,historical_csv
2018-04-12,Apple,95.0,Kg,historical_csv
2018-04-19,Apple,102.14,Kg,historical_csv
2018-04-26,Apple,95.0,Kg,historical_csv
2018-05-03,Apple,95.0,Kg,historical_csv
2018-05-10,Apple,95.0,Kg,historical_csv
2018-05-17,Apple,95.0,Kg,historical_csv
2018-05-24,Apple,95.0,Kg,historical_csv
2018-05-31,Apple,95.0,Kg,historical_csv
2018-06-07,Apple,95.0,Kg,historical_csv
2018-06-14,Apple,95.0,Kg,historical_csv
2018-06-21,Apple,95.0,Kg,historical_csv
2018-06-28,Apple,107.86,Kg,historical_csv
2018-07-05,Apple,107.86,Kg,historical_csv
2018-07-12,Apple,105.0,Kg,historical_csv
2018-07-19,Apple,105.0,Kg,historical_csv
2018-07-26,Apple,105.0,Kg,historical_csv
2018-08-02,Apple,105.0,Kg,historical_csv
2018-08-09,Apple,105.0,Kg,historical_csv
2018-08-16,Apple,105.0,Kg,historical_csv
2018-08-23,Apple,105.0,Kg,historical_csv
2018-08-30,Apple,110.0,Kg,historical_csv
2018-09-06,Apple,105.0,Kg,historical_csv
2018-09-13,Apple,105.0,Kg,historical_csv
2018-09-20,Apple,105.0,Kg,historical_csv
2018-09-27,Apple,105.0,Kg,historical_csv
2018-10-04,Apple,105.0,Kg,historical_csv
2018-10-11,Apple,105.0,Kg,historical_csv
2018-10-18,Apple,115.0,Kg,historical_csv
2018-10-25,Apple,115.0,Kg,historical_csv
2018-11-01,Apple,115.0,Kg,historical_csv
2018-11-08,Apple,113.57,Kg,historical_csv
2018-11-15,Apple,95.0,Kg,historical_csv
2018-11-22,Apple,99.29,Kg,historical_csv
2018-11-29,Apple,105.0,Kg,historical_csv
2018-12-06,Apple,105.71,Kg,historical_csv
2018-12-13,Apple,105.0,Kg,historical_csv
2018-12-20,Apple,103.57,Kg,historical_csv
2018-12-27,Apple,95.0,Kg,historical_csv
2019-01-03,Apple,95.0,Kg,historical_csv
2019-01-10,Apple,96.43,Kg,historical_csv
2019-01-17,Apple,105.0,Kg,historical_csv
2019-01-24,Apple,106.43,Kg,historical_csv
2019-01-31,Apple,115.71,Kg,historical_csv
2019-02-07,Apple,117.5,Kg,historical_csv
2019-02-14,Apple,119.64,Kg,historical_csv
2019-02-21,Apple,123.21,Kg,historical_csv
2019-02-28,Apple,121.07,Kg,historical_csv
2019-03-07,Apple,120.83,Kg,historical_csv
2019-03-14,Apple,122.5,Kg,historical_csv
2019-03-21,Apple,122.86,Kg,historical_csv
2019-03-28,Apple,122.86,Kg,historical_csv
2019-04-04,Apple,118.21,Kg,historical_csv
2019-04-11,Apple,115.0,Kg,historical_csv
2019-04-18,Apple,115.0,Kg,historical_csv
2019-04-25,Apple,115.0,Kg,historical_csv
2019-05-02,Apple,122.14,Kg,historical_csv
2019-05-09,Apple,125.36,Kg,historical_csv
2019-05-16,Apple,127.86,Kg,historical_csv
2019-05-23,Apple,150.71,Kg,historical_csv
2019-05-30,Apple,155.0,Kg,historical_csv
2019-06-06,Apple,221.43,Kg,historical_csv
2019-06-13,Apple,238.57,Kg,historical_csv
2019-06-20,Apple,233.93,Kg,historical_csv
2019-06-27,Apple,242.5,Kg,historical_csv
2019-07-04,Apple,245.0,Kg,historical_csv
2019-07-11,Apple,243.21,Kg,historical_csv
2019-07-18,Apple,242.5,Kg,historical_csv
2019-07-25,Apple,243.21,Kg,historical_csv
2019-08-01,Apple,248.57,Kg,historical_csv
2019-08-08,Apple,250.0,Kg,historical_csv
2019-08-15,Apple,315.0,Kg,historical_csv
2019-08-22,Apple,250.45,Kg,historical_csv
2019-08-29,Apple,195.0,Kg,historical_csv
2019-09-05,Apple,109.29,Kg,historical_csv
2019-09-12,Apple,105.0,Kg,historical_csv
2019-09-19,Apple,112.5,Kg,historical_csv
2019-09-26,Apple,119.29,Kg,historical_csv
2019-10-03,Apple,155.0,Kg,historical_csv
2019-10-10,Apple,188.57,Kg,historical_csv
2019-10-17,Apple,159.29,Kg,historical_csv
2019-10-24,Apple,145.0,Kg,historical_csv
2019-10-31,Apple,145.0,Kg,historical_csv
2019-11-07,Apple,145.0,Kg,historical_csv
2019-11-14,Apple,145.0,Kg,historical_csv
2019-11-21,Apple,123.57,Kg,historical_csv
2019-11-28,Apple,95.0,Kg,historical_csv
2019-12-05,Apple,95.0,Kg,historical_csv
2019-12-12,Apple,97.86,Kg,historical_csv
2019-12-19,Apple,109.29,Kg,historical_csv
2019-12-26,Apple,96.43,Kg,historical_csv
2020-01-02,Apple,95.0,Kg,historical_csv
2020-01-09,Apple,95.0,Kg,historical_csv
2020-01-16,Apple,95.0,Kg,historical_csv
2020-01-23,Apple,95.0,Kg,historical_csv
2020-01-30,Apple,95.0,Kg,historical_csv
2020-02-06,Apple,95.0,Kg,historical_csv
2020-02-13,Apple,105.0,Kg,historical_csv
2020-02-20,Apple,123.57,Kg,historical_csv
2020-02-27,Apple,113.57,Kg,historical_csv
2020-03-05,Apple,148.33,Kg,historical_csv
2020-03-12,Apple,212.14,Kg,historical_csv
2020-03-19,Apple,207.86,Kg,historical_csv
2020-03-26,Apple,216.67,Kg,historical_csv
2020-04-02,Apple,215.71,Kg,historical_csv
2020-04-09,Apple,223.33,Kg,historical_csv
2020-05-14,Apple,165.0,Kg,historical_csv
2020-05-21,Apple,182.14,Kg,historical_csv
2020-05-28,Apple,175.0,Kg,historical_csv
2020-06-04,Apple,172.14,Kg,historical_csv
2020-06-11,Apple,165.0,Kg,historical_csv
2020-06-18,Apple,165.0,Kg,historical_csv
2020-06-25,Apple,158.57,Kg,historical_csv
2020-07-02,Apple,96.43,Kg,historical_csv
2020-07-09,Apple,118.08,Kg,historical_csv
2020-07-16,Apple,120.0,Kg,historical_csv
2020-07-23,Apple,120.0,Kg,historical_csv
2020-07-30,Apple,120.0,Kg,historical_csv
2020-08-06,Apple,225.0,Kg,historical_csv
2020-08-13,Apple,222.86,Kg,historical_csv
2020-08-20,Apple,222.86,Kg,historical_csv
2020-08-27,Apple,219.64,Kg,historical_csv
2020-09-03,Apple,221.79,Kg,historical_csv
2020-09-10,Apple,220.0,Kg,historical_csv
2020-09-17,Apple,220.0,Kg,historical_csv
2020-09-24,Apple,220.0,Kg,historical_csv
2020-10-01,Apple,220.0,Kg,historical_csv
2020-10-08,Apple,220.0,Kg,historical_csv
2020-10-15,Apple,220.0,Kg,historical_csv
2020-10-22,Apple,232.92,Kg,historical_csv
2020-10-29,Apple,282.92,Kg,historical_csv
2020-11-05,Apple,262.86,Kg,historical_csv
2020-11-12,Apple,267.86,Kg,historical_csv
2020-11-19,Apple,269.23,Kg,historical_csv
2020-11-26,Apple,290.0,Kg,historical_csv
2020-12-03,Apple,243.85,Kg,historical_csv
2020-12-10,Apple,276.5,Kg,historical_csv
2020-12-17,Apple,264.55,Kg,historical_csv
2020-12-24,Apple,257.5,Kg,historical_csv
2020-12-31,Apple,257.5,Kg,historical_csv
2021-01-07,Apple,253.57,Kg,historical_csv
2021-01-14,Apple,242.5,Kg,historical_csv
2021-01-21,Apple,243.93,Kg,historical_csv
2021-01-28,Apple,247.5,Kg,historical_csv
2021-02-04,Apple,244.29,Kg,historical_csv
2021-02-11,Apple,236.43,Kg,historical_csv
2021-02-18,Apple,232.5,Kg,historical_csv
2021-02-25,Apple,229.29,Kg,historical_csv
2021-03-04,Apple,225.0,Kg,historical_csv
2021-03-11,Apple,223.93,Kg,historical_csv
2021-03-18,Apple,222.5,Kg,historical_csv
2021-03-25,Apple,222.5,Kg,historical_csv
2021-04-01,Apple,225.83,Kg,historical_csv
2021-04-22,Apple,226.82,Kg,historical_csv
2021-04-29,Apple,237.31,Kg,historical_csv
2021-05-06,Apple,277.5,Kg,historical_csv
2021-05-13,Apple,270.71,Kg,historical_csv
2025-04-03,Apple,232.5,Kg,historical_csv
2025-04-10,Apple,231.43,Kg,historical_csv
2025-04-17,Apple,232.31,Kg,historical_csv
2025-05-15,Apple,181.04,1 Kg,synthetic
2025-07-17,Apple,169.37,1 Kg,synthetic
2025-07-24,Apple,171.68,1 Kg,synthetic
2025-07-31,Apple,177.81,1 Kg,synthetic
2025-10-16,Apple,164.77,1 Kg,synthetic
2025-10-23,Apple,166.95,1 Kg,synthetic
2025-10-30,Apple,169.97,1 Kg,synthetic
2025-11-06,Apple,172.56,1 Kg,synthetic
2025-11-13,Apple,169.16,1 Kg,synthetic
2025-11-20,Apple,174.55,1 Kg,synthetic
2025-11-27,Apple,176.78,1 Kg,synthetic
2025-12-11,Apple,185.11,1 Kg,synthetic
2025-12-18,Apple,181.65,1 Kg,synthetic
2026-01-01,Apple,171.18,1 Kg,synthetic
2026-01-08,Apple,181.62,1 Kg,synthetic
2026-01-15,Apple,178.07,1 Kg,synthetic
2026-01-22,Apple,176.62,1 Kg,synthetic
2026-01-29,Apple,183.06,1 Kg,synthetic
2026-02-12,Apple,185.15,1 Kg,synthetic
2026-02-19,Apple,184.66,1 Kg,synthetic
2026-02-26,Apple,175.8,1 Kg,synthetic
2026-03-05,Apple,178.45,1 Kg,synthetic
2026-03-26,Apple,181.66,1 Kg,synthetic
2026-04-02,Apple,184.88,1 Kg,synthetic
2026-04-09,Apple,177.6,1 Kg,synthetic
2026-04-16,Apple,179.07,1 Kg,synthetic
2026-04-23,Apple,174.47,1 Kg,synthetic
2026-04-30,Apple,174.02,1 Kg,synthetic
2026-05-07,Apple,184.06,1 Kg,synthetic
2026-05-14,Apple,186.78,1 Kg,synthetic
2026-05-21,Apple,179.64,1 Kg,synthetic
2026-06-04,Apple,185.02,1 Kg,synthetic
2026-06-11,Apple,181.8,1 Kg,synthetic
2026-06-18,Apple,176.76,1 Kg,synthetic
2026-07-02,Apple,181.67,1 Kg,synthetic
2026-07-09,Apple,187.36,1 Kg,synthetic
2013-06-20,Banana,75.0,Doz,historical_csv
2013-08-01,Banana,55.0,Doz,historical_csv
2013-08-08,Banana,55.0,Doz,historical_csv
2013-08-15,Banana,51.67,Doz,historical_csv
2013-08-22,Banana,57.5,Doz,historical_csv
2013-08-29,Banana,55.0,Doz,historical_csv
2013-09-05,Banana,58.33,Doz,historical_csv
2013-09-12,Banana,56.67,Doz,historical_csv
2013-09-19,Banana,55.0,Doz,historical_csv
2013-09-26,Banana,53.33,Doz,historical_csv
2013-10-03,Banana,47.5,Doz,historical_csv
2013-10-10,Banana,51.67,Doz,historical_csv
2013-10-17,Banana,57.86,Doz,historical_csv
2013-10-24,Banana,55.0,Doz,historical_csv
2013-10-31,Banana,55.0,Doz,historical_csv
2013-11-07,Banana,55.42,Doz,historical_csv
2013-11-14,Banana,55.0,Doz,historical_csv
2013-11-21,Banana,58.33,Doz,historical_csv
2013-11-28,Banana,51.67,Doz,historical_csv
2013-12-05,Banana,48.33,Doz,historical_csv
2013-12-12,Banana,45.0,Doz,historical_csv
2013-12-19,Banana,44.5,Doz,historical_csv
2013-12-26,Banana,45.0,Doz,historical_csv
2014-01-02,Banana,45.0,Doz,historical_csv
2014-01-09,Banana,44.58,Doz,historical_csv
2014-01-16,Banana,45.0,Doz,historical_csv
2014-01-23,Banana,45.42,Doz,historical_csv
2014-01-30,Banana,46.5,Doz,historical_csv
2014-02-06,Banana,45.0,Doz,historical_csv
2014-02-13,Banana,49.29,Doz,historical_csv
2014-02-20,Banana,45.0,Doz,historical_csv
2014-02-27,Banana,47.0,Doz,historical_csv
2014-03-06,Banana,48.75,Doz,historical_csv
2014-03-13,Banana,49.17,Doz,historical_csv
2014-03-20,Banana,47.5,Doz,historical_csv
2014-03-27,Banana,57.5,Doz,historical_csv
2014-04-03,Banana,59.5,Doz,historical_csv
2014-04-10,Banana,61.0,Doz,historical_csv
2014-04-17,Banana,65.0,Doz,historical_csv
2014-04-24,Banana,79.0,Doz,historical_csv
2014-05-01,Banana,91.0,Doz,historical_csv
2014-05-08,Banana,93.33,Doz,historical_csv
2014-05-15,Banana,85.0,Doz,historical_csv
2014-05-22,Banana,110.0,Doz,historical_csv
2014-05-29,Banana,105.0,Doz,historical_csv
2014-06-05,Banana,87.5,Doz,historical_csv
2014-06-12,Banana,86.67,Doz,historical_csv
2014-06-19,Banana,80.0,Doz,historical_csv
2014-06-26,Banana,83.0,Doz,historical_csv
2014-07-03,Banana,85.0,Doz,historical_csv
2014-07-10,Banana,85.0,Doz,historical_csv
2014-07-17,Banana,85.0,Doz,historical_csv
2014-07-24,Banana,85.0,Doz,historical_csv
2014-07-31,Banana,83.57,Doz,historical_csv
2014-08-07,Banana,69.29,Doz,historical_csv
2014-08-14,Banana,65.0,Doz,historical_csv
2014-08-21,Banana,65.0,Doz,historical_csv
2014-08-28,Banana,59.64,Doz,historical_csv
2014-09-04,Banana,54.58,Doz,historical_csv
2014-09-11,Banana,48.93,Doz,historical_csv
2014-09-18,Banana,49.29,Doz,historical_csv
2014-09-25,Banana,49.17,Doz,historical_csv
2014-10-02,Banana,53.12,Doz,historical_csv
2014-10-09,Banana,52.5,Doz,historical_csv
2014-10-16,Banana,53.33,Doz,historical_csv
2014-10-23,Banana,54.58,Doz,historical_csv
2014-10-30,Banana,60.0,Doz,historical_csv
2014-11-06,Banana,59.64,Doz,historical_csv
2014-11-13,Banana,56.79,Doz,historical_csv
2014-11-20,Banana,55.36,Doz,historical_csv
2014-11-27,Banana,54.64,Doz,historical_csv
2014-12-04,Banana,53.21,Doz,historical_csv
2014-12-11,Banana,58.21,Doz,historical_csv
2014-12-18,Banana,58.93,Doz,historical_csv
2014-12-25,Banana,57.5,Doz,historical_csv
2015-01-01,Banana,56.07,Doz,historical_csv
2015-01-08,Banana,53.14,Doz,historical_csv
2015-01-15,Banana,53.0,Doz,historical_csv
2015-01-22,Banana,56.71,Doz,historical_csv
2015-01-29,Banana,61.67,Doz,historical_csv
2015-02-05,Banana,55.25,Doz,historical_csv
2015-02-12,Banana,52.5,Doz,historical_csv
2015-02-19,Banana,52.92,Doz,historical_csv
2015-02-26,Banana,64.17,Doz,historical_csv
2015-03-05,Banana,73.12,Doz,historical_csv
2015-03-12,Banana,75.0,Doz,historical_csv
2015-03-19,Banana,68.33,Doz,historical_csv
2015-03-26,Banana,65.0,Doz,historical_csv
2015-04-02,Banana,63.21,Doz,historical_csv
2015-04-09,Banana,66.25,Doz,historical_csv
2015-04-16,Banana,65.0,Doz,historical_csv
2015-04-23,Banana,74.64,Doz,historical_csv
2015-04-30,Banana,82.14,Doz,historical_csv
2015-05-07,Banana,96.43,Doz,historical_csv
2015-05-14,Banana,88.75,Doz,historical_csv
2015-05-21,Banana,96.43,Doz,historical_csv
2015-05-28,Banana,87.86,Doz,historical_csv
2015-06-04,Banana,85.0,Doz,historical_csv
2015-06-11,Banana,76.79,Doz,historical_csv
2015-06-18,Banana,83.93,Doz,historical_csv
2015-06-25,Banana,76.82,Doz,historical_csv
2015-07-02,Banana,64.62,Doz,historical_csv
2015-07-09,Banana,64.09,Doz,historical_csv
2015-07-16,Banana,64.23,Doz,historical_csv
2015-07-23,Banana,66.54,Doz,historical_csv
2015-07-30,Banana,66.67,Doz,historical_csv
2015-08-06,Banana,70.71,Doz,historical_csv
2015-08-13,Banana,70.71,Doz,historical_csv
2015-08-20,Banana,69.29,Doz,historical_csv
2015-08-27,Banana,64.29,Doz,historical_csv
2015-09-03,Banana,63.93,Doz,historical_csv
2015-09-10,Banana,64.64,Doz,historical_csv
2015-09-17,Banana,67.14,Doz,historical_csv
2015-09-24,Banana,61.43,Doz,historical_csv
2015-10-01,Banana,63.57,Doz,historical_csv
2015-10-08,Banana,66.07,Doz,historical_csv
2015-10-15,Banana,65.0,Doz,historical_csv
2015-10-22,Banana,60.71,Doz,historical_csv
2015-10-29,Banana,67.86,Doz,historical_csv
2015-11-05,Banana,65.0,Doz,historical_csv
2015-11-12,Banana,96.43,Doz,historical_csv
2015-11-19,Banana,81.79,Doz,historical_csv
2015-11-26,Banana,77.86,Doz,historical_csv
2015-12-03,Banana,79.29,Doz,historical_csv
2015-12-10,Banana,77.86,Doz,historical_csv
2015-12-17,Banana,75.71,Doz,historical_csv
2015-12-24,Banana,75.0,Doz,historical_csv
2015-12-31,Banana,75.0,Doz,historical_csv
2016-01-07,Banana,73.57,Doz,historical_csv
2016-01-14,Banana,69.29,Doz,historical_csv
2016-01-21,Banana,67.5,Doz,historical_csv
2016-01-28,Banana,75.0,Doz,historical_csv
2016-02-04,Banana,72.14,Doz,historical_csv
2016-02-11,Banana,69.29,Doz,historical_csv
2016-02-18,Banana,65.0,Doz,historical_csv
2016-02-25,Banana,65.36,Doz,historical_csv
2016-03-03,Banana,72.92,Doz,historical_csv
2016-03-10,Banana,75.0,Doz,historical_csv
2016-03-17,Banana,75.83,Doz,historical_csv
2016-03-24,Banana,75.0,Doz,historical_csv
2016-03-31,Banana,76.43,Doz,historical_csv
2016-04-07,Banana,89.29,Doz,historical_csv
2016-04-14,Banana,89.29,Doz,historical_csv
2016-04-21,Banana,100.71,Doz,historical_csv
2016-04-28,Banana,97.86,Doz,historical_csv
2016-05-05,Banana,99.29,Doz,historical_csv
2016-05-12,Banana,95.0,Doz,historical_csv
2016-05-19,Banana,95.0,Doz,historical_csv
2016-05-26,Banana,95.0,Doz,historical_csv
2016-06-02,Banana,97.86,Doz,historical_csv
2016-06-09,Banana,86.43,Doz,historical_csv
2016-06-16,Banana,75.0,Doz,historical_csv
2016-06-23,Banana,77.14,Doz,historical_csv
2016-06-30,Banana,87.86,Doz,historical_csv
2016-07-07,Banana,133.57,Doz,historical_csv
2016-07-14,Banana,133.57,Doz,historical_csv
2016-07-21,Banana,89.29,Doz,historical_csv
2016-07-28,Banana,85.0,Doz,historical_csv
2016-08-04,Banana,74.64,Doz,historical_csv
2016-08-11,Banana,79.29,Doz,historical_csv
2016-08-18,Banana,82.14,Doz,historical_csv
2016-08-25,Banana,72.14,Doz,historical_csv
2016-09-01,Banana,75.0,Doz,historical_csv
2016-09-08,Banana,83.57,Doz,historical_csv
2016-09-15,Banana,73.57,Doz,historical_csv
2016-09-22,Banana,75.0,Doz,historical_csv
2016-09-29,Banana,66.43,Doz,historical_csv
2016-10-06,Banana,65.0,Doz,historical_csv
2016-10-13,Banana,70.71,Doz,historical_csv
2016-10-20,Banana,65.0,Doz,historical_csv
2016-10-27,Banana,67.86,Doz,historical_csv
2016-11-03,Banana,80.71,Doz,historical_csv
2016-11-10,Banana,67.86,Doz,historical_csv
2016-11-17,Banana,75.0,Doz,historical_csv
2016-11-24,Banana,75.0,Doz,historical_csv
2016-12-01,Banana,75.0,Doz,historical_csv
2016-12-08,Banana,75.0,Doz,historical_csv
2016-12-15,Banana,75.0,Doz,historical_csv
2016-12-22,Banana,75.0,Doz,historical_csv
2016-12-29,Banana,75.0,Doz,historical_csv
2017-01-05,Banana,75.0,Doz,historical_csv
2017-01-12,Banana,75.0,Doz,historical_csv
2017-01-19,Banana,76.43,Doz,historical_csv
2017-01-26,Banana,75.0,Doz,historical_csv
2017-02-02,Banana,75.0,Doz,historical_csv
2017-02-09,Banana,75.0,Doz,historical_csv
2017-02-16,Banana,75.0,Doz,historical_csv
2017-02-23,Banana,75.0,Doz,historical_csv
2017-03-02,Banana,75.0,Doz,historical_csv
2017-03-09,Banana,75.0,Doz,historical_csv
2017-03-16,Banana,86.67,Doz,historical_csv
2017-03-23,Banana,85.0,Doz,historical_csv
2017-03-30,Banana,85.0,Doz,historical_csv
2017-04-06,Banana,85.0,Doz,historical_csv
2017-04-13,Banana,83.57,Doz,historical_csv
2017-04-20,Banana,85.0,Doz,historical_csv
2017-04-27,Banana,89.29,Doz,historical_csv
2017-05-04,Banana,95.0,Doz,historical_csv
2017-05-11,Banana,95.0,Doz,historical_csv
2017-05-18,Banana,91.67,Doz,historical_csv
2017-05-25,Banana,75.0,Doz,historical_csv
2017-06-01,Banana,75.0,Doz,historical_csv
2017-06-08,Banana,82.14,Doz,historical_csv
2017-06-15,Banana,85.0,Doz,historical_csv
2017-06-22,Banana,92.14,Doz,historical_csv
2017-06-29,Banana,95.0,Doz,historical_csv
2017-07-06,Banana,86.43,Doz,historical_csv
2017-07-13,Banana,79.29,Doz,historical_csv
2017-07-20,Banana,76.43,Doz,historical_csv
2017-07-27,Banana,80.71,Doz,historical_csv
2017-08-03,Banana,95.0,Doz,historical_csv
2017-08-10,Banana,86.43,Doz,historical_csv
2017-08-17,Banana,79.29,Doz,historical_csv
2017-08-24,Banana,77.86,Doz,historical_csv
2017-08-31,Banana,72.14,Doz,historical_csv
2017-09-07,Banana,72.14,Doz,historical_csv
2017-09-14,Banana,66.43,Doz,historical_csv
2017-09-21,Banana,61.67,Doz,historical_csv
2017-09-28,Banana,65.0,Doz,historical_csv
2017-10-05,Banana,62.14,Doz,historical_csv
2017-10-12,Banana,53.57,Doz,historical_csv
2017-10-19,Banana,49.29,Doz,historical_csv
2017-10-26,Banana,67.86,Doz,historical_csv
2017-11-02,Banana,54.29,Doz,historical_csv
2017-11-09,Banana,54.64,Doz,historical_csv
2017-11-16,Banana,53.93,Doz,historical_csv
2017-11-23,Banana,53.21,Doz,historical_csv
2017-11-30,Banana,52.5,Doz,historical_csv
2017-12-07,Banana,59.58,Doz,historical_csv
2017-12-14,Banana,53.21,Doz,historical_csv
2017-12-21,Banana,52.5,Doz,historical_csv
2017-12-28,Banana,42.5,Doz,historical_csv
2018-01-04,Banana,42.5,Doz,historical_csv
2018-01-11,Banana,50.36,Doz,historical_csv
2018-01-18,Banana,65.0,Doz,historical_csv
2018-01-25,Banana,65.0,Doz,historical_csv
2018-02-01,Banana,65.0,Doz,historical_csv
2018-02-08,Banana,65.0,Doz,historical_csv
2018-02-15,Banana,65.0,Doz,historical_csv
2018-02-22,Banana,70.71,Doz,historical_csv
2018-03-01,Banana,75.36,Doz,historical_csv
2018-03-08,Banana,80.0,Doz,historical_csv
2018-03-15,Banana,146.43,Doz,historical_csv
2018-03-22,Banana,95.0,Doz,historical_csv
2018-03-29,Banana,95.0,Doz,historical_csv
2018-04-05,Banana,95.0,Doz,historical_csv
2018-04-12,Banana,95.0,Doz,historical_csv
2018-04-19,Banana,100.71,Doz,historical_csv
2018-04-26,Banana,90.71,Doz,historical_csv
2018-05-03,Banana,96.43,Doz,historical_csv
2018-05-10,Banana,95.0,Doz,historical_csv
2018-05-17,Banana,95.0,Doz,historical_csv
2018-05-24,Banana,95.0,Doz,historical_csv
2018-05-31,Banana,102.14,Doz,historical_csv
2018-06-07,Banana,97.86,Doz,historical_csv
2018-06-14,Banana,99.29,Doz,historical_csv
2018-06-21,Banana,95.0,Doz,historical_csv
2018-06-28,Banana,95.0,Doz,historical_csv
2018-07-05,Banana,95.0,Doz,historical_csv
2018-07-12,Banana,95.0,Doz,historical_csv
2018-07-19,Banana,92.14,Doz,historical_csv
2018-07-26,Banana,86.43,Doz,historical_csv
2018-08-02,Banana,76.43,Doz,historical_csv
2018-08-09,Banana,75.0,Doz,historical_csv
2018-08-16,Banana,75.0,Doz,historical_csv
2018-08-23,Banana,75.0,Doz,historical_csv
2018-08-30,Banana,72.86,Doz,historical_csv
2018-09-06,Banana,72.14,Doz,historical_csv
2018-09-13,Banana,67.86,Doz,historical_csv
2018-09-20,Banana,69.29,Doz,historical_csv
2018-09-27,Banana,72.14,Doz,historical_csv
2018-10-04,Banana,66.07,Doz,historical_csv
2018-10-11,Banana,65.0,Doz,historical_csv
2018-10-18,Banana,77.86,Doz,historical_csv
2018-10-25,Banana,80.71,Doz,historical_csv
2018-11-01,Banana,85.0,Doz,historical_csv
2018-11-08,Banana,85.0,Doz,historical_csv
2018-11-15,Banana,93.57,Doz,historical_csv
2018-11-22,Banana,97.86,Doz,historical_csv
2018-11-29,Banana,97.86,Doz,historical_csv
2018-12-06,Banana,83.57,Doz,historical_csv
2018-12-13,Banana,85.0,Doz,historical_csv
2018-12-20,Banana,95.0,Doz,historical_csv
2018-12-27,Banana,87.86,Doz,historical_csv
2019-01-03,Banana,75.0,Doz,historical_csv
2019-01-10,Banana,75.0,Doz,historical_csv
2019-01-17,Banana,75.0,Doz,historical_csv
2019-01-24,Banana,76.43,Doz,historical_csv
2019-01-31,Banana,85.0,Doz,historical_csv
2019-02-07,Banana,85.0,Doz,historical_csv
2019-02-14,Banana,79.29,Doz,historical_csv
2019-02-21,Banana,85.0,Doz,historical_csv
2019-02-28,Banana,85.0,Doz,historical_csv
2019-03-07,Banana,85.0,Doz,historical_csv
2019-03-14,Banana,85.0,Doz,historical_csv
2019-03-21,Banana,85.0,Doz,historical_csv
2019-03-28,Banana,85.0,Doz,historical_csv
2019-04-04,Banana,85.0,Doz,historical_csv
2019-04-11,Banana,92.14,Doz,historical_csv
2019-04-18,Banana,95.0,Doz,historical_csv
2019-04-25,Banana,95.0,Doz,historical_csv
2019-05-02,Banana,99.29,Doz,historical_csv
2019-05-09,Banana,100.71,Doz,historical_csv
2019-05-16,Banana,95.0,Doz,historical_csv
2019-05-23,Banana,95.0,Doz,historical_csv
2019-05-30,Banana,95.0,Doz,historical_csv
2019-06-06,Banana,95.0,Doz,historical_csv
2019-06-13,Banana,95.0,Doz,historical_csv
2019-06-20,Banana,97.86,Doz,historical_csv
2019-06-27,Banana,95.0,Doz,historical_csv
2019-07-04,Banana,95.0,Doz,historical_csv
2019-07-11,Banana,95.0,Doz,historical_csv
2019-07-18,Banana,95.0,Doz,historical_csv
2019-07-25,Banana,95.0,Doz,historical_csv
2019-08-01,Banana,95.0,Doz,historical_csv
2019-08-08,Banana,95.0,Doz,historical_csv
2019-08-15,Banana,95.0,Doz,historical_csv
2019-08-22,Banana,95.0,Doz,historical_csv
2019-08-29,Banana,95.0,Doz,historical_csv
2019-09-05,Banana,99.29,Doz,historical_csv
2019-09-12,Banana,95.0,Doz,historical_csv
2019-09-19,Banana,93.57,Doz,historical_csv
2019-09-26,Banana,86.43,Doz,historical_csv
2019-10-03,Banana,85.0,Doz,historical_csv
2019-10-10,Banana,87.86,Doz,historical_csv
2019-10-17,Banana,86.43,Doz,historical_csv
2019-10-24,Banana,86.43,Doz,historical_csv
2019-10-31,Banana,93.57,Doz,historical_csv
2019-11-07,Banana,86.43,Doz,historical_csv
2019-11-14,Banana,85.0,Doz,historical_csv
2019-11-21,Banana,85.0,Doz,historical_csv
2019-11-28,Banana,85.0,Doz,historical_csv
2019-12-05,Banana,85.0,Doz,historical_csv
2019-12-12,Banana,85.0,Doz,historical_csv
2019-12-19,Banana,85.0,Doz,historical_csv
2019-12-26,Banana,85.0,Doz,historical_csv
2020-01-02,Banana,85.0,Doz,historical_csv
2020-01-09,Banana,85.0,Doz,historical_csv
2020-01-16,Banana,85.0,Doz,historical_csv
2020-01-23,Banana,77.86,Doz,historical_csv
2020-01-30,Banana,75.0,Doz,historical_csv
2020-02-06,Banana,75.0,Doz,historical_csv
2020-02-13,Banana,75.0,Doz,historical_csv
2020-02-20,Banana,85.0,Doz,historical_csv
2020-02-27,Banana,85.0,Doz,historical_csv
2020-03-05,Banana,90.0,Doz,historical_csv
2020-03-12,Banana,85.0,Doz,historical_csv
2020-03-19,Banana,85.0,Doz,historical_csv
2020-03-26,Banana,88.33,Doz,historical_csv
2020-04-02,Banana,86.43,Doz,historical_csv
2020-04-09,Banana,88.33,Doz,historical_csv
2020-04-16,Banana,95.0,Doz,historical_csv
2020-04-23,Banana,95.0,Doz,historical_csv
2020-04-30,Banana,89.29,Doz,historical_csv
2020-05-07,Banana,85.0,Doz,historical_csv
2020-05-14,Banana,83.57,Doz,historical_csv
2020-05-21,Banana,75.0,Doz,historical_csv
2020-05-28,Banana,75.0,Doz,historical_csv
2020-06-04,Banana,75.0,Doz,historical_csv
2020-06-11,Banana,75.0,Doz,historical_csv
2020-06-18,Banana,80.71,Doz,historical_csv
2020-06-25,Banana,85.0,Doz,historical_csv
2020-07-02,Banana,76.43,Doz,historical_csv
2020-07-09,Banana,75.0,Doz,historical_csv
2020-07-16,Banana,75.0,Doz,historical_csv
2020-07-23,Banana,75.0,Doz,historical_csv
2020-07-30,Banana,75.0,Doz,historical_csv
2020-08-06,Banana,85.0,Doz,historical_csv
2020-08-13,Banana,87.86,Doz,historical_csv
2020-08-20,Banana,87.86,Doz,historical_csv
2020-08-27,Banana,95.0,Doz,historical_csv
2020-09-03,Banana,76.43,Doz,historical_csv
2020-09-10,Banana,85.0,Doz,historical_csv
2020-09-17,Banana,83.57,Doz,historical_csv
2020-09-24,Banana,85.0,Doz,historical_csv
2020-10-01,Banana,85.0,Doz,historical_csv
2020-10-08,Banana,81.67,Doz,historical_csv
2020-10-15,Banana,85.0,Doz,historical_csv
2020-10-22,Banana,74.64,Doz,historical_csv
2020-10-29,Banana,80.71,Doz,historical_csv
2020-11-05,Banana,76.43,Doz,historical_csv
2020-11-12,Banana,79.29,Doz,historical_csv
2020-11-19,Banana,112.14,Doz,historical_csv
2020-11-26,Banana,112.14,Doz,historical_csv
2020-12-03,Banana,106.43,Doz,historical_csv
2020-12-10,Banana,102.14,Doz,historical_csv
2020-12-17,Banana,93.57,Doz,historical_csv
2020-12-24,Banana,95.0,Doz,historical_csv
2020-12-31,Banana,95.0,Doz,historical_csv
2021-01-07,Banana,95.0,Doz,historical_csv
2021-01-14,Banana,96.43,Doz,historical_csv
2021-01-21,Banana,95.0,Doz,historical_csv
2021-01-28,Banana,95.0,Doz,historical_csv
2021-02-04,Banana,100.71,Doz,historical_csv
2021-02-11,Banana,95.0,Doz,historical_csv
2021-02-18,Banana,99.29,Doz,historical_csv
2021-02-25,Banana,103.57,Doz,historical_csv
2021-03-04,Banana,101.67,Doz,historical_csv
2021-03-11,Banana,90.71,Doz,historical_csv
2021-03-18,Banana,105.0,Doz,historical_csv
2021-03-25,Banana,102.14,Doz,historical_csv
2021-04-01,Banana,98.33,Doz,historical_csv
2021-04-22,Banana,115.0,Doz,historical_csv
2021-04-29,Banana,115.0,Doz,historical_csv
2021-05-06,Banana,107.86,Doz,historical_csv
2021-05-13,Banana,100.71,Doz,historical_csv
2025-04-03,Banana,110.0,Doz,historical_csv
2025-04-10,Banana,114.29,Doz,historical_csv
2025-04-17,Banana,115.0,Doz,historical_csv
2025-05-15,Banana,107.68,1 Kg,synthetic
2025-07-17,Banana,109.29,1 Kg,synthetic
2025-07-24,Banana,108.54,1 Kg,synthetic
2025-07-31,Banana,110.25,1 Kg,synthetic
2025-10-16,Banana,116.85,1 Kg,synthetic
2025-10-23,Banana,104.18,1 Kg,synthetic
2025-10-30,Banana,111.6,1 Kg,synthetic
2025-11-06,Banana,104.27,1 Kg,synthetic
2025-11-13,Banana,107.0,1 Kg,synthetic
2025-11-20,Banana,110.66,1 Kg,synthetic
2025-11-27,Banana,106.23,1 Kg,synthetic
2025-12-11,Banana,99.51,1 Kg,synthetic
2025-12-18,Banana,99.12,1 Kg,synthetic
2026-01-01,Banana,102.04,1 Kg,synthetic
2026-01-08,Banana,98.19,1 Kg,synthetic
2026-01-15,Banana,102.1,1 Kg,synthetic
2026-01-22,Banana,103.11,1 Kg,synthetic
2026-01-29,Banana,102.7,1 Kg,synthetic
2026-02-12,Banana,113.99,1 Kg,synthetic
2026-02-19,Banana,110.44,1 Kg,synthetic
2026-02-26,Banana,103.11,1 Kg,synthetic
2026-03-05,Banana,110.14,1 Kg,synthetic
2026-03-26,Banana,107.98,1 Kg,synthetic
2026-04-02,Banana,112.54,1 Kg,synthetic
2026-04-09,Banana,107.62,1 Kg,synthetic
2026-04-16,Banana,109.65,1 Kg,synthetic
2026-04-23,Banana,111.51,1 Kg,synthetic
2026-04-30,Banana,112.6,1 Kg,synthetic
2026-05-07,Banana,106.4,1 Kg,synthetic
2026-05-14,Banana,109.0,1 Kg,synthetic
2026-05-21,Banana,108.58,1 Kg,synthetic
2026-06-04,Banana,108.04,1 Kg,synthetic
2026-06-11,Banana,115.3,1 Kg,synthetic
2026-06-18,Banana,111.21,1 Kg,synthetic
2026-07-02,Banana,106.22,1 Kg,synthetic
2026-07-09,Banana,112.75,1 Kg,synthetic
2025-05-15,Bell Pepper,320.0,Each,pbs_real
2025-07-17,Bell Pepper,320.0,Each,pbs_real
2025-07-24,Bell Pepper,320.0,Each,pbs_real
2025-07-31,Bell Pepper,320.0,Each,pbs_real
2025-10-16,Bell Pepper,322.86,Each,pbs_real
2025-10-23,Bell Pepper,322.86,Each,pbs_real
2025-10-30,Bell Pepper,322.86,Each,pbs_real
2025-11-06,Bell Pepper,322.86,Each,pbs_real
2025-11-13,Bell Pepper,322.86,Each,pbs_real
2025-11-20,Bell Pepper,322.86,Each,pbs_real
2025-11-27,Bell Pepper,322.86,Each,pbs_real
2025-12-11,Bell Pepper,322.86,Each,pbs_real
2025-12-18,Bell Pepper,331.43,Each,pbs_real
2026-01-01,Bell Pepper,365.71,Each,pbs_real
2026-01-08,Bell Pepper,374.29,Each,pbs_real
2026-01-15,Bell Pepper,374.29,Each,pbs_real
2026-01-22,Bell Pepper,374.29,Each,pbs_real
2026-01-29,Bell Pepper,374.29,Each,pbs_real
2026-02-12,Bell Pepper,380.0,Each,pbs_real
2026-02-19,Bell Pepper,380.0,Each,pbs_real
2026-02-26,Bell Pepper,380.0,Each,pbs_real
2026-03-05,Bell Pepper,380.0,Each,pbs_real
2026-03-26,Bell Pepper,380.0,Each,pbs_real
2026-04-02,Bell Pepper,380.0,Each,pbs_real
2026-04-09,Bell Pepper,380.0,Each,pbs_real
2026-04-16,Bell Pepper,380.0,Each,pbs_real
2026-04-23,Bell Pepper,380.0,Each,pbs_real
2026-04-30,Bell Pepper,380.0,Each,pbs_real
2026-05-07,Bell Pepper,380.0,Each,pbs_real
2026-05-14,Bell Pepper,380.0,Each,pbs_real
2026-05-21,Bell Pepper,380.0,Each,pbs_real
2026-06-04,Bell Pepper,380.0,Each,pbs_real
2026-06-11,Bell Pepper,380.0,Each,pbs_real
2026-06-18,Bell Pepper,380.0,Each,pbs_real
2026-07-02,Bell Pepper,380.0,Each,pbs_real
2026-07-09,Bell Pepper,380.0,Each,pbs_real
2025-05-15,Black Pepper,1412.98,1 Kg,synthetic
2025-07-17,Black Pepper,1438.32,1 Kg,synthetic
2025-07-24,Black Pepper,1397.28,1 Kg,synthetic
2025-07-31,Black Pepper,1410.04,1 Kg,synthetic
2025-10-16,Black Pepper,1416.66,1 Kg,synthetic
2025-10-23,Black Pepper,1388.64,1 Kg,synthetic
2025-10-30,Black Pepper,1402.83,1 Kg,synthetic
2025-11-06,Black Pepper,1394.98,1 Kg,synthetic
2025-11-13,Black Pepper,1392.94,1 Kg,synthetic
2025-11-20,Black Pepper,1365.04,1 Kg,synthetic
2025-11-27,Black Pepper,1376.82,1 Kg,synthetic
2025-12-11,Black Pepper,1368.88,1 Kg,synthetic
2025-12-18,Black Pepper,1383.87,1 Kg,synthetic
2026-01-01,Black Pepper,1363.98,1 Kg,synthetic
2026-01-08,Black Pepper,1396.14,1 Kg,synthetic
2026-01-15,Black Pepper,1329.52,1 Kg,synthetic
2026-01-22,Black Pepper,1379.64,1 Kg,synthetic
2026-01-29,Black Pepper,1372.54,1 Kg,synthetic
2026-02-12,Black Pepper,1440.11,1 Kg,synthetic
2026-02-19,Black Pepper,1371.0,1 Kg,synthetic
2026-02-26,Black Pepper,1374.13,1 Kg,synthetic
2026-03-05,Black Pepper,1382.51,1 Kg,synthetic
2026-03-26,Black Pepper,1346.69,1 Kg,synthetic
2026-04-02,Black Pepper,1386.78,1 Kg,synthetic
2026-04-09,Black Pepper,1380.99,1 Kg,synthetic
2026-04-16,Black Pepper,1403.75,1 Kg,synthetic
2026-04-23,Black Pepper,1408.54,1 Kg,synthetic
2026-04-30,Black Pepper,1446.9,1 Kg,synthetic
2026-05-07,Black Pepper,1423.76,1 Kg,synthetic
2026-05-14,Black Pepper,1385.58,1 Kg,synthetic
2026-05-21,Black Pepper,1377.54,1 Kg,synthetic
2026-06-04,Black Pepper,1412.3,1 Kg,synthetic
2026-06-11,Black Pepper,1366.99,1 Kg,synthetic
2026-06-18,Black Pepper,1445.79,1 Kg,synthetic
2026-07-02,Black Pepper,1429.49,1 Kg,synthetic
2026-07-09,Black Pepper,1388.27,1 Kg,synthetic
2013-06-20,Brinjal,22.42,Kg,historical_csv
2013-08-01,Brinjal,30.0,Kg,historical_csv
2013-08-08,Brinjal,30.42,Kg,historical_csv
2013-08-15,Brinjal,29.38,Kg,historical_csv
2013-08-22,Brinjal,31.69,Kg,historical_csv
2013-08-29,Brinjal,33.25,Kg,historical_csv
2013-09-05,Brinjal,31.67,Kg,historical_csv
2013-09-12,Brinjal,32.92,Kg,historical_csv
2013-09-19,Brinjal,32.5,Kg,historical_csv
2013-09-26,Brinjal,30.0,Kg,historical_csv
2013-10-03,Brinjal,30.96,Kg,historical_csv
2013-10-10,Brinjal,30.0,Kg,historical_csv
2013-10-17,Brinjal,31.67,Kg,historical_csv
2013-10-24,Brinjal,33.3,Kg,historical_csv
2013-10-31,Brinjal,56.04,Kg,historical_csv
2013-11-07,Brinjal,52.08,Kg,historical_csv
2013-11-14,Brinjal,57.5,Kg,historical_csv
2013-11-21,Brinjal,55.21,Kg,historical_csv
2013-11-28,Brinjal,39.17,Kg,historical_csv
2013-12-05,Brinjal,36.5,Kg,historical_csv
2013-12-12,Brinjal,32.62,Kg,historical_csv
2013-12-19,Brinjal,29.2,Kg,historical_csv
2013-12-26,Brinjal,27.3,Kg,historical_csv
2014-01-02,Brinjal,25.45,Kg,historical_csv
2014-01-09,Brinjal,29.58,Kg,historical_csv
2014-01-16,Brinjal,26.8,Kg,historical_csv
2014-01-23,Brinjal,27.92,Kg,historical_csv
2014-01-30,Brinjal,26.05,Kg,historical_csv
2014-02-06,Brinjal,27.85,Kg,historical_csv
2014-02-13,Brinjal,33.0,Kg,historical_csv
2014-02-20,Brinjal,40.6,Kg,historical_csv
2014-02-27,Brinjal,40.9,Kg,historical_csv
2014-03-06,Brinjal,45.06,Kg,historical_csv
2014-03-13,Brinjal,46.42,Kg,historical_csv
2014-03-20,Brinjal,39.2,Kg,historical_csv
2014-03-27,Brinjal,39.79,Kg,historical_csv
2014-04-03,Brinjal,35.35,Kg,historical_csv
2014-04-10,Brinjal,30.95,Kg,historical_csv
2014-04-17,Brinjal,27.35,Kg,historical_csv
2014-04-24,Brinjal,25.8,Kg,historical_csv
2014-05-01,Brinjal,25.25,Kg,historical_csv
2014-05-08,Brinjal,24.21,Kg,historical_csv
2014-05-15,Brinjal,27.5,Kg,historical_csv
2014-05-22,Brinjal,28.92,Kg,historical_csv
2014-05-29,Brinjal,29.2,Kg,historical_csv
2014-06-05,Brinjal,28.0,Kg,historical_csv
2014-06-12,Brinjal,25.67,Kg,historical_csv
2014-06-19,Brinjal,23.25,Kg,historical_csv
2014-06-26,Brinjal,24.55,Kg,historical_csv
2014-07-03,Brinjal,22.38,Kg,historical_csv
2014-07-10,Brinjal,22.57,Kg,historical_csv
2014-07-17,Brinjal,23.07,Kg,historical_csv
2014-07-24,Brinjal,23.0,Kg,historical_csv
2014-07-31,Brinjal,21.71,Kg,historical_csv
2014-08-07,Brinjal,20.71,Kg,historical_csv
2014-08-14,Brinjal,19.25,Kg,historical_csv
2014-08-21,Brinjal,22.93,Kg,historical_csv
2014-08-28,Brinjal,20.86,Kg,historical_csv
2014-09-04,Brinjal,21.08,Kg,historical_csv
2014-09-11,Brinjal,24.57,Kg,historical_csv
2014-09-18,Brinjal,27.71,Kg,historical_csv
2014-09-25,Brinjal,30.25,Kg,historical_csv
2014-10-02,Brinjal,31.88,Kg,historical_csv
2014-10-09,Brinjal,29.5,Kg,historical_csv
2014-10-16,Brinjal,23.55,Kg,historical_csv
2014-10-23,Brinjal,28.79,Kg,historical_csv
2014-10-30,Brinjal,37.0,Kg,historical_csv
2014-11-06,Brinjal,28.57,Kg,historical_csv
2014-11-13,Brinjal,30.36,Kg,historical_csv
2014-11-20,Brinjal,29.64,Kg,historical_csv
2014-11-27,Brinjal,29.79,Kg,historical_csv
2014-12-04,Brinjal,31.07,Kg,historical_csv
2014-12-11,Brinjal,31.29,Kg,historical_csv
2014-12-18,Brinjal,33.57,Kg,historical_csv
2014-12-25,Brinjal,32.5,Kg,historical_csv
2015-01-01,Brinjal,35.32,Kg,historical_csv
2015-01-08,Brinjal,36.43,Kg,historical_csv
2015-01-15,Brinjal,35.58,Kg,historical_csv
2015-01-22,Brinjal,40.21,Kg,historical_csv
2015-01-29,Brinjal,39.08,Kg,historical_csv
2015-02-05,Brinjal,42.71,Kg,historical_csv
2015-02-12,Brinjal,44.29,Kg,historical_csv
2015-02-19,Brinjal,35.83,Kg,historical_csv
2015-02-26,Brinjal,35.0,Kg,historical_csv
2015-03-05,Brinjal,42.5,Kg,historical_csv
2015-03-12,Brinjal,36.6,Kg,historical_csv
2015-03-19,Brinjal,40.64,Kg,historical_csv
2015-03-26,Brinjal,37.14,Kg,historical_csv
2015-04-02,Brinjal,32.18,Kg,historical_csv
2015-04-09,Brinjal,30.83,Kg,historical_csv
2015-04-16,Brinjal,26.96,Kg,historical_csv
2015-04-23,Brinjal,24.11,Kg,historical_csv
2015-04-30,Brinjal,24.64,Kg,historical_csv
2015-05-07,Brinjal,23.93,Kg,historical_csv
2015-05-14,Brinjal,27.17,Kg,historical_csv
2015-05-21,Brinjal,24.64,Kg,historical_csv
2015-05-28,Brinjal,23.43,Kg,historical_csv
2015-06-04,Brinjal,23.36,Kg,historical_csv
2015-06-11,Brinjal,23.54,Kg,historical_csv
2015-06-18,Brinjal,25.21,Kg,historical_csv
2015-06-25,Brinjal,28.75,Kg,historical_csv
2015-07-02,Brinjal,34.1,Kg,historical_csv
2015-07-09,Brinjal,37.68,Kg,historical_csv
2015-07-16,Brinjal,38.63,Kg,historical_csv
2015-07-23,Brinjal,37.85,Kg,historical_csv
2015-07-30,Brinjal,34.5,Kg,historical_csv
2015-08-06,Brinjal,32.07,Kg,historical_csv
2015-08-13,Brinjal,29.46,Kg,historical_csv
2015-08-20,Brinjal,25.86,Kg,historical_csv
2015-08-27,Brinjal,25.57,Kg,historical_csv
2015-09-03,Brinjal,23.18,Kg,historical_csv
2015-09-10,Brinjal,22.86,Kg,historical_csv
2015-09-17,Brinjal,23.11,Kg,historical_csv
2015-09-24,Brinjal,23.93,Kg,historical_csv
2015-10-01,Brinjal,34.93,Kg,historical_csv
2015-10-08,Brinjal,37.39,Kg,historical_csv
2015-10-15,Brinjal,51.43,Kg,historical_csv
2015-10-22,Brinjal,33.21,Kg,historical_csv
2015-10-29,Brinjal,31.96,Kg,historical_csv
2015-11-05,Brinjal,30.68,Kg,historical_csv
2015-11-12,Brinjal,31.21,Kg,historical_csv
2015-11-19,Brinjal,33.57,Kg,historical_csv
2015-11-26,Brinjal,33.5,Kg,historical_csv
2015-12-03,Brinjal,33.0,Kg,historical_csv
2015-12-10,Brinjal,36.07,Kg,historical_csv
2015-12-17,Brinjal,36.75,Kg,historical_csv
2015-12-24,Brinjal,45.71,Kg,historical_csv
2015-12-31,Brinjal,43.57,Kg,historical_csv
2016-01-07,Brinjal,43.75,Kg,historical_csv
2016-01-14,Brinjal,40.75,Kg,historical_csv
2016-01-21,Brinjal,35.54,Kg,historical_csv
2016-01-28,Brinjal,34.29,Kg,historical_csv
2016-02-04,Brinjal,36.89,Kg,historical_csv
2016-02-11,Brinjal,37.14,Kg,historical_csv
2016-02-18,Brinjal,38.57,Kg,historical_csv
2016-02-25,Brinjal,38.29,Kg,historical_csv
2016-03-03,Brinjal,37.0,Kg,historical_csv
2016-03-10,Brinjal,40.64,Kg,historical_csv
2016-03-17,Brinjal,42.21,Kg,historical_csv
2016-03-24,Brinjal,35.89,Kg,historical_csv
2016-03-31,Brinjal,35.18,Kg,historical_csv
2016-04-07,Brinjal,33.79,Kg,historical_csv
2016-04-14,Brinjal,35.79,Kg,historical_csv
2016-04-21,Brinjal,36.07,Kg,historical_csv
2016-04-28,Brinjal,46.79,Kg,historical_csv
2016-05-05,Brinjal,52.68,Kg,historical_csv
2016-05-12,Brinjal,48.93,Kg,historical_csv
2016-05-19,Brinjal,39.11,Kg,historical_csv
2016-05-26,Brinjal,36.61,Kg,historical_csv
2016-06-02,Brinjal,34.11,Kg,historical_csv
2016-06-09,Brinjal,33.04,Kg,historical_csv
2016-06-16,Brinjal,24.18,Kg,historical_csv
2016-06-23,Brinjal,21.07,Kg,historical_csv
2016-06-30,Brinjal,21.79,Kg,historical_csv
2016-07-07,Brinjal,23.86,Kg,historical_csv
2016-07-14,Brinjal,31.79,Kg,historical_csv
2016-07-21,Brinjal,36.07,Kg,historical_csv
2016-07-28,Brinjal,46.71,Kg,historical_csv
2016-08-04,Brinjal,46.79,Kg,historical_csv
2016-08-11,Brinjal,51.61,Kg,historical_csv
2016-08-18,Brinjal,37.5,Kg,historical_csv
2016-08-25,Brinjal,28.46,Kg,historical_csv
2016-09-01,Brinjal,24.29,Kg,historical_csv
2016-09-08,Brinjal,25.46,Kg,historical_csv
2016-09-15,Brinjal,29.07,Kg,historical_csv
2016-09-22,Brinjal,45.21,Kg,historical_csv
2016-09-29,Brinjal,50.36,Kg,historical_csv
2016-10-06,Brinjal,51.07,Kg,historical_csv
2016-10-13,Brinjal,47.5,Kg,historical_csv
2016-10-20,Brinjal,40.75,Kg,historical_csv
2016-10-27,Brinjal,44.11,Kg,historical_csv
2016-11-03,Brinjal,42.5,Kg,historical_csv
2016-11-10,Brinjal,40.71,Kg,historical_csv
2016-11-17,Brinjal,36.89,Kg,historical_csv
2016-11-24,Brinjal,36.07,Kg,historical_csv
2016-12-01,Brinjal,34.46,Kg,historical_csv
2016-12-08,Brinjal,33.93,Kg,historical_csv
2016-12-15,Brinjal,33.04,Kg,historical_csv
2016-12-22,Brinjal,33.32,Kg,historical_csv
2016-12-29,Brinjal,33.21,Kg,historical_csv
2017-01-05,Brinjal,32.71,Kg,historical_csv
2017-01-12,Brinjal,32.32,Kg,historical_csv
2017-01-19,Brinjal,33.93,Kg,historical_csv
2017-01-26,Brinjal,40.71,Kg,historical_csv
2017-02-02,Brinjal,36.18,Kg,historical_csv
2017-02-09,Brinjal,33.04,Kg,historical_csv
2017-02-16,Brinjal,32.5,Kg,historical_csv
2017-02-23,Brinjal,32.5,Kg,historical_csv
2017-03-02,Brinjal,32.5,Kg,historical_csv
2017-03-09,Brinjal,31.58,Kg,historical_csv
2017-03-16,Brinjal,32.5,Kg,historical_csv
2017-03-23,Brinjal,32.5,Kg,historical_csv
2017-03-30,Brinjal,27.0,Kg,historical_csv
2017-04-06,Brinjal,22.0,Kg,historical_csv
2017-04-13,Brinjal,27.79,Kg,historical_csv
2017-04-20,Brinjal,30.0,Kg,historical_csv
2017-04-27,Brinjal,25.36,Kg,historical_csv
2017-05-04,Brinjal,28.57,Kg,historical_csv
2017-05-11,Brinjal,32.86,Kg,historical_csv
2017-05-18,Brinjal,35.62,Kg,historical_csv
2017-05-25,Brinjal,25.25,Kg,historical_csv
2017-06-01,Brinjal,27.5,Kg,historical_csv
2017-06-08,Brinjal,27.5,Kg,historical_csv
2017-06-15,Brinjal,28.21,Kg,historical_csv
2017-06-22,Brinjal,28.57,Kg,historical_csv
2017-06-29,Brinjal,27.5,Kg,historical_csv
2017-07-06,Brinjal,27.39,Kg,historical_csv
2017-07-13,Brinjal,27.5,Kg,historical_csv
2017-07-20,Brinjal,30.36,Kg,historical_csv
2017-07-27,Brinjal,32.5,Kg,historical_csv
2017-08-03,Brinjal,29.64,Kg,historical_csv
2017-08-10,Brinjal,27.5,Kg,historical_csv
2017-08-17,Brinjal,29.64,Kg,historical_csv
2017-08-24,Brinjal,37.5,Kg,historical_csv
2017-08-31,Brinjal,37.5,Kg,historical_csv
2017-09-07,Brinjal,39.64,Kg,historical_csv
2017-09-14,Brinjal,43.21,Kg,historical_csv
2017-09-21,Brinjal,44.17,Kg,historical_csv
2017-09-28,Brinjal,38.21,Kg,historical_csv
2017-10-05,Brinjal,37.5,Kg,historical_csv
2017-10-12,Brinjal,45.36,Kg,historical_csv
2017-10-19,Brinjal,51.07,Kg,historical_csv
2017-10-26,Brinjal,68.93,Kg,historical_csv
2017-11-02,Brinjal,58.21,Kg,historical_csv
2017-11-09,Brinjal,63.93,Kg,historical_csv
2017-11-16,Brinjal,61.07,Kg,historical_csv
2017-11-23,Brinjal,41.79,Kg,historical_csv
2017-11-30,Brinjal,44.29,Kg,historical_csv
2017-12-07,Brinjal,37.5,Kg,historical_csv
2017-12-14,Brinjal,36.07,Kg,historical_csv
2017-12-21,Brinjal,35.25,Kg,historical_csv
2017-12-28,Brinjal,27.5,Kg,historical_csv
2018-01-04,Brinjal,29.64,Kg,historical_csv
2018-01-11,Brinjal,29.64,Kg,historical_csv
2018-01-18,Brinjal,42.5,Kg,historical_csv
2018-01-25,Brinjal,53.21,Kg,historical_csv
2018-02-01,Brinjal,53.93,Kg,historical_csv
2018-02-08,Brinjal,52.5,Kg,historical_csv
2018-02-15,Brinjal,51.18,Kg,historical_csv
2018-02-22,Brinjal,49.64,Kg,historical_csv
2018-03-01,Brinjal,46.79,Kg,historical_csv
2018-03-08,Brinjal,46.67,Kg,historical_csv
2018-03-15,Brinjal,78.57,Kg,historical_csv
2018-03-22,Brinjal,49.64,Kg,historical_csv
2018-03-29,Brinjal,41.96,Kg,historical_csv
2018-04-05,Brinjal,39.64,Kg,historical_csv
2018-04-12,Brinjal,38.21,Kg,historical_csv
2018-04-19,Brinjal,37.5,Kg,historical_csv
2018-04-26,Brinjal,41.07,Kg,historical_csv
2018-05-03,Brinjal,42.86,Kg,historical_csv
2018-05-10,Brinjal,41.07,Kg,historical_csv
2018-05-17,Brinjal,40.75,Kg,historical_csv
2018-05-24,Brinjal,37.5,Kg,historical_csv
2018-05-31,Brinjal,37.5,Kg,historical_csv
2018-06-07,Brinjal,40.54,Kg,historical_csv
2018-06-14,Brinjal,37.5,Kg,historical_csv
2018-06-21,Brinjal,38.21,Kg,historical_csv
2018-06-28,Brinjal,43.21,Kg,historical_csv
2018-07-05,Brinjal,38.93,Kg,historical_csv
2018-07-12,Brinjal,39.64,Kg,historical_csv
2018-07-19,Brinjal,38.93,Kg,historical_csv
2018-07-26,Brinjal,40.36,Kg,historical_csv
2018-08-02,Brinjal,36.79,Kg,historical_csv
2018-08-09,Brinjal,42.5,Kg,historical_csv
2018-08-16,Brinjal,49.64,Kg,historical_csv
2018-08-23,Brinjal,55.36,Kg,historical_csv
2018-08-30,Brinjal,42.71,Kg,historical_csv
2018-09-06,Brinjal,43.21,Kg,historical_csv
2018-09-13,Brinjal,43.93,Kg,historical_csv
2018-09-20,Brinjal,43.93,Kg,historical_csv
2018-09-27,Brinjal,42.5,Kg,historical_csv
2018-10-04,Brinjal,41.79,Kg,historical_csv
2018-10-11,Brinjal,39.64,Kg,historical_csv
2018-10-18,Brinjal,31.07,Kg,historical_csv
2018-10-25,Brinjal,27.86,Kg,historical_csv
2018-11-01,Brinjal,30.36,Kg,historical_csv
2018-11-08,Brinjal,30.0,Kg,historical_csv
2018-11-15,Brinjal,27.5,Kg,historical_csv
2018-11-22,Brinjal,22.86,Kg,historical_csv
2018-11-29,Brinjal,22.5,Kg,historical_csv
2018-12-06,Brinjal,26.61,Kg,historical_csv
2018-12-13,Brinjal,31.29,Kg,historical_csv
2018-12-20,Brinjal,37.5,Kg,historical_csv
2018-12-27,Brinjal,38.21,Kg,historical_csv
2019-01-03,Brinjal,37.5,Kg,historical_csv
2019-01-10,Brinjal,40.36,Kg,historical_csv
2019-01-17,Brinjal,37.5,Kg,historical_csv
2019-01-24,Brinjal,37.5,Kg,historical_csv
2019-01-31,Brinjal,34.68,Kg,historical_csv
2019-02-07,Brinjal,28.32,Kg,historical_csv
2019-02-14,Brinjal,28.68,Kg,historical_csv
2019-02-21,Brinjal,29.86,Kg,historical_csv
2019-02-28,Brinjal,35.0,Kg,historical_csv
2019-03-07,Brinjal,35.0,Kg,historical_csv
2019-03-14,Brinjal,37.5,Kg,historical_csv
2019-03-21,Brinjal,36.79,Kg,historical_csv
2019-03-28,Brinjal,31.43,Kg,historical_csv
2019-04-04,Brinjal,33.21,Kg,historical_csv
2019-04-11,Brinjal,30.36,Kg,historical_csv
2019-04-18,Brinjal,34.29,Kg,historical_csv
2019-04-25,Brinjal,45.71,Kg,historical_csv
2019-05-02,Brinjal,54.64,Kg,historical_csv
2019-05-09,Brinjal,53.21,Kg,historical_csv
2019-05-16,Brinjal,51.79,Kg,historical_csv
2019-05-23,Brinjal,48.75,Kg,historical_csv
2019-05-30,Brinjal,41.96,Kg,historical_csv
2019-06-06,Brinjal,45.89,Kg,historical_csv
2019-06-13,Brinjal,47.14,Kg,historical_csv
2019-06-20,Brinjal,44.64,Kg,historical_csv
2019-06-27,Brinjal,37.5,Kg,historical_csv
2019-07-04,Brinjal,44.11,Kg,historical_csv
2019-07-11,Brinjal,47.5,Kg,historical_csv
2019-07-18,Brinjal,61.07,Kg,historical_csv
2019-07-25,Brinjal,76.79,Kg,historical_csv
2019-08-01,Brinjal,73.93,Kg,historical_csv
2019-08-08,Brinjal,61.79,Kg,historical_csv
2019-08-15,Brinjal,44.64,Kg,historical_csv
2019-08-22,Brinjal,28.93,Kg,historical_csv
2019-08-29,Brinjal,32.86,Kg,historical_csv
2019-09-05,Brinjal,33.57,Kg,historical_csv
2019-09-12,Brinjal,40.54,Kg,historical_csv
2019-09-19,Brinjal,52.92,Kg,historical_csv
2019-09-26,Brinjal,75.0,Kg,historical_csv
2019-10-03,Brinjal,80.36,Kg,historical_csv
2019-10-10,Brinjal,88.93,Kg,historical_csv
2019-10-17,Brinjal,72.5,Kg,historical_csv
2019-10-24,Brinjal,59.64,Kg,historical_csv
2019-10-31,Brinjal,57.71,Kg,historical_csv
2019-11-07,Brinjal,52.32,Kg,historical_csv
2019-11-14,Brinjal,52.14,Kg,historical_csv
2019-11-21,Brinjal,43.21,Kg,historical_csv
2019-11-28,Brinjal,37.86,Kg,historical_csv
2019-12-05,Brinjal,38.21,Kg,historical_csv
2019-12-12,Brinjal,44.0,Kg,historical_csv
2019-12-19,Brinjal,45.71,Kg,historical_csv
2019-12-26,Brinjal,43.04,Kg,historical_csv
2020-01-02,Brinjal,52.5,Kg,historical_csv
2020-01-09,Brinjal,69.29,Kg,historical_csv
2020-01-16,Brinjal,55.36,Kg,historical_csv
2020-01-23,Brinjal,57.86,Kg,historical_csv
2020-01-30,Brinjal,52.86,Kg,historical_csv
2020-02-06,Brinjal,51.25,Kg,historical_csv
2020-02-13,Brinjal,56.25,Kg,historical_csv
2020-02-20,Brinjal,48.57,Kg,historical_csv
2020-02-27,Brinjal,52.08,Kg,historical_csv
2020-03-05,Brinjal,83.33,Kg,historical_csv
2020-03-12,Brinjal,62.5,Kg,historical_csv
2020-03-19,Brinjal,65.36,Kg,historical_csv
2020-03-26,Brinjal,54.79,Kg,historical_csv
2020-04-02,Brinjal,38.33,Kg,historical_csv
2020-04-09,Brinjal,26.67,Kg,historical_csv
2020-04-16,Brinjal,27.5,Kg,historical_csv
2020-04-23,Brinjal,27.5,Kg,historical_csv
2020-04-30,Brinjal,27.71,Kg,historical_csv
2020-05-07,Brinjal,27.5,Kg,historical_csv
2020-05-14,Brinjal,36.07,Kg,historical_csv
2020-05-21,Brinjal,42.86,Kg,historical_csv
2020-05-28,Brinjal,41.07,Kg,historical_csv
2020-06-04,Brinjal,32.86,Kg,historical_csv
2020-06-11,Brinjal,30.36,Kg,historical_csv
2020-06-18,Brinjal,23.93,Kg,historical_csv
2020-06-25,Brinjal,24.29,Kg,historical_csv
2020-07-02,Brinjal,28.21,Kg,historical_csv
2020-07-09,Brinjal,45.71,Kg,historical_csv
2020-07-16,Brinjal,49.17,Kg,historical_csv
2020-07-23,Brinjal,57.86,Kg,historical_csv
2020-07-30,Brinjal,71.07,Kg,historical_csv
2020-08-06,Brinjal,62.14,Kg,historical_csv
2020-08-13,Brinjal,56.43,Kg,historical_csv
2020-08-20,Brinjal,55.71,Kg,historical_csv
2020-08-27,Brinjal,52.5,Kg,historical_csv
2020-09-03,Brinjal,48.79,Kg,historical_csv
2020-09-10,Brinjal,42.5,Kg,historical_csv
2020-09-17,Brinjal,44.64,Kg,historical_csv
2020-09-24,Brinjal,52.5,Kg,historical_csv
2020-10-01,Brinjal,72.5,Kg,historical_csv
2020-10-08,Brinjal,99.17,Kg,historical_csv
2020-10-15,Brinjal,84.5,Kg,historical_csv
2020-10-22,Brinjal,61.79,Kg,historical_csv
2020-10-29,Brinjal,47.14,Kg,historical_csv
2020-11-05,Brinjal,31.11,Kg,historical_csv
2020-11-12,Brinjal,37.32,Kg,historical_csv
2020-11-19,Brinjal,47.86,Kg,historical_csv
2020-11-26,Brinjal,48.39,Kg,historical_csv
2020-12-03,Brinjal,47.68,Kg,historical_csv
2020-12-10,Brinjal,45.89,Kg,historical_csv
2020-12-17,Brinjal,40.89,Kg,historical_csv
2020-12-24,Brinjal,38.04,Kg,historical_csv
2020-12-31,Brinjal,43.75,Kg,historical_csv
2021-01-07,Brinjal,50.36,Kg,historical_csv
2021-01-14,Brinjal,36.07,Kg,historical_csv
2021-01-21,Brinjal,35.0,Kg,historical_csv
2021-01-28,Brinjal,41.25,Kg,historical_csv
2021-02-04,Brinjal,50.0,Kg,historical_csv
2021-02-11,Brinjal,55.71,Kg,historical_csv
2021-02-18,Brinjal,54.64,Kg,historical_csv
2021-02-25,Brinjal,47.86,Kg,historical_csv
2021-03-04,Brinjal,52.08,Kg,historical_csv
2021-03-11,Brinjal,57.86,Kg,historical_csv
2021-03-18,Brinjal,64.64,Kg,historical_csv
2021-03-25,Brinjal,38.93,Kg,historical_csv
2021-04-01,Brinjal,30.0,Kg,historical_csv
2021-04-22,Brinjal,31.04,Kg,historical_csv
2021-04-29,Brinjal,30.18,Kg,historical_csv
2021-05-06,Brinjal,24.29,Kg,historical_csv
2021-05-13,Brinjal,26.79,Kg,historical_csv
2025-04-03,Brinjal,35.0,Kg,historical_csv
2025-04-10,Brinjal,36.07,Kg,historical_csv
2025-04-17,Brinjal,30.62,Kg,historical_csv
2026-04-02,Brinjal,33.12,Kg,historical_csv
2013-06-20,Broccoli,75.0,Kg,historical_csv
2013-08-22,Broccoli,145.62,Kg,historical_csv
2013-08-29,Broccoli,97.0,Kg,historical_csv
2013-09-05,Broccoli,115.0,Kg,historical_csv
2013-09-12,Broccoli,145.0,Kg,historical_csv
2013-09-19,Broccoli,145.0,Kg,historical_csv
2013-09-26,Broccoli,145.0,Kg,historical_csv
2013-10-03,Broccoli,145.0,Kg,historical_csv
2013-10-10,Broccoli,146.67,Kg,historical_csv
2013-10-17,Broccoli,160.0,Kg,historical_csv
2013-10-24,Broccoli,93.0,Kg,historical_csv
2013-10-31,Broccoli,85.0,Kg,historical_csv
2013-11-07,Broccoli,83.33,Kg,historical_csv
2013-11-14,Broccoli,79.0,Kg,historical_csv
2013-11-21,Broccoli,72.92,Kg,historical_csv
2013-11-28,Broccoli,47.08,Kg,historical_csv
2013-12-05,Broccoli,36.08,Kg,historical_csv
2013-12-12,Broccoli,37.5,Kg,historical_csv
2013-12-19,Broccoli,37.5,Kg,historical_csv
2013-12-26,Broccoli,33.5,Kg,historical_csv
2014-01-02,Broccoli,40.5,Kg,historical_csv
2014-01-09,Broccoli,43.33,Kg,historical_csv
2014-01-16,Broccoli,43.5,Kg,historical_csv
2014-01-23,Broccoli,41.67,Kg,historical_csv
2014-01-30,Broccoli,30.5,Kg,historical_csv
2014-02-06,Broccoli,27.5,Kg,historical_csv
2014-02-13,Broccoli,29.29,Kg,historical_csv
2014-02-20,Broccoli,43.5,Kg,historical_csv
2014-02-27,Broccoli,42.5,Kg,historical_csv
2014-03-06,Broccoli,45.0,Kg,historical_csv
2014-03-13,Broccoli,49.17,Kg,historical_csv
2014-03-20,Broccoli,48.5,Kg,historical_csv
2014-03-27,Broccoli,39.17,Kg,historical_csv
2014-04-03,Broccoli,41.5,Kg,historical_csv
2014-04-10,Broccoli,35.5,Kg,historical_csv
2014-04-17,Broccoli,41.0,Kg,historical_csv
2014-04-24,Broccoli,61.5,Kg,historical_csv
2014-05-01,Broccoli,58.0,Kg,historical_csv
2014-05-08,Broccoli,75.5,Kg,historical_csv
2014-05-15,Broccoli,91.0,Kg,historical_csv
2014-05-22,Broccoli,81.67,Kg,historical_csv
2014-05-29,Broccoli,67.0,Kg,historical_csv
2014-06-05,Broccoli,101.67,Kg,historical_csv
2014-06-12,Broccoli,133.33,Kg,historical_csv
2014-06-19,Broccoli,130.0,Kg,historical_csv
2014-06-26,Broccoli,126.0,Kg,historical_csv
2014-07-03,Broccoli,130.0,Kg,historical_csv
2014-07-17,Broccoli,178.75,Kg,historical_csv
2014-07-24,Broccoli,187.86,Kg,historical_csv
2014-07-31,Broccoli,190.0,Kg,historical_csv
2014-08-07,Broccoli,167.14,Kg,historical_csv
2014-08-14,Broccoli,150.0,Kg,historical_csv
2014-08-21,Broccoli,145.0,Kg,historical_csv
2014-08-28,Broccoli,145.0,Kg,historical_csv
2014-09-04,Broccoli,154.17,Kg,historical_csv
2014-09-11,Broccoli,161.43,Kg,historical_csv
2014-09-18,Broccoli,151.67,Kg,historical_csv
2014-09-25,Broccoli,138.33,Kg,historical_csv
2014-10-02,Broccoli,149.38,Kg,historical_csv
2014-10-09,Broccoli,158.75,Kg,historical_csv
2014-10-16,Broccoli,151.5,Kg,historical_csv
2014-10-23,Broccoli,161.25,Kg,historical_csv
2014-10-30,Broccoli,139.29,Kg,historical_csv
2014-11-06,Broccoli,102.86,Kg,historical_csv
2014-11-13,Broccoli,75.0,Kg,historical_csv
2014-11-20,Broccoli,52.5,Kg,historical_csv
2014-11-27,Broccoli,46.43,Kg,historical_csv
2014-12-04,Broccoli,43.93,Kg,historical_csv
2014-12-11,Broccoli,44.64,Kg,historical_csv
2014-12-18,Broccoli,48.57,Kg,historical_csv
2014-12-25,Broccoli,48.75,Kg,historical_csv
2015-01-01,Broccoli,55.0,Kg,historical_csv
2015-01-08,Broccoli,44.64,Kg,historical_csv
2015-01-15,Broccoli,42.92,Kg,historical_csv
2015-01-22,Broccoli,31.79,Kg,historical_csv
2015-01-29,Broccoli,29.17,Kg,historical_csv
2015-02-05,Broccoli,36.25,Kg,historical_csv
2015-02-12,Broccoli,40.36,Kg,historical_csv
2015-02-19,Broccoli,35.83,Kg,historical_csv
2015-02-26,Broccoli,35.0,Kg,historical_csv
2015-03-05,Broccoli,35.62,Kg,historical_csv
2015-03-12,Broccoli,41.0,Kg,historical_csv
2015-03-19,Broccoli,51.07,Kg,historical_csv
2015-03-26,Broccoli,35.36,Kg,historical_csv
2015-04-02,Broccoli,34.71,Kg,historical_csv
2015-04-09,Broccoli,28.33,Kg,historical_csv
2015-04-16,Broccoli,42.67,Kg,historical_csv
2015-04-23,Broccoli,41.79,Kg,historical_csv
2015-04-30,Broccoli,47.14,Kg,historical_csv
2015-05-07,Broccoli,31.79,Kg,historical_csv
2015-05-14,Broccoli,37.25,Kg,historical_csv
2015-05-21,Broccoli,38.86,Kg,historical_csv
2015-05-28,Broccoli,40.21,Kg,historical_csv
2015-06-04,Broccoli,49.64,Kg,historical_csv
2015-06-11,Broccoli,52.5,Kg,historical_csv
2015-06-18,Broccoli,90.0,Kg,historical_csv
2015-06-25,Broccoli,78.0,Kg,historical_csv
2015-07-02,Broccoli,85.0,Kg,historical_csv
2015-10-08,Broccoli,125.0,Kg,historical_csv
2015-10-15,Broccoli,125.0,Kg,historical_csv
2015-10-22,Broccoli,95.0,Kg,historical_csv
2015-10-29,Broccoli,78.33,Kg,historical_csv
2015-11-05,Broccoli,83.57,Kg,historical_csv
2015-11-12,Broccoli,87.86,Kg,historical_csv
2015-11-19,Broccoli,59.17,Kg,historical_csv
2015-11-26,Broccoli,43.43,Kg,historical_csv
2015-12-03,Broccoli,42.86,Kg,historical_csv
2015-12-10,Broccoli,46.43,Kg,historical_csv
2015-12-17,Broccoli,47.5,Kg,historical_csv
2015-12-24,Broccoli,49.64,Kg,historical_csv
2015-12-31,Broccoli,56.43,Kg,historical_csv
2016-01-07,Broccoli,50.0,Kg,historical_csv
2016-01-14,Broccoli,38.93,Kg,historical_csv
2016-01-21,Broccoli,33.57,Kg,historical_csv
2016-01-28,Broccoli,29.64,Kg,historical_csv
2016-02-04,Broccoli,34.29,Kg,historical_csv
2016-02-11,Broccoli,38.21,Kg,historical_csv
2016-02-18,Broccoli,37.14,Kg,historical_csv
2016-02-25,Broccoli,37.5,Kg,historical_csv
2016-03-03,Broccoli,42.33,Kg,historical_csv
2016-03-10,Broccoli,44.29,Kg,historical_csv
2016-03-17,Broccoli,48.33,Kg,historical_csv
2016-03-24,Broccoli,56.43,Kg,historical_csv
2016-03-31,Broccoli,57.5,Kg,historical_csv
2016-04-07,Broccoli,51.43,Kg,historical_csv
2016-04-14,Broccoli,54.29,Kg,historical_csv
2016-04-21,Broccoli,51.07,Kg,historical_csv
2016-04-28,Broccoli,53.57,Kg,historical_csv
2016-05-05,Broccoli,59.29,Kg,historical_csv
2016-05-12,Broccoli,76.07,Kg,historical_csv
2016-05-19,Broccoli,73.57,Kg,historical_csv
2016-05-26,Broccoli,57.14,Kg,historical_csv
2016-06-02,Broccoli,56.79,Kg,historical_csv
2016-06-09,Broccoli,56.43,Kg,historical_csv
2016-06-16,Broccoli,55.0,Kg,historical_csv
2016-06-23,Broccoli,57.14,Kg,historical_csv
2016-06-30,Broccoli,53.57,Kg,historical_csv
2016-07-07,Broccoli,59.64,Kg,historical_csv
2016-07-14,Broccoli,62.5,Kg,historical_csv
2016-07-21,Broccoli,62.5,Kg,historical_csv
2016-11-24,Broccoli,105.0,Kg,historical_csv
2016-12-01,Broccoli,83.57,Kg,historical_csv
2016-12-08,Broccoli,63.21,Kg,historical_csv
2016-12-15,Broccoli,50.36,Kg,historical_csv
2016-12-22,Broccoli,37.57,Kg,historical_csv
2016-12-29,Broccoli,32.5,Kg,historical_csv
2017-01-05,Broccoli,25.57,Kg,historical_csv
2017-01-12,Broccoli,30.36,Kg,historical_csv
2017-01-19,Broccoli,37.86,Kg,historical_csv
2017-01-26,Broccoli,36.07,Kg,historical_csv
2017-02-02,Broccoli,32.86,Kg,historical_csv
2017-02-09,Broccoli,24.86,Kg,historical_csv
2017-02-16,Broccoli,23.21,Kg,historical_csv
2017-02-23,Broccoli,29.17,Kg,historical_csv
2017-03-02,Broccoli,36.08,Kg,historical_csv
2017-03-09,Broccoli,37.5,Kg,historical_csv
2017-03-16,Broccoli,50.42,Kg,historical_csv
2017-03-23,Broccoli,57.86,Kg,historical_csv
2017-03-30,Broccoli,57.14,Kg,historical_csv
2017-04-06,Broccoli,49.64,Kg,historical_csv
2017-04-13,Broccoli,48.21,Kg,historical_csv
2017-04-20,Broccoli,50.0,Kg,historical_csv
2017-04-27,Broccoli,50.71,Kg,historical_csv
2017-05-04,Broccoli,55.0,Kg,historical_csv
2017-05-11,Broccoli,66.79,Kg,historical_csv
2017-05-18,Broccoli,73.0,Kg,historical_csv
2017-05-25,Broccoli,77.86,Kg,historical_csv
2017-06-01,Broccoli,99.29,Kg,historical_csv
2017-06-08,Broccoli,95.0,Kg,historical_csv
2017-06-15,Broccoli,102.14,Kg,historical_csv
2017-06-22,Broccoli,102.5,Kg,historical_csv
2017-11-09,Broccoli,105.0,Kg,historical_csv
2017-11-16,Broccoli,100.0,Kg,historical_csv
2017-11-23,Broccoli,80.36,Kg,historical_csv
2017-11-30,Broccoli,70.71,Kg,historical_csv
2017-12-07,Broccoli,58.75,Kg,historical_csv
2017-12-14,Broccoli,60.0,Kg,historical_csv
2017-12-21,Broccoli,41.67,Kg,historical_csv
2017-12-28,Broccoli,37.5,Kg,historical_csv
2018-01-04,Broccoli,38.21,Kg,historical_csv
2018-01-11,Broccoli,51.79,Kg,historical_csv
2018-01-18,Broccoli,55.83,Kg,historical_csv
2018-01-25,Broccoli,51.07,Kg,historical_csv
2018-02-01,Broccoli,48.21,Kg,historical_csv
2018-02-08,Broccoli,47.5,Kg,historical_csv
2018-02-15,Broccoli,47.5,Kg,historical_csv
2018-02-22,Broccoli,40.36,Kg,historical_csv
2018-03-01,Broccoli,37.5,Kg,historical_csv
2018-03-08,Broccoli,33.33,Kg,historical_csv
2018-03-15,Broccoli,41.43,Kg,historical_csv
2018-03-22,Broccoli,52.5,Kg,historical_csv
2018-03-29,Broccoli,65.71,Kg,historical_csv
2018-04-05,Broccoli,60.71,Kg,historical_csv
2018-04-12,Broccoli,64.64,Kg,historical_csv
2018-04-19,Broccoli,63.21,Kg,historical_csv
2018-04-26,Broccoli,58.21,Kg,historical_csv
2018-05-03,Broccoli,55.71,Kg,historical_csv
2018-05-10,Broccoli,56.43,Kg,historical_csv
2018-05-17,Broccoli,68.93,Kg,historical_csv
2018-05-24,Broccoli,77.5,Kg,historical_csv
2018-05-31,Broccoli,62.5,Kg,historical_csv
2018-07-19,Broccoli,95.0,Kg,historical_csv
2018-07-26,Broccoli,106.43,Kg,historical_csv
2018-08-02,Broccoli,105.0,Kg,historical_csv
2018-08-09,Broccoli,105.0,Kg,historical_csv
2018-08-16,Broccoli,105.0,Kg,historical_csv
2018-11-15,Broccoli,72.5,Kg,historical_csv
2018-11-22,Broccoli,55.0,Kg,historical_csv
2018-11-29,Broccoli,55.0,Kg,historical_csv
2018-12-06,Broccoli,52.86,Kg,historical_csv
2018-12-13,Broccoli,52.86,Kg,historical_csv
2018-12-20,Broccoli,53.21,Kg,historical_csv
2018-12-27,Broccoli,46.07,Kg,historical_csv
2019-01-03,Broccoli,42.5,Kg,historical_csv
2019-01-10,Broccoli,43.93,Kg,historical_csv
2019-01-17,Broccoli,41.79,Kg,historical_csv
2019-01-24,Broccoli,37.5,Kg,historical_csv
2019-01-31,Broccoli,36.43,Kg,historical_csv
2019-02-07,Broccoli,40.36,Kg,historical_csv
2019-02-14,Broccoli,48.57,Kg,historical_csv
2019-02-21,Broccoli,38.93,Kg,historical_csv
2019-02-28,Broccoli,44.64,Kg,historical_csv
2019-03-07,Broccoli,43.33,Kg,historical_csv
2019-03-14,Broccoli,55.36,Kg,historical_csv
2019-03-21,Broccoli,48.21,Kg,historical_csv
2019-03-28,Broccoli,39.64,Kg,historical_csv
2019-04-04,Broccoli,37.5,Kg,historical_csv
2019-04-11,Broccoli,44.64,Kg,historical_csv
2019-04-18,Broccoli,43.21,Kg,historical_csv
2019-04-25,Broccoli,50.71,Kg,historical_csv
2019-05-02,Broccoli,63.21,Kg,historical_csv
2019-05-09,Broccoli,82.86,Kg,historical_csv
2019-05-16,Broccoli,96.43,Kg,historical_csv
2019-05-23,Broccoli,96.43,Kg,historical_csv
2019-05-30,Broccoli,95.0,Kg,historical_csv
2019-06-06,Broccoli,96.43,Kg,historical_csv
2019-06-13,Broccoli,107.86,Kg,historical_csv
2019-06-20,Broccoli,113.0,Kg,historical_csv
2019-09-19,Broccoli,85.0,Kg,historical_csv
2019-09-26,Broccoli,85.0,Kg,historical_csv
2019-10-24,Broccoli,193.33,Kg,historical_csv
2019-10-31,Broccoli,155.0,Kg,historical_csv
2019-11-07,Broccoli,116.67,Kg,historical_csv
2019-11-14,Broccoli,122.14,Kg,historical_csv
2019-11-21,Broccoli,101.07,Kg,historical_csv
2019-11-28,Broccoli,93.57,Kg,historical_csv
2019-12-05,Broccoli,85.71,Kg,historical_csv
2019-12-12,Broccoli,92.14,Kg,historical_csv
2019-12-19,Broccoli,88.21,Kg,historical_csv
2019-12-26,Broccoli,69.29,Kg,historical_csv
2020-01-02,Broccoli,74.29,Kg,historical_csv
2020-01-09,Broccoli,69.64,Kg,historical_csv
2020-01-16,Broccoli,53.57,Kg,historical_csv
2020-01-23,Broccoli,52.5,Kg,historical_csv
2020-01-30,Broccoli,43.57,Kg,historical_csv
2020-02-06,Broccoli,43.21,Kg,historical_csv
2020-02-13,Broccoli,42.14,Kg,historical_csv
2020-02-20,Broccoli,43.93,Kg,historical_csv
2020-02-27,Broccoli,38.57,Kg,historical_csv
2020-03-05,Broccoli,47.08,Kg,historical_csv
2020-03-12,Broccoli,41.79,Kg,historical_csv
2020-03-19,Broccoli,43.93,Kg,historical_csv
2020-03-26,Broccoli,46.25,Kg,historical_csv
2020-04-02,Broccoli,41.79,Kg,historical_csv
2020-04-09,Broccoli,33.33,Kg,historical_csv
2020-04-16,Broccoli,37.5,Kg,historical_csv
2020-04-23,Broccoli,31.25,Kg,historical_csv
2020-04-30,Broccoli,32.5,Kg,historical_csv
2020-05-07,Broccoli,37.14,Kg,historical_csv
2020-05-14,Broccoli,35.71,Kg,historical_csv
2020-05-21,Broccoli,41.43,Kg,historical_csv
2020-05-28,Broccoli,48.21,Kg,historical_csv
2020-06-04,Broccoli,49.38,Kg,historical_csv
2020-06-11,Broccoli,47.5,Kg,historical_csv
2020-06-18,Broccoli,47.5,Kg,historical_csv
2020-10-22,Broccoli,101.67,Kg,historical_csv
2020-10-29,Broccoli,118.0,Kg,historical_csv
2020-11-05,Broccoli,102.86,Kg,historical_csv
2020-11-12,Broccoli,106.67,Kg,historical_csv
2020-11-19,Broccoli,110.0,Kg,historical_csv
2020-11-26,Broccoli,103.57,Kg,historical_csv
2020-12-03,Broccoli,110.0,Kg,historical_csv
2020-12-10,Broccoli,110.0,Kg,historical_csv
2020-12-17,Broccoli,76.43,Kg,historical_csv
2020-12-24,Broccoli,69.29,Kg,historical_csv
2020-12-31,Broccoli,72.14,Kg,historical_csv
2021-01-07,Broccoli,49.64,Kg,historical_csv
2021-01-14,Broccoli,34.29,Kg,historical_csv
2021-01-21,Broccoli,27.86,Kg,historical_csv
2021-01-28,Broccoli,30.0,Kg,historical_csv
2021-02-04,Broccoli,49.29,Kg,historical_csv
2021-02-11,Broccoli,65.71,Kg,historical_csv
2021-02-18,Broccoli,43.93,Kg,historical_csv
2021-02-25,Broccoli,49.17,Kg,historical_csv
2021-03-04,Broccoli,63.33,Kg,historical_csv
2021-03-11,Broccoli,70.0,Kg,historical_csv
2021-03-18,Broccoli,65.71,Kg,historical_csv
2021-03-25,Broccoli,70.0,Kg,historical_csv
2021-04-01,Broccoli,68.33,Kg,historical_csv
2021-04-22,Broccoli,89.17,Kg,historical_csv
2021-04-29,Broccoli,82.14,Kg,historical_csv
2021-05-06,Broccoli,63.57,Kg,historical_csv
2021-05-13,Broccoli,66.43,Kg,historical_csv
2025-04-03,Broccoli,75.0,Kg,historical_csv
2025-04-10,Broccoli,98.57,Kg,historical_csv
2025-04-17,Broccoli,95.0,Kg,historical_csv
2026-04-02,Broccoli,72.5,Kg,historical_csv
2013-06-20,Cabbage,39.0,Kg,historical_csv
2013-08-01,Cabbage,47.0,Kg,historical_csv
2013-08-08,Cabbage,52.92,Kg,historical_csv
2013-08-15,Cabbage,60.62,Kg,historical_csv
2013-08-22,Cabbage,55.81,Kg,historical_csv
2013-08-29,Cabbage,57.45,Kg,historical_csv
2013-09-05,Cabbage,58.88,Kg,historical_csv
2013-09-12,Cabbage,81.79,Kg,historical_csv
2013-09-19,Cabbage,94.75,Kg,historical_csv
2013-09-26,Cabbage,92.38,Kg,historical_csv
2013-10-03,Cabbage,98.5,Kg,historical_csv
2013-10-10,Cabbage,88.62,Kg,historical_csv
2013-10-17,Cabbage,51.5,Kg,historical_csv
2013-10-24,Cabbage,74.1,Kg,historical_csv
2013-10-31,Cabbage,62.58,Kg,historical_csv
2013-11-07,Cabbage,62.08,Kg,historical_csv
2013-11-14,Cabbage,41.2,Kg,historical_csv
2013-11-21,Cabbage,99.67,Kg,historical_csv
2013-11-28,Cabbage,52.12,Kg,historical_csv
2013-12-05,Cabbage,111.17,Kg,historical_csv
2013-12-12,Cabbage,119.79,Kg,historical_csv
2013-12-19,Cabbage,103.4,Kg,historical_csv
2013-12-26,Cabbage,86.35,Kg,historical_csv
2014-01-02,Cabbage,88.75,Kg,historical_csv
2014-01-09,Cabbage,88.46,Kg,historical_csv
2014-01-16,Cabbage,87.75,Kg,historical_csv
2014-01-23,Cabbage,70.67,Kg,historical_csv
2014-01-30,Cabbage,51.1,Kg,historical_csv
2014-02-06,Cabbage,61.25,Kg,historical_csv
2014-02-13,Cabbage,37.32,Kg,historical_csv
2014-02-20,Cabbage,46.7,Kg,historical_csv
2014-02-27,Cabbage,52.65,Kg,historical_csv
2014-03-06,Cabbage,50.38,Kg,historical_csv
2014-03-13,Cabbage,47.29,Kg,historical_csv
2014-03-20,Cabbage,39.95,Kg,historical_csv
2014-03-27,Cabbage,34.71,Kg,historical_csv
2014-04-03,Cabbage,46.9,Kg,historical_csv
2014-04-10,Cabbage,44.2,Kg,historical_csv
2014-04-17,Cabbage,46.65,Kg,historical_csv
2014-04-24,Cabbage,32.7,Kg,historical_csv
2014-05-01,Cabbage,31.1,Kg,historical_csv
2014-05-08,Cabbage,40.58,Kg,historical_csv
2014-05-15,Cabbage,42.4,Kg,historical_csv
2014-05-22,Cabbage,37.92,Kg,historical_csv
2014-05-29,Cabbage,39.3,Kg,historical_csv
2014-06-05,Cabbage,37.25,Kg,historical_csv
2014-06-12,Cabbage,40.58,Kg,historical_csv
2014-06-19,Cabbage,42.42,Kg,historical_csv
2014-06-26,Cabbage,43.35,Kg,historical_csv
2014-07-03,Cabbage,43.08,Kg,historical_csv
2014-07-10,Cabbage,45.39,Kg,historical_csv
2014-07-17,Cabbage,70.0,Kg,historical_csv
2014-07-24,Cabbage,84.46,Kg,historical_csv
2014-07-31,Cabbage,80.5,Kg,historical_csv
2014-08-07,Cabbage,67.64,Kg,historical_csv
2014-08-14,Cabbage,55.71,Kg,historical_csv
2014-08-21,Cabbage,53.89,Kg,historical_csv
2014-08-28,Cabbage,60.57,Kg,historical_csv
2014-09-04,Cabbage,54.29,Kg,historical_csv
2014-09-11,Cabbage,53.57,Kg,historical_csv
2014-09-18,Cabbage,54.57,Kg,historical_csv
2014-09-25,Cabbage,53.58,Kg,historical_csv
2014-10-02,Cabbage,56.56,Kg,historical_csv
2014-10-09,Cabbage,66.25,Kg,historical_csv
2014-10-16,Cabbage,61.35,Kg,historical_csv
2014-10-23,Cabbage,63.33,Kg,historical_csv
2014-10-30,Cabbage,49.96,Kg,historical_csv
2014-11-06,Cabbage,56.89,Kg,historical_csv
2014-11-13,Cabbage,55.75,Kg,historical_csv
2014-11-20,Cabbage,57.93,Kg,historical_csv
2014-11-27,Cabbage,93.32,Kg,historical_csv
2014-12-04,Cabbage,71.46,Kg,historical_csv
2014-12-11,Cabbage,24.86,Kg,historical_csv
2014-12-18,Cabbage,28.93,Kg,historical_csv
2014-12-25,Cabbage,87.5,Kg,historical_csv
2015-01-01,Cabbage,91.5,Kg,historical_csv
2015-01-08,Cabbage,91.21,Kg,historical_csv
2015-01-15,Cabbage,70.46,Kg,historical_csv
2015-01-22,Cabbage,60.29,Kg,historical_csv
2015-01-29,Cabbage,57.17,Kg,historical_csv
2015-02-05,Cabbage,49.17,Kg,historical_csv
2015-02-12,Cabbage,44.57,Kg,historical_csv
2015-02-19,Cabbage,41.21,Kg,historical_csv
2015-02-26,Cabbage,40.21,Kg,historical_csv
2015-03-05,Cabbage,44.5,Kg,historical_csv
2015-03-12,Cabbage,55.6,Kg,historical_csv
2015-03-19,Cabbage,42.04,Kg,historical_csv
2015-03-26,Cabbage,37.64,Kg,historical_csv
2015-04-02,Cabbage,35.11,Kg,historical_csv
2015-04-09,Cabbage,42.25,Kg,historical_csv
2015-04-16,Cabbage,40.58,Kg,historical_csv
2015-04-23,Cabbage,32.79,Kg,historical_csv
2015-04-30,Cabbage,43.79,Kg,historical_csv
2015-05-07,Cabbage,35.14,Kg,historical_csv
2015-05-14,Cabbage,40.25,Kg,historical_csv
2015-05-21,Cabbage,40.32,Kg,historical_csv
2015-05-28,Cabbage,35.71,Kg,historical_csv
2015-06-04,Cabbage,41.46,Kg,historical_csv
2015-06-11,Cabbage,44.04,Kg,historical_csv
2015-06-18,Cabbage,43.75,Kg,historical_csv
2015-06-25,Cabbage,44.66,Kg,historical_csv
2015-07-02,Cabbage,46.08,Kg,historical_csv
2015-07-09,Cabbage,48.34,Kg,historical_csv
2015-07-16,Cabbage,46.88,Kg,historical_csv
2015-07-23,Cabbage,49.63,Kg,historical_csv
2015-07-30,Cabbage,47.83,Kg,historical_csv
2015-08-06,Cabbage,56.0,Kg,historical_csv
2015-08-13,Cabbage,55.54,Kg,historical_csv
2015-08-20,Cabbage,54.11,Kg,historical_csv
2015-08-27,Cabbage,55.18,Kg,historical_csv
2015-09-03,Cabbage,60.54,Kg,historical_csv
2015-09-10,Cabbage,58.93,Kg,historical_csv
2015-09-17,Cabbage,62.04,Kg,historical_csv
2015-09-24,Cabbage,66.25,Kg,historical_csv
2015-10-01,Cabbage,68.64,Kg,historical_csv
2015-10-08,Cabbage,73.04,Kg,historical_csv
2015-10-15,Cabbage,74.11,Kg,historical_csv
2015-10-22,Cabbage,69.11,Kg,historical_csv
2015-10-29,Cabbage,65.89,Kg,historical_csv
2015-11-05,Cabbage,62.43,Kg,historical_csv
2015-11-12,Cabbage,60.86,Kg,historical_csv
2015-11-19,Cabbage,55.96,Kg,historical_csv
2015-11-26,Cabbage,58.93,Kg,historical_csv
2015-12-03,Cabbage,58.21,Kg,historical_csv
2015-12-10,Cabbage,55.82,Kg,historical_csv
2015-12-17,Cabbage,57.14,Kg,historical_csv
2015-12-24,Cabbage,52.96,Kg,historical_csv
2015-12-31,Cabbage,58.29,Kg,historical_csv
2016-01-07,Cabbage,56.64,Kg,historical_csv
2016-01-14,Cabbage,54.57,Kg,historical_csv
2016-01-21,Cabbage,53.71,Kg,historical_csv
2016-01-28,Cabbage,52.07,Kg,historical_csv
2016-02-04,Cabbage,44.64,Kg,historical_csv
2016-02-11,Cabbage,39.64,Kg,historical_csv
2016-02-18,Cabbage,42.18,Kg,historical_csv
2016-02-25,Cabbage,41.29,Kg,historical_csv
2016-03-03,Cabbage,40.96,Kg,historical_csv
2016-03-10,Cabbage,37.04,Kg,historical_csv
2016-03-17,Cabbage,38.83,Kg,historical_csv
2016-03-24,Cabbage,40.5,Kg,historical_csv
2016-03-31,Cabbage,41.36,Kg,historical_csv
2016-04-07,Cabbage,41.79,Kg,historical_csv
2016-04-14,Cabbage,42.82,Kg,historical_csv
2016-04-21,Cabbage,43.93,Kg,historical_csv
2016-04-28,Cabbage,45.68,Kg,historical_csv
2016-05-05,Cabbage,54.46,Kg,historical_csv
2016-05-12,Cabbage,47.64,Kg,historical_csv
2016-05-19,Cabbage,52.86,Kg,historical_csv
2016-05-26,Cabbage,50.0,Kg,historical_csv
2016-06-02,Cabbage,48.43,Kg,historical_csv
2016-06-09,Cabbage,47.86,Kg,historical_csv
2016-06-16,Cabbage,47.79,Kg,historical_csv
2016-06-23,Cabbage,47.68,Kg,historical_csv
2016-06-30,Cabbage,49.04,Kg,historical_csv
2016-07-07,Cabbage,54.04,Kg,historical_csv
2016-07-14,Cabbage,53.39,Kg,historical_csv
2016-07-21,Cabbage,48.21,Kg,historical_csv
2016-07-28,Cabbage,44.14,Kg,historical_csv
2016-08-04,Cabbage,44.29,Kg,historical_csv
2016-08-11,Cabbage,62.54,Kg,historical_csv
2016-08-18,Cabbage,62.5,Kg,historical_csv
2016-08-25,Cabbage,59.29,Kg,historical_csv
2016-09-01,Cabbage,56.43,Kg,historical_csv
2016-09-08,Cabbage,54.89,Kg,historical_csv
2016-09-15,Cabbage,51.5,Kg,historical_csv
2016-09-22,Cabbage,52.5,Kg,historical_csv
2016-09-29,Cabbage,52.5,Kg,historical_csv
2016-10-06,Cabbage,53.93,Kg,historical_csv
2016-10-13,Cabbage,54.29,Kg,historical_csv
2016-10-20,Cabbage,55.11,Kg,historical_csv
2016-10-27,Cabbage,55.36,Kg,historical_csv
2016-11-03,Cabbage,44.29,Kg,historical_csv
2016-11-10,Cabbage,51.79,Kg,historical_csv
2016-11-17,Cabbage,51.79,Kg,historical_csv
2016-11-24,Cabbage,37.14,Kg,historical_csv
2016-12-01,Cabbage,27.5,Kg,historical_csv
2016-12-08,Cabbage,28.21,Kg,historical_csv
2016-12-15,Cabbage,26.07,Kg,historical_csv
2016-12-22,Cabbage,26.43,Kg,historical_csv
2016-12-29,Cabbage,19.93,Kg,historical_csv
2017-01-05,Cabbage,19.0,Kg,historical_csv
2017-01-12,Cabbage,26.0,Kg,historical_csv
2017-01-19,Cabbage,38.71,Kg,historical_csv
2017-01-26,Cabbage,35.04,Kg,historical_csv
2017-02-02,Cabbage,35.36,Kg,historical_csv
2017-02-09,Cabbage,33.29,Kg,historical_csv
2017-02-16,Cabbage,34.04,Kg,historical_csv
2017-02-23,Cabbage,32.86,Kg,historical_csv
2017-03-02,Cabbage,32.58,Kg,historical_csv
2017-03-09,Cabbage,33.42,Kg,historical_csv
2017-03-16,Cabbage,35.75,Kg,historical_csv
2017-03-23,Cabbage,34.71,Kg,historical_csv
2017-03-30,Cabbage,32.11,Kg,historical_csv
2017-04-06,Cabbage,32.29,Kg,historical_csv
2017-04-13,Cabbage,32.18,Kg,historical_csv
2017-04-20,Cabbage,32.29,Kg,historical_csv
2017-04-27,Cabbage,33.04,Kg,historical_csv
2017-05-04,Cabbage,33.54,Kg,historical_csv
2017-05-11,Cabbage,33.75,Kg,historical_csv
2017-05-18,Cabbage,36.58,Kg,historical_csv
2017-05-25,Cabbage,34.29,Kg,historical_csv
2017-06-01,Cabbage,34.04,Kg,historical_csv
2017-06-08,Cabbage,36.32,Kg,historical_csv
2017-06-15,Cabbage,32.25,Kg,historical_csv
2017-06-22,Cabbage,22.21,Kg,historical_csv
2017-06-29,Cabbage,18.79,Kg,historical_csv
2017-07-06,Cabbage,18.36,Kg,historical_csv
2017-07-13,Cabbage,15.29,Kg,historical_csv
2017-07-20,Cabbage,14.64,Kg,historical_csv
2017-07-27,Cabbage,26.86,Kg,historical_csv
2017-08-03,Cabbage,35.5,Kg,historical_csv
2017-08-10,Cabbage,23.46,Kg,historical_csv
2017-08-17,Cabbage,20.36,Kg,historical_csv
2017-08-24,Cabbage,25.36,Kg,historical_csv
2017-08-31,Cabbage,26.93,Kg,historical_csv
2017-09-07,Cabbage,27.93,Kg,historical_csv
2017-09-14,Cabbage,42.5,Kg,historical_csv
2017-09-21,Cabbage,46.5,Kg,historical_csv
2017-09-28,Cabbage,44.57,Kg,historical_csv
2017-10-05,Cabbage,48.0,Kg,historical_csv
2017-10-12,Cabbage,43.21,Kg,historical_csv
2017-10-19,Cabbage,43.79,Kg,historical_csv
2017-10-26,Cabbage,48.29,Kg,historical_csv
2017-11-02,Cabbage,59.64,Kg,historical_csv
2017-11-09,Cabbage,76.07,Kg,historical_csv
2017-11-16,Cabbage,70.36,Kg,historical_csv
2017-11-23,Cabbage,55.36,Kg,historical_csv
2017-11-30,Cabbage,52.86,Kg,historical_csv
2017-12-07,Cabbage,40.83,Kg,historical_csv
2017-12-14,Cabbage,37.36,Kg,historical_csv
2017-12-21,Cabbage,25.58,Kg,historical_csv
2017-12-28,Cabbage,26.75,Kg,historical_csv
2018-01-04,Cabbage,26.21,Kg,historical_csv
2018-01-11,Cabbage,26.14,Kg,historical_csv
2018-01-18,Cabbage,33.0,Kg,historical_csv
2018-01-25,Cabbage,29.64,Kg,historical_csv
2018-02-01,Cabbage,36.25,Kg,historical_csv
2018-02-08,Cabbage,37.0,Kg,historical_csv
2018-02-15,Cabbage,31.43,Kg,historical_csv
2018-02-22,Cabbage,29.5,Kg,historical_csv
2018-03-01,Cabbage,32.36,Kg,historical_csv
2018-03-08,Cabbage,33.17,Kg,historical_csv
2018-03-15,Cabbage,36.07,Kg,historical_csv
2018-03-22,Cabbage,34.29,Kg,historical_csv
2018-03-29,Cabbage,33.21,Kg,historical_csv
2018-04-05,Cabbage,34.14,Kg,historical_csv
2018-04-12,Cabbage,39.96,Kg,historical_csv
2018-04-19,Cabbage,41.82,Kg,historical_csv
2018-04-26,Cabbage,40.39,Kg,historical_csv
2018-05-03,Cabbage,39.5,Kg,historical_csv
2018-05-10,Cabbage,37.5,Kg,historical_csv
2018-05-17,Cabbage,32.32,Kg,historical_csv
2018-05-24,Cabbage,35.96,Kg,historical_csv
2018-05-31,Cabbage,38.71,Kg,historical_csv
2018-06-07,Cabbage,38.93,Kg,historical_csv
2018-06-14,Cabbage,35.04,Kg,historical_csv
2018-06-21,Cabbage,46.61,Kg,historical_csv
2018-06-28,Cabbage,60.89,Kg,historical_csv
2018-07-05,Cabbage,54.64,Kg,historical_csv
2018-07-12,Cabbage,39.64,Kg,historical_csv
2018-07-19,Cabbage,40.36,Kg,historical_csv
2018-07-26,Cabbage,37.5,Kg,historical_csv
2018-08-02,Cabbage,35.36,Kg,historical_csv
2018-08-09,Cabbage,34.36,Kg,historical_csv
2018-08-16,Cabbage,46.07,Kg,historical_csv
2018-08-23,Cabbage,56.79,Kg,historical_csv
2018-08-30,Cabbage,49.64,Kg,historical_csv
2018-09-06,Cabbage,48.07,Kg,historical_csv
2018-09-13,Cabbage,52.14,Kg,historical_csv
2018-09-20,Cabbage,53.93,Kg,historical_csv
2018-09-27,Cabbage,52.14,Kg,historical_csv
2018-10-04,Cabbage,39.07,Kg,historical_csv
2018-10-11,Cabbage,37.5,Kg,historical_csv
2018-10-18,Cabbage,35.86,Kg,historical_csv
2018-10-25,Cabbage,33.93,Kg,historical_csv
2018-11-01,Cabbage,27.93,Kg,historical_csv
2018-11-08,Cabbage,28.21,Kg,historical_csv
2018-11-15,Cabbage,23.93,Kg,historical_csv
2018-11-22,Cabbage,18.21,Kg,historical_csv
2018-11-29,Cabbage,17.5,Kg,historical_csv
2018-12-06,Cabbage,15.43,Kg,historical_csv
2018-12-13,Cabbage,11.07,Kg,historical_csv
2018-12-20,Cabbage,11.79,Kg,historical_csv
2018-12-27,Cabbage,12.14,Kg,historical_csv
2019-01-03,Cabbage,20.25,Kg,historical_csv
2019-01-10,Cabbage,28.82,Kg,historical_csv
2019-01-17,Cabbage,29.07,Kg,historical_csv
2019-01-24,Cabbage,22.0,Kg,historical_csv
2019-01-31,Cabbage,10.86,Kg,historical_csv
2019-02-07,Cabbage,9.14,Kg,historical_csv
2019-02-14,Cabbage,9.43,Kg,historical_csv
2019-02-21,Cabbage,10.71,Kg,historical_csv
2019-02-28,Cabbage,11.21,Kg,historical_csv
2019-03-07,Cabbage,11.67,Kg,historical_csv
2019-03-14,Cabbage,12.5,Kg,historical_csv
2019-03-21,Cabbage,12.86,Kg,historical_csv
2019-03-28,Cabbage,10.5,Kg,historical_csv
2019-04-04,Cabbage,9.57,Kg,historical_csv
2019-04-11,Cabbage,11.36,Kg,historical_csv
2019-04-18,Cabbage,10.64,Kg,historical_csv
2019-04-25,Cabbage,12.57,Kg,historical_csv
2019-05-02,Cabbage,12.29,Kg,historical_csv
2019-05-09,Cabbage,12.5,Kg,historical_csv
2019-05-16,Cabbage,17.29,Kg,historical_csv
2019-05-23,Cabbage,12.07,Kg,historical_csv
2019-05-30,Cabbage,20.0,Kg,historical_csv
2019-06-06,Cabbage,26.07,Kg,historical_csv
2019-06-13,Cabbage,24.71,Kg,historical_csv
2019-06-20,Cabbage,30.0,Kg,historical_csv
2019-06-27,Cabbage,32.5,Kg,historical_csv
2019-07-04,Cabbage,32.0,Kg,historical_csv
2019-07-11,Cabbage,24.64,Kg,historical_csv
2019-07-18,Cabbage,34.64,Kg,historical_csv
2019-07-25,Cabbage,27.5,Kg,historical_csv
2019-08-01,Cabbage,29.64,Kg,historical_csv
2019-08-08,Cabbage,37.5,Kg,historical_csv
2019-08-15,Cabbage,32.5,Kg,historical_csv
2019-08-22,Cabbage,33.93,Kg,historical_csv
2019-08-29,Cabbage,32.5,Kg,historical_csv
2019-09-05,Cabbage,43.93,Kg,historical_csv
2019-09-12,Cabbage,43.21,Kg,historical_csv
2019-09-19,Cabbage,42.5,Kg,historical_csv
2019-09-26,Cabbage,46.79,Kg,historical_csv
2019-10-03,Cabbage,47.5,Kg,historical_csv
2019-10-10,Cabbage,51.07,Kg,historical_csv
2019-10-17,Cabbage,48.93,Kg,historical_csv
2019-10-24,Cabbage,46.79,Kg,historical_csv
2019-10-31,Cabbage,48.21,Kg,historical_csv
2019-11-07,Cabbage,66.07,Kg,historical_csv
2019-11-14,Cabbage,79.64,Kg,historical_csv
2019-11-21,Cabbage,80.18,Kg,historical_csv
2019-11-28,Cabbage,58.21,Kg,historical_csv
2019-12-05,Cabbage,51.79,Kg,historical_csv
2019-12-12,Cabbage,46.43,Kg,historical_csv
2019-12-19,Cabbage,42.86,Kg,historical_csv
2019-12-26,Cabbage,36.26,Kg,historical_csv
2020-01-02,Cabbage,37.5,Kg,historical_csv
2020-01-09,Cabbage,41.43,Kg,historical_csv
2020-01-16,Cabbage,42.86,Kg,historical_csv
2020-01-23,Cabbage,43.21,Kg,historical_csv
2020-01-30,Cabbage,31.07,Kg,historical_csv
2020-02-06,Cabbage,30.9,Kg,historical_csv
2020-02-13,Cabbage,28.21,Kg,historical_csv
2020-02-20,Cabbage,27.43,Kg,historical_csv
2020-02-27,Cabbage,24.4,Kg,historical_csv
2020-03-05,Cabbage,26.25,Kg,historical_csv
2020-03-12,Cabbage,19.93,Kg,historical_csv
2020-03-19,Cabbage,19.5,Kg,historical_csv
2020-03-26,Cabbage,20.42,Kg,historical_csv
2020-04-02,Cabbage,24.64,Kg,historical_csv
2020-04-09,Cabbage,22.5,Kg,historical_csv
2020-04-16,Cabbage,22.5,Kg,historical_csv
2020-04-23,Cabbage,18.5,Kg,historical_csv
2020-04-30,Cabbage,13.93,Kg,historical_csv
2020-05-07,Cabbage,9.0,Kg,historical_csv
2020-05-14,Cabbage,9.0,Kg,historical_csv
2020-05-21,Cabbage,8.21,Kg,historical_csv
2020-05-28,Cabbage,9.0,Kg,historical_csv
2020-06-04,Cabbage,9.0,Kg,historical_csv
2020-06-11,Cabbage,9.0,Kg,historical_csv
2020-06-18,Cabbage,9.29,Kg,historical_csv
2020-06-25,Cabbage,12.5,Kg,historical_csv
2020-07-02,Cabbage,14.64,Kg,historical_csv
2020-07-09,Cabbage,18.21,Kg,historical_csv
2020-07-16,Cabbage,17.5,Kg,historical_csv
2020-07-23,Cabbage,25.0,Kg,historical_csv
2020-07-30,Cabbage,30.36,Kg,historical_csv
2020-08-06,Cabbage,31.79,Kg,historical_csv
2020-08-13,Cabbage,33.93,Kg,historical_csv
2020-08-20,Cabbage,37.5,Kg,historical_csv
2020-08-27,Cabbage,41.07,Kg,historical_csv
2020-09-03,Cabbage,41.07,Kg,historical_csv
2020-09-10,Cabbage,47.5,Kg,historical_csv
2020-09-17,Cabbage,61.07,Kg,historical_csv
2020-09-24,Cabbage,67.5,Kg,historical_csv
2020-10-01,Cabbage,72.5,Kg,historical_csv
2020-10-08,Cabbage,68.93,Kg,historical_csv
2020-10-15,Cabbage,63.21,Kg,historical_csv
2020-10-22,Cabbage,49.64,Kg,historical_csv
2020-10-29,Cabbage,50.71,Kg,historical_csv
2020-11-05,Cabbage,54.29,Kg,historical_csv
2020-11-12,Cabbage,63.93,Kg,historical_csv
2020-11-19,Cabbage,70.36,Kg,historical_csv
2020-11-26,Cabbage,86.49,Kg,historical_csv
2020-12-03,Cabbage,66.88,Kg,historical_csv
2020-12-10,Cabbage,62.18,Kg,historical_csv
2020-12-17,Cabbage,53.93,Kg,historical_csv
2020-12-24,Cabbage,55.66,Kg,historical_csv
2020-12-31,Cabbage,54.46,Kg,historical_csv
2021-01-07,Cabbage,77.55,Kg,historical_csv
2021-01-14,Cabbage,63.07,Kg,historical_csv
2021-01-21,Cabbage,52.91,Kg,historical_csv
2021-01-28,Cabbage,41.2,Kg,historical_csv
2021-02-04,Cabbage,34.17,Kg,historical_csv
2021-02-11,Cabbage,35.21,Kg,historical_csv
2021-02-18,Cabbage,39.32,Kg,historical_csv
2021-02-25,Cabbage,41.23,Kg,historical_csv
2021-03-04,Cabbage,32.39,Kg,historical_csv
2021-03-11,Cabbage,38.3,Kg,historical_csv
2021-03-18,Cabbage,36.7,Kg,historical_csv
2021-03-25,Cabbage,35.75,Kg,historical_csv
2021-04-01,Cabbage,36.25,Kg,historical_csv
2021-04-22,Cabbage,64.03,Kg,historical_csv
2021-04-29,Cabbage,72.14,Kg,historical_csv
2021-05-06,Cabbage,46.43,Kg,historical_csv
2021-05-13,Cabbage,64.11,Kg,historical_csv
2025-04-03,Cabbage,38.5,Kg,historical_csv
2025-04-10,Cabbage,43.73,Kg,historical_csv
2025-04-17,Cabbage,53.54,Kg,historical_csv
2026-04-02,Cabbage,35.69,Kg,historical_csv
2013-06-20,Capsicum,57.5,Kg,historical_csv
2013-08-01,Capsicum,50.83,Kg,historical_csv
2013-08-08,Capsicum,48.75,Kg,historical_csv
2013-08-15,Capsicum,56.25,Kg,historical_csv
2013-08-22,Capsicum,63.75,Kg,historical_csv
2013-08-29,Capsicum,65.5,Kg,historical_csv
2013-09-05,Capsicum,68.75,Kg,historical_csv
2013-09-12,Capsicum,74.58,Kg,historical_csv
2013-09-19,Capsicum,97.5,Kg,historical_csv
2013-09-26,Capsicum,89.17,Kg,historical_csv
2013-10-03,Capsicum,104.17,Kg,historical_csv
2013-10-10,Capsicum,130.0,Kg,historical_csv
2013-10-17,Capsicum,174.0,Kg,historical_csv
2013-10-24,Capsicum,158.0,Kg,historical_csv
2013-10-31,Capsicum,151.67,Kg,historical_csv
2013-11-07,Capsicum,118.33,Kg,historical_csv
2013-11-14,Capsicum,98.0,Kg,historical_csv
2013-11-21,Capsicum,87.5,Kg,historical_csv
2013-11-28,Capsicum,66.67,Kg,historical_csv
2013-12-05,Capsicum,65.42,Kg,historical_csv
2013-12-12,Capsicum,45.42,Kg,historical_csv
2013-12-19,Capsicum,46.0,Kg,historical_csv
2013-12-26,Capsicum,52.5,Kg,historical_csv
2014-01-02,Capsicum,51.5,Kg,historical_csv
2014-01-09,Capsicum,47.92,Kg,historical_csv
2014-01-16,Capsicum,44.9,Kg,historical_csv
2014-01-23,Capsicum,45.83,Kg,historical_csv
2014-01-30,Capsicum,43.5,Kg,historical_csv
2014-02-06,Capsicum,38.8,Kg,historical_csv
2014-02-13,Capsicum,44.17,Kg,historical_csv
2014-02-20,Capsicum,58.0,Kg,historical_csv
2014-02-27,Capsicum,52.5,Kg,historical_csv
2014-03-06,Capsicum,82.5,Kg,historical_csv
2014-03-13,Capsicum,75.0,Kg,historical_csv
2014-03-20,Capsicum,67.0,Kg,historical_csv
2014-03-27,Capsicum,62.92,Kg,historical_csv
2014-04-03,Capsicum,68.5,Kg,historical_csv
2014-04-10,Capsicum,69.0,Kg,historical_csv
2014-04-17,Capsicum,76.5,Kg,historical_csv
2014-04-24,Capsicum,77.0,Kg,historical_csv
2014-05-01,Capsicum,65.0,Kg,historical_csv
2014-05-08,Capsicum,60.83,Kg,historical_csv
2014-05-15,Capsicum,71.5,Kg,historical_csv
2014-05-22,Capsicum,60.0,Kg,historical_csv
2014-05-29,Capsicum,54.5,Kg,historical_csv
2014-06-05,Capsicum,52.92,Kg,historical_csv
2014-06-12,Capsicum,50.42,Kg,historical_csv
2014-06-19,Capsicum,41.67,Kg,historical_csv
2014-06-26,Capsicum,47.0,Kg,historical_csv
2014-07-03,Capsicum,78.33,Kg,historical_csv
2014-07-10,Capsicum,73.93,Kg,historical_csv
2014-07-17,Capsicum,58.21,Kg,historical_csv
2014-07-24,Capsicum,52.86,Kg,historical_csv
2014-07-31,Capsicum,47.5,Kg,historical_csv
2014-08-07,Capsicum,42.21,Kg,historical_csv
2014-08-14,Capsicum,36.79,Kg,historical_csv
2014-08-21,Capsicum,41.43,Kg,historical_csv
2014-08-28,Capsicum,56.07,Kg,historical_csv
2014-09-04,Capsicum,72.08,Kg,historical_csv
2014-09-11,Capsicum,84.64,Kg,historical_csv
2014-09-18,Capsicum,115.71,Kg,historical_csv
2014-09-25,Capsicum,120.0,Kg,historical_csv
2014-10-02,Capsicum,135.0,Kg,historical_csv
2014-10-09,Capsicum,140.0,Kg,historical_csv
2014-10-16,Capsicum,124.17,Kg,historical_csv
2014-10-23,Capsicum,184.58,Kg,historical_csv
2014-10-30,Capsicum,139.29,Kg,historical_csv
2014-11-06,Capsicum,83.21,Kg,historical_csv
2014-11-13,Capsicum,64.64,Kg,historical_csv
2014-11-20,Capsicum,62.5,Kg,historical_csv
2014-11-27,Capsicum,78.21,Kg,historical_csv
2014-12-04,Capsicum,87.86,Kg,historical_csv
2014-12-11,Capsicum,81.43,Kg,historical_csv
2014-12-18,Capsicum,62.14,Kg,historical_csv
2014-12-25,Capsicum,69.17,Kg,historical_csv
2015-01-01,Capsicum,63.21,Kg,historical_csv
2015-01-08,Capsicum,57.86,Kg,historical_csv
2015-01-15,Capsicum,53.75,Kg,historical_csv
2015-01-22,Capsicum,53.21,Kg,historical_csv
2015-01-29,Capsicum,48.33,Kg,historical_csv
2015-02-05,Capsicum,47.5,Kg,historical_csv
2015-02-12,Capsicum,46.43,Kg,historical_csv
2015-02-19,Capsicum,45.83,Kg,historical_csv
2015-02-26,Capsicum,44.58,Kg,historical_csv
2015-03-05,Capsicum,57.5,Kg,historical_csv
2015-03-12,Capsicum,63.5,Kg,historical_csv
2015-03-19,Capsicum,78.33,Kg,historical_csv
2015-03-26,Capsicum,85.0,Kg,historical_csv
2015-04-02,Capsicum,83.64,Kg,historical_csv
2015-04-09,Capsicum,86.67,Kg,historical_csv
2015-04-16,Capsicum,74.17,Kg,historical_csv
2015-04-23,Capsicum,78.57,Kg,historical_csv
2015-04-30,Capsicum,86.43,Kg,historical_csv
2015-05-07,Capsicum,76.25,Kg,historical_csv
2015-05-14,Capsicum,57.92,Kg,historical_csv
2015-05-21,Capsicum,43.43,Kg,historical_csv
2015-05-28,Capsicum,36.64,Kg,historical_csv
2015-06-04,Capsicum,34.14,Kg,historical_csv
2015-06-11,Capsicum,38.79,Kg,historical_csv
2015-06-18,Capsicum,43.88,Kg,historical_csv
2015-06-25,Capsicum,49.77,Kg,historical_csv
2015-07-02,Capsicum,73.27,Kg,historical_csv
2015-07-09,Capsicum,85.91,Kg,historical_csv
2015-07-16,Capsicum,93.46,Kg,historical_csv
2015-07-23,Capsicum,82.12,Kg,historical_csv
2015-07-30,Capsicum,68.12,Kg,historical_csv
2015-08-06,Capsicum,64.29,Kg,historical_csv
2015-08-13,Capsicum,65.14,Kg,historical_csv
2015-08-20,Capsicum,65.0,Kg,historical_csv
2015-08-27,Capsicum,57.86,Kg,historical_csv
2015-09-03,Capsicum,55.36,Kg,historical_csv
2015-09-10,Capsicum,57.86,Kg,historical_csv
2015-09-17,Capsicum,65.0,Kg,historical_csv
2015-09-24,Capsicum,78.21,Kg,historical_csv
2015-10-01,Capsicum,83.57,Kg,historical_csv
2015-10-08,Capsicum,105.36,Kg,historical_csv
2015-10-15,Capsicum,117.14,Kg,historical_csv
2015-10-22,Capsicum,97.86,Kg,historical_csv
2015-10-29,Capsicum,99.29,Kg,historical_csv
2015-11-05,Capsicum,82.5,Kg,historical_csv
2015-11-12,Capsicum,81.07,Kg,historical_csv
2015-11-19,Capsicum,69.29,Kg,historical_csv
2015-11-26,Capsicum,52.14,Kg,historical_csv
2015-12-03,Capsicum,45.0,Kg,historical_csv
2015-12-10,Capsicum,48.93,Kg,historical_csv
2015-12-17,Capsicum,58.93,Kg,historical_csv
2015-12-24,Capsicum,55.0,Kg,historical_csv
2015-12-31,Capsicum,61.07,Kg,historical_csv
2016-01-07,Capsicum,55.0,Kg,historical_csv
2016-01-14,Capsicum,54.29,Kg,historical_csv
2016-01-21,Capsicum,52.86,Kg,historical_csv
2016-01-28,Capsicum,45.0,Kg,historical_csv
2016-02-04,Capsicum,46.43,Kg,historical_csv
2016-02-11,Capsicum,38.57,Kg,historical_csv
2016-02-18,Capsicum,38.57,Kg,historical_csv
2016-02-25,Capsicum,42.5,Kg,historical_csv
2016-03-03,Capsicum,42.5,Kg,historical_csv
2016-03-10,Capsicum,44.29,Kg,historical_csv
2016-03-17,Capsicum,55.83,Kg,historical_csv
2016-03-24,Capsicum,77.86,Kg,historical_csv
2016-03-31,Capsicum,142.14,Kg,historical_csv
2016-04-07,Capsicum,110.71,Kg,historical_csv
2016-04-14,Capsicum,90.71,Kg,historical_csv
2016-04-21,Capsicum,92.14,Kg,historical_csv
2016-04-28,Capsicum,80.36,Kg,historical_csv
2016-05-05,Capsicum,87.86,Kg,historical_csv
2016-05-12,Capsicum,79.29,Kg,historical_csv
2016-05-19,Capsicum,75.0,Kg,historical_csv
2016-05-26,Capsicum,69.29,Kg,historical_csv
2016-06-02,Capsicum,67.86,Kg,historical_csv
2016-06-09,Capsicum,75.0,Kg,historical_csv
2016-06-16,Capsicum,61.79,Kg,historical_csv
2016-06-23,Capsicum,62.14,Kg,historical_csv
2016-06-30,Capsicum,90.36,Kg,historical_csv
2016-07-07,Capsicum,82.86,Kg,historical_csv
2016-07-14,Capsicum,113.21,Kg,historical_csv
2016-07-21,Capsicum,112.14,Kg,historical_csv
2016-07-28,Capsicum,112.14,Kg,historical_csv
2016-08-04,Capsicum,111.07,Kg,historical_csv
2016-08-11,Capsicum,107.86,Kg,historical_csv
2016-08-18,Capsicum,113.57,Kg,historical_csv
2016-08-25,Capsicum,111.07,Kg,historical_csv
2016-09-01,Capsicum,104.29,Kg,historical_csv
2016-09-08,Capsicum,96.79,Kg,historical_csv
2016-09-15,Capsicum,77.86,Kg,historical_csv
2016-09-22,Capsicum,95.71,Kg,historical_csv
2016-09-29,Capsicum,86.79,Kg,historical_csv
2016-10-06,Capsicum,68.21,Kg,historical_csv
2016-10-13,Capsicum,83.93,Kg,historical_csv
2016-10-20,Capsicum,90.36,Kg,historical_csv
2016-10-27,Capsicum,97.86,Kg,historical_csv
2016-11-03,Capsicum,95.0,Kg,historical_csv
2016-11-10,Capsicum,76.79,Kg,historical_csv
2016-11-17,Capsicum,59.29,Kg,historical_csv
2016-11-24,Capsicum,53.93,Kg,historical_csv
2016-12-01,Capsicum,51.79,Kg,historical_csv
2016-12-08,Capsicum,47.14,Kg,historical_csv
2016-12-15,Capsicum,47.86,Kg,historical_csv
2016-12-22,Capsicum,40.71,Kg,historical_csv
2016-12-29,Capsicum,42.5,Kg,historical_csv
2017-01-05,Capsicum,39.64,Kg,historical_csv
2017-01-12,Capsicum,38.21,Kg,historical_csv
2017-01-19,Capsicum,37.86,Kg,historical_csv
2017-01-26,Capsicum,37.5,Kg,historical_csv
2017-02-02,Capsicum,37.0,Kg,historical_csv
2017-02-09,Capsicum,33.93,Kg,historical_csv
2017-02-16,Capsicum,35.36,Kg,historical_csv
2017-02-23,Capsicum,34.14,Kg,historical_csv
2017-03-02,Capsicum,35.0,Kg,historical_csv
2017-03-09,Capsicum,47.08,Kg,historical_csv
2017-03-16,Capsicum,79.17,Kg,historical_csv
2017-03-23,Capsicum,79.29,Kg,historical_csv
2017-03-30,Capsicum,79.64,Kg,historical_csv
2017-04-06,Capsicum,65.36,Kg,historical_csv
2017-04-13,Capsicum,65.0,Kg,historical_csv
2017-04-20,Capsicum,73.57,Kg,historical_csv
2017-04-27,Capsicum,73.93,Kg,historical_csv
2017-05-04,Capsicum,83.57,Kg,historical_csv
2017-05-11,Capsicum,66.43,Kg,historical_csv
2017-05-18,Capsicum,67.75,Kg,historical_csv
2017-05-25,Capsicum,55.36,Kg,historical_csv
2017-06-01,Capsicum,44.64,Kg,historical_csv
2017-06-08,Capsicum,38.93,Kg,historical_csv
2017-06-15,Capsicum,43.21,Kg,historical_csv
2017-06-22,Capsicum,65.0,Kg,historical_csv
2017-06-29,Capsicum,73.93,Kg,historical_csv
2017-07-06,Capsicum,77.5,Kg,historical_csv
2017-07-13,Capsicum,58.93,Kg,historical_csv
2017-07-20,Capsicum,53.93,Kg,historical_csv
2017-07-27,Capsicum,51.07,Kg,historical_csv
2017-08-03,Capsicum,63.93,Kg,historical_csv
2017-08-10,Capsicum,54.64,Kg,historical_csv
2017-08-17,Capsicum,56.79,Kg,historical_csv
2017-08-24,Capsicum,67.5,Kg,historical_csv
2017-08-31,Capsicum,68.93,Kg,historical_csv
2017-09-07,Capsicum,75.0,Kg,historical_csv
2017-09-14,Capsicum,95.5,Kg,historical_csv
2017-09-21,Capsicum,92.08,Kg,historical_csv
2017-09-28,Capsicum,98.21,Kg,historical_csv
2017-10-05,Capsicum,111.07,Kg,historical_csv
2017-10-12,Capsicum,130.71,Kg,historical_csv
2017-10-19,Capsicum,148.57,Kg,historical_csv
2017-10-26,Capsicum,138.33,Kg,historical_csv
2017-11-02,Capsicum,110.71,Kg,historical_csv
2017-11-09,Capsicum,105.0,Kg,historical_csv
2017-11-16,Capsicum,93.93,Kg,historical_csv
2017-11-23,Capsicum,66.79,Kg,historical_csv
2017-11-30,Capsicum,78.57,Kg,historical_csv
2017-12-07,Capsicum,89.58,Kg,historical_csv
2017-12-14,Capsicum,79.64,Kg,historical_csv
2017-12-21,Capsicum,57.08,Kg,historical_csv
2017-12-28,Capsicum,77.5,Kg,historical_csv
2018-01-04,Capsicum,63.21,Kg,historical_csv
2018-01-11,Capsicum,62.5,Kg,historical_csv
2018-01-18,Capsicum,72.5,Kg,historical_csv
2018-01-25,Capsicum,73.93,Kg,historical_csv
2018-02-01,Capsicum,74.64,Kg,historical_csv
2018-02-08,Capsicum,66.07,Kg,historical_csv
2018-02-15,Capsicum,66.07,Kg,historical_csv
2018-02-22,Capsicum,63.93,Kg,historical_csv
2018-03-01,Capsicum,61.07,Kg,historical_csv
2018-03-08,Capsicum,62.5,Kg,historical_csv
2018-03-15,Capsicum,87.07,Kg,historical_csv
2018-03-22,Capsicum,81.07,Kg,historical_csv
2018-03-29,Capsicum,70.36,Kg,historical_csv
2018-04-05,Capsicum,78.57,Kg,historical_csv
2018-04-12,Capsicum,66.07,Kg,historical_csv
2018-04-19,Capsicum,66.07,Kg,historical_csv
2018-04-26,Capsicum,60.36,Kg,historical_csv
2018-05-03,Capsicum,58.57,Kg,historical_csv
2018-05-10,Capsicum,52.5,Kg,historical_csv
2018-05-17,Capsicum,47.5,Kg,historical_csv
2018-05-24,Capsicum,35.71,Kg,historical_csv
2018-05-31,Capsicum,37.5,Kg,historical_csv
2018-06-07,Capsicum,37.5,Kg,historical_csv
2018-06-14,Capsicum,36.64,Kg,historical_csv
2018-06-21,Capsicum,48.21,Kg,historical_csv
2018-06-28,Capsicum,102.5,Kg,historical_csv
2018-07-05,Capsicum,96.25,Kg,historical_csv
2018-07-12,Capsicum,92.14,Kg,historical_csv
2018-07-19,Capsicum,83.75,Kg,historical_csv
2018-07-26,Capsicum,65.36,Kg,historical_csv
2018-08-02,Capsicum,75.71,Kg,historical_csv
2018-08-09,Capsicum,96.07,Kg,historical_csv
2018-08-16,Capsicum,83.57,Kg,historical_csv
2018-08-23,Capsicum,86.43,Kg,historical_csv
2018-08-30,Capsicum,75.36,Kg,historical_csv
2018-09-06,Capsicum,76.07,Kg,historical_csv
2018-09-13,Capsicum,74.64,Kg,historical_csv
2018-09-20,Capsicum,79.64,Kg,historical_csv
2018-09-27,Capsicum,81.79,Kg,historical_csv
2018-10-04,Capsicum,76.25,Kg,historical_csv
2018-10-11,Capsicum,80.36,Kg,historical_csv
2018-10-18,Capsicum,83.21,Kg,historical_csv
2018-10-25,Capsicum,80.36,Kg,historical_csv
2018-11-01,Capsicum,65.0,Kg,historical_csv
2018-11-08,Capsicum,56.07,Kg,historical_csv
2018-11-15,Capsicum,65.83,Kg,historical_csv
2018-11-22,Capsicum,59.64,Kg,historical_csv
2018-11-29,Capsicum,48.93,Kg,historical_csv
2018-12-06,Capsicum,43.93,Kg,historical_csv
2018-12-13,Capsicum,49.29,Kg,historical_csv
2018-12-20,Capsicum,51.79,Kg,historical_csv
2018-12-27,Capsicum,54.64,Kg,historical_csv
2019-01-03,Capsicum,68.93,Kg,historical_csv
2019-01-10,Capsicum,72.5,Kg,historical_csv
2019-01-17,Capsicum,72.5,Kg,historical_csv
2019-01-24,Capsicum,68.21,Kg,historical_csv
2019-01-31,Capsicum,65.71,Kg,historical_csv
2019-02-07,Capsicum,56.79,Kg,historical_csv
2019-02-14,Capsicum,69.29,Kg,historical_csv
2019-02-21,Capsicum,53.21,Kg,historical_csv
2019-02-28,Capsicum,55.0,Kg,historical_csv
2019-03-07,Capsicum,51.67,Kg,historical_csv
2019-03-14,Capsicum,59.64,Kg,historical_csv
2019-03-21,Capsicum,72.5,Kg,historical_csv
2019-03-28,Capsicum,92.86,Kg,historical_csv
2019-04-04,Capsicum,111.79,Kg,historical_csv
2019-04-11,Capsicum,107.5,Kg,historical_csv
2019-04-18,Capsicum,104.64,Kg,historical_csv
2019-04-25,Capsicum,102.5,Kg,historical_csv
2019-05-02,Capsicum,101.79,Kg,historical_csv
2019-05-09,Capsicum,99.29,Kg,historical_csv
2019-05-16,Capsicum,77.5,Kg,historical_csv
2019-05-23,Capsicum,75.71,Kg,historical_csv
2019-05-30,Capsicum,67.07,Kg,historical_csv
2019-06-06,Capsicum,65.0,Kg,historical_csv
2019-06-13,Capsicum,68.93,Kg,historical_csv
2019-06-20,Capsicum,85.36,Kg,historical_csv
2019-06-27,Capsicum,90.36,Kg,historical_csv
2019-07-04,Capsicum,82.5,Kg,historical_csv
2019-07-11,Capsicum,71.07,Kg,historical_csv
2019-07-18,Capsicum,58.93,Kg,historical_csv
2019-07-25,Capsicum,68.33,Kg,historical_csv
2019-08-01,Capsicum,84.29,Kg,historical_csv
2019-08-08,Capsicum,103.21,Kg,historical_csv
2019-08-15,Capsicum,80.36,Kg,historical_csv
2019-08-22,Capsicum,64.29,Kg,historical_csv
2019-08-29,Capsicum,81.07,Kg,historical_csv
2019-09-05,Capsicum,52.14,Kg,historical_csv
2019-09-12,Capsicum,49.64,Kg,historical_csv
2019-09-19,Capsicum,80.42,Kg,historical_csv
2019-09-26,Capsicum,120.71,Kg,historical_csv
2019-10-03,Capsicum,157.86,Kg,historical_csv
2019-10-10,Capsicum,162.5,Kg,historical_csv
2019-10-17,Capsicum,160.0,Kg,historical_csv
2019-10-24,Capsicum,166.43,Kg,historical_csv
2019-10-31,Capsicum,116.79,Kg,historical_csv
2019-11-07,Capsicum,127.86,Kg,historical_csv
2019-11-14,Capsicum,75.71,Kg,historical_csv
2019-11-21,Capsicum,75.71,Kg,historical_csv
2019-11-28,Capsicum,62.5,Kg,historical_csv
2019-12-05,Capsicum,65.36,Kg,historical_csv
2019-12-12,Capsicum,56.43,Kg,historical_csv
2019-12-19,Capsicum,53.93,Kg,historical_csv
2019-12-26,Capsicum,53.93,Kg,historical_csv
2020-01-02,Capsicum,67.14,Kg,historical_csv
2020-01-09,Capsicum,65.0,Kg,historical_csv
2020-01-16,Capsicum,61.79,Kg,historical_csv
2020-01-23,Capsicum,60.71,Kg,historical_csv
2020-01-30,Capsicum,55.0,Kg,historical_csv
2020-02-06,Capsicum,57.5,Kg,historical_csv
2020-02-13,Capsicum,62.86,Kg,historical_csv
2020-02-20,Capsicum,60.36,Kg,historical_csv
2020-02-27,Capsicum,58.21,Kg,historical_csv
2020-03-05,Capsicum,75.42,Kg,historical_csv
2020-03-12,Capsicum,99.64,Kg,historical_csv
2020-03-19,Capsicum,104.64,Kg,historical_csv
2020-03-26,Capsicum,96.25,Kg,historical_csv
2020-04-02,Capsicum,111.67,Kg,historical_csv
2020-04-09,Capsicum,98.33,Kg,historical_csv
2020-04-16,Capsicum,81.25,Kg,historical_csv
2020-04-23,Capsicum,68.0,Kg,historical_csv
2020-04-30,Capsicum,47.29,Kg,historical_csv
2020-05-07,Capsicum,47.5,Kg,historical_csv
2020-05-14,Capsicum,46.43,Kg,historical_csv
2020-05-21,Capsicum,46.07,Kg,historical_csv
2020-05-28,Capsicum,36.43,Kg,historical_csv
2020-06-04,Capsicum,22.5,Kg,historical_csv
2020-06-11,Capsicum,25.36,Kg,historical_csv
2020-06-18,Capsicum,26.79,Kg,historical_csv
2020-06-25,Capsicum,24.64,Kg,historical_csv
2020-07-02,Capsicum,92.5,Kg,historical_csv
2020-07-09,Capsicum,140.71,Kg,historical_csv
2020-07-16,Capsicum,95.0,Kg,historical_csv
2020-07-23,Capsicum,115.0,Kg,historical_csv
2020-07-30,Capsicum,117.86,Kg,historical_csv
2020-08-06,Capsicum,117.86,Kg,historical_csv
2020-08-13,Capsicum,118.57,Kg,historical_csv
2020-08-20,Capsicum,116.43,Kg,historical_csv
2020-08-27,Capsicum,82.86,Kg,historical_csv
2020-09-03,Capsicum,62.14,Kg,historical_csv
2020-09-10,Capsicum,63.93,Kg,historical_csv
2020-09-17,Capsicum,95.71,Kg,historical_csv
2020-09-24,Capsicum,101.43,Kg,historical_csv
2020-10-01,Capsicum,120.0,Kg,historical_csv
2020-10-08,Capsicum,150.0,Kg,historical_csv
2020-10-15,Capsicum,179.29,Kg,historical_csv
2020-10-22,Capsicum,185.71,Kg,historical_csv
2020-10-29,Capsicum,221.25,Kg,historical_csv
2020-11-05,Capsicum,135.0,Kg,historical_csv
2020-11-12,Capsicum,118.33,Kg,historical_csv
2020-11-19,Capsicum,113.57,Kg,historical_csv
2020-11-26,Capsicum,87.86,Kg,historical_csv
2020-12-03,Capsicum,94.29,Kg,historical_csv
2020-12-10,Capsicum,84.29,Kg,historical_csv
2020-12-17,Capsicum,75.0,Kg,historical_csv
2020-12-24,Capsicum,85.71,Kg,historical_csv
2020-12-31,Capsicum,70.71,Kg,historical_csv
2021-01-07,Capsicum,81.07,Kg,historical_csv
2021-01-14,Capsicum,65.0,Kg,historical_csv
2021-01-21,Capsicum,69.29,Kg,historical_csv
2021-01-28,Capsicum,65.0,Kg,historical_csv
2021-02-04,Capsicum,65.0,Kg,historical_csv
2021-02-11,Capsicum,67.86,Kg,historical_csv
2021-02-18,Capsicum,73.57,Kg,historical_csv
2021-02-25,Capsicum,66.43,Kg,historical_csv
2021-03-04,Capsicum,73.33,Kg,historical_csv
2021-03-11,Capsicum,96.43,Kg,historical_csv
2021-03-18,Capsicum,83.57,Kg,historical_csv
2021-03-25,Capsicum,106.43,Kg,historical_csv
2021-04-01,Capsicum,115.0,Kg,historical_csv
2021-04-22,Capsicum,129.17,Kg,historical_csv
2021-04-29,Capsicum,94.29,Kg,historical_csv
2021-05-06,Capsicum,70.0,Kg,historical_csv
2021-05-13,Capsicum,75.36,Kg,historical_csv
2025-04-03,Capsicum,120.0,Kg,historical_csv
2025-04-10,Capsicum,120.71,Kg,historical_csv
2025-04-17,Capsicum,101.67,Kg,historical_csv
2026-04-02,Capsicum,95.0,Kg,historical_csv
2013-06-20,Carrot,35.0,Kg,historical_csv
2013-08-01,Carrot,47.5,Kg,historical_csv
2013-08-08,Carrot,48.75,Kg,historical_csv
2013-08-15,Carrot,50.0,Kg,historical_csv
2013-08-22,Carrot,52.5,Kg,historical_csv
2013-08-29,Carrot,52.5,Kg,historical_csv
2013-09-05,Carrot,57.92,Kg,historical_csv
2013-09-12,Carrot,56.67,Kg,historical_csv
2013-09-19,Carrot,56.5,Kg,historical_csv
2013-09-26,Carrot,72.92,Kg,historical_csv
2013-10-03,Carrot,84.17,Kg,historical_csv
2013-10-10,Carrot,81.25,Kg,historical_csv
2013-10-17,Carrot,95.5,Kg,historical_csv
2013-10-24,Carrot,79.5,Kg,historical_csv
2013-10-31,Carrot,90.0,Kg,historical_csv
2013-11-07,Carrot,98.33,Kg,historical_csv
2013-11-14,Carrot,102.5,Kg,historical_csv
2013-11-21,Carrot,81.67,Kg,historical_csv
2013-11-28,Carrot,72.92,Kg,historical_csv
2013-12-05,Carrot,46.67,Kg,historical_csv
2013-12-12,Carrot,41.25,Kg,historical_csv
2013-12-19,Carrot,35.5,Kg,historical_csv
2013-12-26,Carrot,30.6,Kg,historical_csv
2014-01-02,Carrot,27.2,Kg,historical_csv
2014-01-09,Carrot,25.33,Kg,historical_csv
2014-01-16,Carrot,22.3,Kg,historical_csv
2014-01-23,Carrot,26.5,Kg,historical_csv
2014-01-30,Carrot,26.8,Kg,historical_csv
2014-02-06,Carrot,32.0,Kg,historical_csv
2014-02-13,Carrot,29.17,Kg,historical_csv
2014-02-20,Carrot,23.0,Kg,historical_csv
2014-02-27,Carrot,26.5,Kg,historical_csv
2014-03-06,Carrot,27.12,Kg,historical_csv
2014-03-13,Carrot,23.25,Kg,historical_csv
2014-03-20,Carrot,26.2,Kg,historical_csv
2014-03-27,Carrot,31.67,Kg,historical_csv
2014-04-03,Carrot,29.7,Kg,historical_csv
2014-04-10,Carrot,30.4,Kg,historical_csv
2014-04-17,Carrot,34.5,Kg,historical_csv
2014-04-24,Carrot,41.5,Kg,historical_csv
2014-05-01,Carrot,38.5,Kg,historical_csv
2014-05-08,Carrot,36.67,Kg,historical_csv
2014-05-15,Carrot,38.5,Kg,historical_csv
2014-05-22,Carrot,40.0,Kg,historical_csv
2014-05-29,Carrot,39.0,Kg,historical_csv
2014-06-05,Carrot,41.58,Kg,historical_csv
2014-06-12,Carrot,42.25,Kg,historical_csv
2014-06-19,Carrot,52.92,Kg,historical_csv
2014-06-26,Carrot,60.0,Kg,historical_csv
2014-07-03,Carrot,71.67,Kg,historical_csv
2014-07-10,Carrot,78.21,Kg,historical_csv
2014-07-17,Carrot,85.0,Kg,historical_csv
2014-07-24,Carrot,80.36,Kg,historical_csv
2014-07-31,Carrot,72.14,Kg,historical_csv
2014-08-07,Carrot,67.86,Kg,historical_csv
2014-08-14,Carrot,71.79,Kg,historical_csv
2014-08-21,Carrot,81.07,Kg,historical_csv
2014-08-28,Carrot,82.14,Kg,historical_csv
2014-09-04,Carrot,75.42,Kg,historical_csv
2014-09-11,Carrot,69.58,Kg,historical_csv
2014-09-18,Carrot,74.64,Kg,historical_csv
2014-09-25,Carrot,83.5,Kg,historical_csv
2014-10-02,Carrot,68.12,Kg,historical_csv
2014-10-09,Carrot,80.0,Kg,historical_csv
2014-10-16,Carrot,79.5,Kg,historical_csv
2014-10-23,Carrot,75.0,Kg,historical_csv
2014-10-30,Carrot,86.79,Kg,historical_csv
2014-11-06,Carrot,84.64,Kg,historical_csv
2014-11-13,Carrot,76.25,Kg,historical_csv
2014-11-20,Carrot,62.14,Kg,historical_csv
2014-11-27,Carrot,65.36,Kg,historical_csv
2014-12-04,Carrot,56.79,Kg,historical_csv
2014-12-11,Carrot,50.0,Kg,historical_csv
2014-12-18,Carrot,39.64,Kg,historical_csv
2014-12-25,Carrot,39.17,Kg,historical_csv
2015-01-01,Carrot,44.64,Kg,historical_csv
2015-01-08,Carrot,47.86,Kg,historical_csv
2015-01-15,Carrot,46.58,Kg,historical_csv
2015-01-22,Carrot,45.71,Kg,historical_csv
2015-01-29,Carrot,33.75,Kg,historical_csv
2015-02-05,Carrot,28.33,Kg,historical_csv
2015-02-12,Carrot,26.64,Kg,historical_csv
2015-02-19,Carrot,22.5,Kg,historical_csv
2015-02-26,Carrot,24.75,Kg,historical_csv
2015-03-05,Carrot,25.0,Kg,historical_csv
2015-03-12,Carrot,22.3,Kg,historical_csv
2015-03-19,Carrot,23.93,Kg,historical_csv
2015-03-26,Carrot,22.36,Kg,historical_csv
2015-04-02,Carrot,22.93,Kg,historical_csv
2015-04-09,Carrot,22.08,Kg,historical_csv
2015-04-16,Carrot,32.67,Kg,historical_csv
2015-04-23,Carrot,38.21,Kg,historical_csv
2015-04-30,Carrot,35.36,Kg,historical_csv
2015-05-07,Carrot,31.71,Kg,historical_csv
2015-05-14,Carrot,24.75,Kg,historical_csv
2015-05-21,Carrot,20.36,Kg,historical_csv
2015-05-28,Carrot,19.0,Kg,historical_csv
2015-06-04,Carrot,19.5,Kg,historical_csv
2015-06-11,Carrot,28.71,Kg,historical_csv
2015-06-18,Carrot,36.56,Kg,historical_csv
2015-06-25,Carrot,39.5,Kg,historical_csv
2015-07-02,Carrot,45.73,Kg,historical_csv
2015-07-09,Carrot,49.55,Kg,historical_csv
2015-07-16,Carrot,53.15,Kg,historical_csv
2015-07-23,Carrot,55.77,Kg,historical_csv
2015-07-30,Carrot,58.54,Kg,historical_csv
2015-08-06,Carrot,63.57,Kg,historical_csv
2015-08-13,Carrot,63.21,Kg,historical_csv
2015-08-20,Carrot,64.64,Kg,historical_csv
2015-08-27,Carrot,63.57,Kg,historical_csv
2015-09-03,Carrot,64.29,Kg,historical_csv
2015-09-10,Carrot,67.5,Kg,historical_csv
2015-09-17,Carrot,66.79,Kg,historical_csv
2015-09-24,Carrot,77.86,Kg,historical_csv
2015-10-01,Carrot,98.57,Kg,historical_csv
2015-10-08,Carrot,93.21,Kg,historical_csv
2015-10-15,Carrot,92.5,Kg,historical_csv
2015-10-22,Carrot,96.07,Kg,historical_csv
2015-10-29,Carrot,93.57,Kg,historical_csv
2015-11-05,Carrot,74.29,Kg,historical_csv
2015-11-12,Carrot,69.29,Kg,historical_csv
2015-11-19,Carrot,67.5,Kg,historical_csv
2015-11-26,Carrot,65.0,Kg,historical_csv
2015-12-03,Carrot,59.64,Kg,historical_csv
2015-12-10,Carrot,45.36,Kg,historical_csv
2015-12-17,Carrot,44.64,Kg,historical_csv
2015-12-24,Carrot,44.43,Kg,historical_csv
2015-12-31,Carrot,46.43,Kg,historical_csv
2016-01-07,Carrot,41.67,Kg,historical_csv
2016-01-14,Carrot,36.43,Kg,historical_csv
2016-01-21,Carrot,35.71,Kg,historical_csv
2016-01-28,Carrot,36.21,Kg,historical_csv
2016-02-04,Carrot,35.36,Kg,historical_csv
2016-02-11,Carrot,30.0,Kg,historical_csv
2016-02-18,Carrot,28.21,Kg,historical_csv
2016-02-25,Carrot,21.21,Kg,historical_csv
2016-03-03,Carrot,18.0,Kg,historical_csv
2016-03-10,Carrot,20.36,Kg,historical_csv
2016-03-17,Carrot,26.67,Kg,historical_csv
2016-03-24,Carrot,26.0,Kg,historical_csv
2016-03-31,Carrot,35.0,Kg,historical_csv
2016-04-07,Carrot,28.43,Kg,historical_csv
2016-04-14,Carrot,44.29,Kg,historical_csv
2016-04-21,Carrot,59.29,Kg,historical_csv
2016-04-28,Carrot,60.36,Kg,historical_csv
2016-05-05,Carrot,53.57,Kg,historical_csv
2016-05-12,Carrot,55.0,Kg,historical_csv
2016-05-19,Carrot,54.14,Kg,historical_csv
2016-05-26,Carrot,53.57,Kg,historical_csv
2016-06-02,Carrot,55.0,Kg,historical_csv
2016-06-09,Carrot,55.0,Kg,historical_csv
2016-06-16,Carrot,72.14,Kg,historical_csv
2016-06-23,Carrot,77.86,Kg,historical_csv
2016-06-30,Carrot,102.86,Kg,historical_csv
2016-07-07,Carrot,113.93,Kg,historical_csv
2016-07-14,Carrot,115.0,Kg,historical_csv
2016-07-21,Carrot,108.21,Kg,historical_csv
2016-07-28,Carrot,102.86,Kg,historical_csv
2016-08-04,Carrot,103.93,Kg,historical_csv
2016-08-11,Carrot,105.0,Kg,historical_csv
2016-08-18,Carrot,105.0,Kg,historical_csv
2016-08-25,Carrot,98.57,Kg,historical_csv
2016-09-01,Carrot,94.64,Kg,historical_csv
2016-09-08,Carrot,109.29,Kg,historical_csv
2016-09-15,Carrot,105.0,Kg,historical_csv
2016-09-22,Carrot,130.71,Kg,historical_csv
2016-09-29,Carrot,152.14,Kg,historical_csv
2016-10-06,Carrot,140.71,Kg,historical_csv
2016-10-13,Carrot,155.0,Kg,historical_csv
2016-10-20,Carrot,156.07,Kg,historical_csv
2016-10-27,Carrot,107.86,Kg,historical_csv
2016-11-03,Carrot,118.21,Kg,historical_csv
2016-11-10,Carrot,113.21,Kg,historical_csv
2016-11-17,Carrot,92.79,Kg,historical_csv
2016-11-24,Carrot,90.36,Kg,historical_csv
2016-12-01,Carrot,80.0,Kg,historical_csv
2016-12-08,Carrot,64.14,Kg,historical_csv
2016-12-15,Carrot,63.57,Kg,historical_csv
2016-12-22,Carrot,67.14,Kg,historical_csv
2016-12-29,Carrot,60.21,Kg,historical_csv
2017-01-05,Carrot,58.93,Kg,historical_csv
2017-01-12,Carrot,54.29,Kg,historical_csv
2017-01-19,Carrot,50.71,Kg,historical_csv
2017-01-26,Carrot,38.57,Kg,historical_csv
2017-02-02,Carrot,28.93,Kg,historical_csv
2017-02-09,Carrot,26.79,Kg,historical_csv
2017-02-16,Carrot,27.14,Kg,historical_csv
2017-02-23,Carrot,27.5,Kg,historical_csv
2017-03-02,Carrot,27.5,Kg,historical_csv
2017-03-09,Carrot,27.5,Kg,historical_csv
2017-03-16,Carrot,27.5,Kg,historical_csv
2017-03-23,Carrot,27.29,Kg,historical_csv
2017-03-30,Carrot,27.5,Kg,historical_csv
2017-04-06,Carrot,29.5,Kg,historical_csv
2017-04-13,Carrot,32.5,Kg,historical_csv
2017-04-20,Carrot,43.93,Kg,historical_csv
2017-04-27,Carrot,46.79,Kg,historical_csv
2017-05-04,Carrot,53.21,Kg,historical_csv
2017-05-11,Carrot,47.86,Kg,historical_csv
2017-05-18,Carrot,50.42,Kg,historical_csv
2017-05-25,Carrot,48.93,Kg,historical_csv
2017-06-01,Carrot,47.5,Kg,historical_csv
2017-06-08,Carrot,48.21,Kg,historical_csv
2017-06-15,Carrot,52.0,Kg,historical_csv
2017-06-22,Carrot,73.93,Kg,historical_csv
2017-06-29,Carrot,77.5,Kg,historical_csv
2017-07-06,Carrot,77.5,Kg,historical_csv
2017-07-13,Carrot,77.5,Kg,historical_csv
2017-07-20,Carrot,76.07,Kg,historical_csv
2017-07-27,Carrot,76.07,Kg,historical_csv
2017-08-03,Carrot,66.79,Kg,historical_csv
2017-08-10,Carrot,62.5,Kg,historical_csv
2017-08-17,Carrot,64.64,Kg,historical_csv
2017-08-24,Carrot,68.21,Kg,historical_csv
2017-08-31,Carrot,66.07,Kg,historical_csv
2017-09-07,Carrot,66.79,Kg,historical_csv
2017-09-14,Carrot,77.5,Kg,historical_csv
2017-09-21,Carrot,63.33,Kg,historical_csv
2017-09-28,Carrot,65.36,Kg,historical_csv
2017-10-05,Carrot,76.79,Kg,historical_csv
2017-10-12,Carrot,73.86,Kg,historical_csv
2017-10-19,Carrot,63.93,Kg,historical_csv
2017-10-26,Carrot,83.93,Kg,historical_csv
2017-11-02,Carrot,92.86,Kg,historical_csv
2017-11-09,Carrot,95.71,Kg,historical_csv
2017-11-16,Carrot,98.57,Kg,historical_csv
2017-11-23,Carrot,97.5,Kg,historical_csv
2017-11-30,Carrot,97.5,Kg,historical_csv
2017-12-07,Carrot,93.75,Kg,historical_csv
2017-12-14,Carrot,86.43,Kg,historical_csv
2017-12-21,Carrot,51.67,Kg,historical_csv
2017-12-28,Carrot,47.5,Kg,historical_csv
2018-01-04,Carrot,42.5,Kg,historical_csv
2018-01-11,Carrot,48.21,Kg,historical_csv
2018-01-18,Carrot,49.17,Kg,historical_csv
2018-01-25,Carrot,43.93,Kg,historical_csv
2018-02-01,Carrot,42.71,Kg,historical_csv
2018-02-08,Carrot,36.07,Kg,historical_csv
2018-02-15,Carrot,30.79,Kg,historical_csv
2018-02-22,Carrot,30.07,Kg,historical_csv
2018-03-01,Carrot,30.14,Kg,historical_csv
2018-03-08,Carrot,30.83,Kg,historical_csv
2018-03-15,Carrot,28.57,Kg,historical_csv
2018-03-22,Carrot,27.5,Kg,historical_csv
2018-03-29,Carrot,27.5,Kg,historical_csv
2018-04-05,Carrot,28.86,Kg,historical_csv
2018-04-12,Carrot,31.79,Kg,historical_csv
2018-04-19,Carrot,43.93,Kg,historical_csv
2018-04-26,Carrot,41.07,Kg,historical_csv
2018-05-03,Carrot,48.21,Kg,historical_csv
2018-05-10,Carrot,48.21,Kg,historical_csv
2018-05-17,Carrot,55.36,Kg,historical_csv
2018-05-24,Carrot,51.79,Kg,historical_csv
2018-05-31,Carrot,56.79,Kg,historical_csv
2018-06-07,Carrot,58.93,Kg,historical_csv
2018-06-14,Carrot,59.64,Kg,historical_csv
2018-06-21,Carrot,94.64,Kg,historical_csv
2018-06-28,Carrot,103.57,Kg,historical_csv
2018-07-05,Carrot,105.0,Kg,historical_csv
2018-07-12,Carrot,105.0,Kg,historical_csv
2018-07-19,Carrot,103.57,Kg,historical_csv
2018-07-26,Carrot,103.57,Kg,historical_csv
2018-08-02,Carrot,112.14,Kg,historical_csv
2018-08-09,Carrot,107.86,Kg,historical_csv
2018-08-16,Carrot,103.57,Kg,historical_csv
2018-08-23,Carrot,105.0,Kg,historical_csv
2018-08-30,Carrot,118.33,Kg,historical_csv
2018-09-06,Carrot,155.0,Kg,historical_csv
2018-09-13,Carrot,147.86,Kg,historical_csv
2018-09-20,Carrot,130.71,Kg,historical_csv
2018-09-27,Carrot,128.86,Kg,historical_csv
2018-10-04,Carrot,126.43,Kg,historical_csv
2018-10-11,Carrot,104.29,Kg,historical_csv
2018-10-18,Carrot,97.5,Kg,historical_csv
2018-10-25,Carrot,112.14,Kg,historical_csv
2018-11-01,Carrot,100.71,Kg,historical_csv
2018-11-08,Carrot,119.29,Kg,historical_csv
2018-11-15,Carrot,115.0,Kg,historical_csv
2018-11-22,Carrot,122.5,Kg,historical_csv
2018-11-29,Carrot,113.93,Kg,historical_csv
2018-12-06,Carrot,84.29,Kg,historical_csv
2018-12-13,Carrot,77.5,Kg,historical_csv
2018-12-20,Carrot,79.64,Kg,historical_csv
2018-12-27,Carrot,61.79,Kg,historical_csv
2019-01-03,Carrot,57.5,Kg,historical_csv
2019-01-10,Carrot,51.79,Kg,historical_csv
2019-01-17,Carrot,46.07,Kg,historical_csv
2019-01-24,Carrot,42.5,Kg,historical_csv
2019-01-31,Carrot,34.5,Kg,historical_csv
2019-02-07,Carrot,27.5,Kg,historical_csv
2019-02-14,Carrot,23.21,Kg,historical_csv
2019-02-21,Carrot,20.07,Kg,historical_csv
2019-02-28,Carrot,17.5,Kg,historical_csv
2019-03-07,Carrot,17.5,Kg,historical_csv
2019-03-14,Carrot,19.29,Kg,historical_csv
2019-03-21,Carrot,17.86,Kg,historical_csv
2019-03-28,Carrot,28.21,Kg,historical_csv
2019-04-04,Carrot,26.79,Kg,historical_csv
2019-04-11,Carrot,23.21,Kg,historical_csv
2019-04-18,Carrot,24.64,Kg,historical_csv
2019-04-25,Carrot,25.21,Kg,historical_csv
2019-05-02,Carrot,25.0,Kg,historical_csv
2019-05-09,Carrot,26.71,Kg,historical_csv
2019-05-16,Carrot,43.93,Kg,historical_csv
2019-05-23,Carrot,44.29,Kg,historical_csv
2019-05-30,Carrot,46.07,Kg,historical_csv
2019-06-06,Carrot,47.5,Kg,historical_csv
2019-06-13,Carrot,63.21,Kg,historical_csv
2019-06-20,Carrot,77.5,Kg,historical_csv
2019-06-27,Carrot,80.36,Kg,historical_csv
2019-07-04,Carrot,95.36,Kg,historical_csv
2019-07-11,Carrot,96.79,Kg,historical_csv
2019-07-18,Carrot,97.5,Kg,historical_csv
2019-07-25,Carrot,97.5,Kg,historical_csv
2019-08-01,Carrot,97.5,Kg,historical_csv
2019-08-08,Carrot,97.5,Kg,historical_csv
2019-08-15,Carrot,97.5,Kg,historical_csv
2019-08-22,Carrot,97.0,Kg,historical_csv
2019-08-29,Carrot,97.5,Kg,historical_csv
2019-09-05,Carrot,97.5,Kg,historical_csv
2019-09-12,Carrot,97.5,Kg,historical_csv
2019-09-19,Carrot,97.5,Kg,historical_csv
2019-09-26,Carrot,97.5,Kg,historical_csv
2019-10-03,Carrot,97.5,Kg,historical_csv
2019-10-10,Carrot,119.5,Kg,historical_csv
2019-10-17,Carrot,110.71,Kg,historical_csv
2019-10-24,Carrot,118.57,Kg,historical_csv
2019-10-31,Carrot,135.0,Kg,historical_csv
2019-11-07,Carrot,140.71,Kg,historical_csv
2019-11-14,Carrot,146.43,Kg,historical_csv
2019-11-21,Carrot,111.25,Kg,historical_csv
2019-11-28,Carrot,90.36,Kg,historical_csv
2019-12-05,Carrot,90.89,Kg,historical_csv
2019-12-12,Carrot,96.25,Kg,historical_csv
2019-12-19,Carrot,94.11,Kg,historical_csv
2019-12-26,Carrot,76.43,Kg,historical_csv
2020-01-02,Carrot,67.68,Kg,historical_csv
2020-01-09,Carrot,60.18,Kg,historical_csv
2020-01-16,Carrot,51.96,Kg,historical_csv
2020-01-23,Carrot,44.64,Kg,historical_csv
2020-01-30,Carrot,34.39,Kg,historical_csv
2020-02-06,Carrot,29.64,Kg,historical_csv
2020-02-13,Carrot,28.93,Kg,historical_csv
2020-02-20,Carrot,27.5,Kg,historical_csv
2020-02-27,Carrot,27.5,Kg,historical_csv
2020-03-05,Carrot,30.0,Kg,historical_csv
2020-03-12,Carrot,29.75,Kg,historical_csv
2020-03-19,Carrot,29.64,Kg,historical_csv
2020-03-26,Carrot,30.42,Kg,historical_csv
2020-04-02,Carrot,29.64,Kg,historical_csv
2020-04-09,Carrot,27.5,Kg,historical_csv
2020-04-16,Carrot,28.75,Kg,historical_csv
2020-04-23,Carrot,25.65,Kg,historical_csv
2020-04-30,Carrot,22.93,Kg,historical_csv
2020-05-07,Carrot,22.86,Kg,historical_csv
2020-05-14,Carrot,22.5,Kg,historical_csv
2020-05-21,Carrot,20.32,Kg,historical_csv
2020-05-28,Carrot,19.29,Kg,historical_csv
2020-06-04,Carrot,17.68,Kg,historical_csv
2020-06-11,Carrot,23.75,Kg,historical_csv
2020-06-18,Carrot,31.79,Kg,historical_csv
2020-06-25,Carrot,45.36,Kg,historical_csv
2020-07-02,Carrot,47.5,Kg,historical_csv
2020-07-09,Carrot,51.07,Kg,historical_csv
2020-07-16,Carrot,52.08,Kg,historical_csv
2020-07-23,Carrot,56.79,Kg,historical_csv
2020-07-30,Carrot,61.43,Kg,historical_csv
2020-08-06,Carrot,65.71,Kg,historical_csv
2020-08-13,Carrot,58.21,Kg,historical_csv
2020-08-20,Carrot,57.5,Kg,historical_csv
2020-08-27,Carrot,54.42,Kg,historical_csv
2020-09-03,Carrot,46.43,Kg,historical_csv
2020-09-10,Carrot,50.36,Kg,historical_csv
2020-09-17,Carrot,47.14,Kg,historical_csv
2020-09-24,Carrot,47.5,Kg,historical_csv
2020-10-01,Carrot,53.21,Kg,historical_csv
2020-10-08,Carrot,86.67,Kg,historical_csv
2020-10-15,Carrot,115.0,Kg,historical_csv
2020-10-22,Carrot,112.14,Kg,historical_csv
2020-10-29,Carrot,136.43,Kg,historical_csv
2020-11-05,Carrot,104.64,Kg,historical_csv
2020-11-12,Carrot,73.57,Kg,historical_csv
2020-11-19,Carrot,73.57,Kg,historical_csv
2020-11-26,Carrot,68.21,Kg,historical_csv
2020-12-03,Carrot,63.57,Kg,historical_csv
2020-12-10,Carrot,68.93,Kg,historical_csv
2020-12-17,Carrot,83.57,Kg,historical_csv
2020-12-24,Carrot,85.0,Kg,historical_csv
2020-12-31,Carrot,97.14,Kg,historical_csv
2021-01-07,Carrot,94.82,Kg,historical_csv
2021-01-14,Carrot,68.04,Kg,historical_csv
2021-01-21,Carrot,81.61,Kg,historical_csv
2021-01-28,Carrot,62.14,Kg,historical_csv
2021-02-04,Carrot,54.46,Kg,historical_csv
2021-02-11,Carrot,53.04,Kg,historical_csv
2021-02-18,Carrot,49.11,Kg,historical_csv
2021-02-25,Carrot,44.64,Kg,historical_csv
2021-03-04,Carrot,40.5,Kg,historical_csv
2021-03-11,Carrot,42.68,Kg,historical_csv
2021-03-18,Carrot,53.75,Kg,historical_csv
2021-03-25,Carrot,52.86,Kg,historical_csv
2021-04-01,Carrot,50.0,Kg,historical_csv
2021-04-22,Carrot,81.88,Kg,historical_csv
2021-04-29,Carrot,68.21,Kg,historical_csv
2021-05-06,Carrot,55.0,Kg,historical_csv
2021-05-13,Carrot,51.07,Kg,historical_csv
2025-04-03,Carrot,53.33,Kg,historical_csv
2025-04-10,Carrot,57.86,Kg,historical_csv
2025-04-17,Carrot,73.75,Kg,historical_csv
2026-04-02,Carrot,56.56,Kg,historical_csv
2013-06-20,Cauliflower,30.0,Kg,historical_csv
2013-08-01,Cauliflower,52.5,Kg,historical_csv
2013-08-08,Cauliflower,62.25,Kg,historical_csv
2013-08-15,Cauliflower,58.75,Kg,historical_csv
2013-08-22,Cauliflower,56.88,Kg,historical_csv
2013-08-29,Cauliflower,50.0,Kg,historical_csv
2013-09-05,Cauliflower,53.33,Kg,historical_csv
2013-09-12,Cauliflower,45.42,Kg,historical_csv
2013-09-19,Cauliflower,44.2,Kg,historical_csv
2013-09-26,Cauliflower,36.67,Kg,historical_csv
2013-10-03,Cauliflower,44.58,Kg,historical_csv
2013-10-10,Cauliflower,47.5,Kg,historical_csv
2013-10-17,Cauliflower,51.07,Kg,historical_csv
2013-10-24,Cauliflower,40.7,Kg,historical_csv
2013-10-31,Cauliflower,53.75,Kg,historical_csv
2013-11-07,Cauliflower,80.0,Kg,historical_csv
2013-11-14,Cauliflower,62.5,Kg,historical_csv
2013-11-21,Cauliflower,56.17,Kg,historical_csv
2013-11-28,Cauliflower,40.42,Kg,historical_csv
2013-12-05,Cauliflower,40.17,Kg,historical_csv
2013-12-12,Cauliflower,43.5,Kg,historical_csv
2013-12-19,Cauliflower,41.8,Kg,historical_csv
2013-12-26,Cauliflower,36.4,Kg,historical_csv
2014-01-02,Cauliflower,23.6,Kg,historical_csv
2014-01-09,Cauliflower,22.38,Kg,historical_csv
2014-01-16,Cauliflower,22.95,Kg,historical_csv
2014-01-23,Cauliflower,17.75,Kg,historical_csv
2014-01-30,Cauliflower,15.5,Kg,historical_csv
2014-02-06,Cauliflower,19.65,Kg,historical_csv
2014-02-13,Cauliflower,24.79,Kg,historical_csv
2014-02-20,Cauliflower,29.6,Kg,historical_csv
2014-02-27,Cauliflower,25.7,Kg,historical_csv
2014-03-06,Cauliflower,26.44,Kg,historical_csv
2014-03-13,Cauliflower,22.12,Kg,historical_csv
2014-03-20,Cauliflower,22.1,Kg,historical_csv
2014-03-27,Cauliflower,15.58,Kg,historical_csv
2014-04-03,Cauliflower,19.2,Kg,historical_csv
2014-04-10,Cauliflower,21.25,Kg,historical_csv
2014-04-17,Cauliflower,25.65,Kg,historical_csv
2014-04-24,Cauliflower,31.0,Kg,historical_csv
2014-05-01,Cauliflower,34.5,Kg,historical_csv
2014-05-08,Cauliflower,32.96,Kg,historical_csv
2014-05-15,Cauliflower,34.25,Kg,historical_csv
2014-05-22,Cauliflower,33.67,Kg,historical_csv
2014-05-29,Cauliflower,40.5,Kg,historical_csv
2014-06-05,Cauliflower,52.92,Kg,historical_csv
2014-06-12,Cauliflower,41.5,Kg,historical_csv
2014-06-19,Cauliflower,43.75,Kg,historical_csv
2014-06-26,Cauliflower,33.5,Kg,historical_csv
2014-07-03,Cauliflower,32.08,Kg,historical_csv
2014-07-10,Cauliflower,41.43,Kg,historical_csv
2014-07-17,Cauliflower,46.07,Kg,historical_csv
2014-07-24,Cauliflower,46.07,Kg,historical_csv
2014-07-31,Cauliflower,44.29,Kg,historical_csv
2014-08-07,Cauliflower,42.29,Kg,historical_csv
2014-08-14,Cauliflower,40.07,Kg,historical_csv
2014-08-21,Cauliflower,41.43,Kg,historical_csv
2014-08-28,Cauliflower,48.57,Kg,historical_csv
2014-09-04,Cauliflower,43.75,Kg,historical_csv
2014-09-11,Cauliflower,55.57,Kg,historical_csv
2014-09-18,Cauliflower,62.5,Kg,historical_csv
2014-09-25,Cauliflower,57.5,Kg,historical_csv
2014-10-02,Cauliflower,65.0,Kg,historical_csv
2014-10-09,Cauliflower,41.25,Kg,historical_csv
2014-10-16,Cauliflower,52.92,Kg,historical_csv
2014-10-23,Cauliflower,44.75,Kg,historical_csv
2014-10-30,Cauliflower,47.5,Kg,historical_csv
2014-11-06,Cauliflower,36.43,Kg,historical_csv
2014-11-13,Cauliflower,25.46,Kg,historical_csv
2014-11-20,Cauliflower,17.71,Kg,historical_csv
2014-11-27,Cauliflower,25.57,Kg,historical_csv
2014-12-04,Cauliflower,28.43,Kg,historical_csv
2014-12-11,Cauliflower,32.5,Kg,historical_csv
2014-12-18,Cauliflower,39.64,Kg,historical_csv
2014-12-25,Cauliflower,37.08,Kg,historical_csv
2015-01-01,Cauliflower,38.68,Kg,historical_csv
2015-01-08,Cauliflower,28.07,Kg,historical_csv
2015-01-15,Cauliflower,19.58,Kg,historical_csv
2015-01-22,Cauliflower,22.25,Kg,historical_csv
2015-01-29,Cauliflower,18.75,Kg,historical_csv
2015-02-05,Cauliflower,20.21,Kg,historical_csv
2015-02-12,Cauliflower,20.0,Kg,historical_csv
2015-02-19,Cauliflower,16.46,Kg,historical_csv
2015-02-26,Cauliflower,12.71,Kg,historical_csv
2015-03-05,Cauliflower,13.12,Kg,historical_csv
2015-03-12,Cauliflower,12.7,Kg,historical_csv
2015-03-19,Cauliflower,15.07,Kg,historical_csv
2015-03-26,Cauliflower,15.54,Kg,historical_csv
2015-04-02,Cauliflower,12.86,Kg,historical_csv
2015-04-09,Cauliflower,22.42,Kg,historical_csv
2015-04-16,Cauliflower,31.17,Kg,historical_csv
2015-04-23,Cauliflower,21.5,Kg,historical_csv
2015-04-30,Cauliflower,30.57,Kg,historical_csv
2015-05-07,Cauliflower,18.29,Kg,historical_csv
2015-05-14,Cauliflower,21.17,Kg,historical_csv
2015-05-21,Cauliflower,18.86,Kg,historical_csv
2015-05-28,Cauliflower,18.64,Kg,historical_csv
2015-06-04,Cauliflower,33.21,Kg,historical_csv
2015-06-11,Cauliflower,48.93,Kg,historical_csv
2015-06-18,Cauliflower,49.19,Kg,historical_csv
2015-06-25,Cauliflower,37.68,Kg,historical_csv
2015-07-02,Cauliflower,40.58,Kg,historical_csv
2015-07-09,Cauliflower,51.55,Kg,historical_csv
2015-07-16,Cauliflower,55.77,Kg,historical_csv
2015-07-23,Cauliflower,55.0,Kg,historical_csv
2015-07-30,Cauliflower,51.96,Kg,historical_csv
2015-08-06,Cauliflower,48.0,Kg,historical_csv
2015-08-13,Cauliflower,39.64,Kg,historical_csv
2015-08-20,Cauliflower,41.79,Kg,historical_csv
2015-08-27,Cauliflower,50.0,Kg,historical_csv
2015-09-03,Cauliflower,55.0,Kg,historical_csv
2015-09-10,Cauliflower,57.86,Kg,historical_csv
2015-09-17,Cauliflower,54.07,Kg,historical_csv
2015-09-24,Cauliflower,44.86,Kg,historical_csv
2015-10-01,Cauliflower,41.43,Kg,historical_csv
2015-10-08,Cauliflower,47.86,Kg,historical_csv
2015-10-15,Cauliflower,46.07,Kg,historical_csv
2015-10-22,Cauliflower,43.93,Kg,historical_csv
2015-10-29,Cauliflower,33.57,Kg,historical_csv
2015-11-05,Cauliflower,28.64,Kg,historical_csv
2015-11-12,Cauliflower,27.79,Kg,historical_csv
2015-11-19,Cauliflower,29.79,Kg,historical_csv
2015-11-26,Cauliflower,23.93,Kg,historical_csv
2015-12-03,Cauliflower,22.29,Kg,historical_csv
2015-12-10,Cauliflower,27.86,Kg,historical_csv
2015-12-17,Cauliflower,31.07,Kg,historical_csv
2015-12-24,Cauliflower,35.21,Kg,historical_csv
2015-12-31,Cauliflower,53.93,Kg,historical_csv
2016-01-07,Cauliflower,33.04,Kg,historical_csv
2016-01-14,Cauliflower,22.96,Kg,historical_csv
2016-01-21,Cauliflower,21.71,Kg,historical_csv
2016-01-28,Cauliflower,23.68,Kg,historical_csv
2016-02-04,Cauliflower,25.29,Kg,historical_csv
2016-02-11,Cauliflower,22.32,Kg,historical_csv
2016-02-18,Cauliflower,23.0,Kg,historical_csv
2016-02-25,Cauliflower,26.36,Kg,historical_csv
2016-03-03,Cauliflower,26.75,Kg,historical_csv
2016-03-10,Cauliflower,30.0,Kg,historical_csv
2016-03-17,Cauliflower,27.33,Kg,historical_csv
2016-03-24,Cauliflower,38.39,Kg,historical_csv
2016-03-31,Cauliflower,42.5,Kg,historical_csv
2016-04-07,Cauliflower,51.79,Kg,historical_csv
2016-04-14,Cauliflower,59.29,Kg,historical_csv
2016-04-21,Cauliflower,53.93,Kg,historical_csv
2016-04-28,Cauliflower,59.64,Kg,historical_csv
2016-05-05,Cauliflower,63.57,Kg,historical_csv
2016-05-12,Cauliflower,67.86,Kg,historical_csv
2016-05-19,Cauliflower,62.14,Kg,historical_csv
2016-05-26,Cauliflower,60.71,Kg,historical_csv
2016-06-02,Cauliflower,59.29,Kg,historical_csv
2016-06-09,Cauliflower,57.86,Kg,historical_csv
2016-06-16,Cauliflower,49.14,Kg,historical_csv
2016-06-23,Cauliflower,24.0,Kg,historical_csv
2016-06-30,Cauliflower,36.79,Kg,historical_csv
2016-07-07,Cauliflower,43.93,Kg,historical_csv
2016-07-14,Cauliflower,62.14,Kg,historical_csv
2016-07-21,Cauliflower,69.29,Kg,historical_csv
2016-07-28,Cauliflower,58.57,Kg,historical_csv
2016-08-04,Cauliflower,58.93,Kg,historical_csv
2016-08-11,Cauliflower,54.29,Kg,historical_csv
2016-08-18,Cauliflower,52.86,Kg,historical_csv
2016-08-25,Cauliflower,51.79,Kg,historical_csv
2016-09-01,Cauliflower,63.43,Kg,historical_csv
2016-09-08,Cauliflower,69.29,Kg,historical_csv
2016-09-15,Cauliflower,77.14,Kg,historical_csv
2016-09-22,Cauliflower,82.5,Kg,historical_csv
2016-09-29,Cauliflower,82.86,Kg,historical_csv
2016-10-06,Cauliflower,74.29,Kg,historical_csv
2016-10-13,Cauliflower,75.71,Kg,historical_csv
2016-10-20,Cauliflower,60.0,Kg,historical_csv
2016-10-27,Cauliflower,59.29,Kg,historical_csv
2016-11-03,Cauliflower,97.5,Kg,historical_csv
2016-11-10,Cauliflower,86.43,Kg,historical_csv
2016-11-17,Cauliflower,77.86,Kg,historical_csv
2016-11-24,Cauliflower,53.04,Kg,historical_csv
2016-12-01,Cauliflower,35.54,Kg,historical_csv
2016-12-08,Cauliflower,28.86,Kg,historical_csv
2016-12-15,Cauliflower,35.57,Kg,historical_csv
2016-12-22,Cauliflower,33.96,Kg,historical_csv
2016-12-29,Cauliflower,22.82,Kg,historical_csv
2017-01-05,Cauliflower,16.18,Kg,historical_csv
2017-01-12,Cauliflower,17.82,Kg,historical_csv
2017-01-19,Cauliflower,27.86,Kg,historical_csv
2017-01-26,Cauliflower,27.5,Kg,historical_csv
2017-02-02,Cauliflower,26.64,Kg,historical_csv
2017-02-09,Cauliflower,16.86,Kg,historical_csv
2017-02-16,Cauliflower,15.0,Kg,historical_csv
2017-02-23,Cauliflower,14.93,Kg,historical_csv
2017-03-02,Cauliflower,14.62,Kg,historical_csv
2017-03-09,Cauliflower,13.92,Kg,historical_csv
2017-03-16,Cauliflower,25.0,Kg,historical_csv
2017-03-23,Cauliflower,20.32,Kg,historical_csv
2017-03-30,Cauliflower,19.32,Kg,historical_csv
2017-04-06,Cauliflower,19.29,Kg,historical_csv
2017-04-13,Cauliflower,23.21,Kg,historical_csv
2017-04-20,Cauliflower,32.0,Kg,historical_csv
2017-04-27,Cauliflower,31.79,Kg,historical_csv
2017-05-04,Cauliflower,41.79,Kg,historical_csv
2017-05-11,Cauliflower,42.14,Kg,historical_csv
2017-05-18,Cauliflower,47.08,Kg,historical_csv
2017-05-25,Cauliflower,44.64,Kg,historical_csv
2017-06-01,Cauliflower,48.21,Kg,historical_csv
2017-06-08,Cauliflower,50.36,Kg,historical_csv
2017-06-15,Cauliflower,59.5,Kg,historical_csv
2017-06-22,Cauliflower,66.07,Kg,historical_csv
2017-06-29,Cauliflower,74.29,Kg,historical_csv
2017-07-06,Cauliflower,71.07,Kg,historical_csv
2017-07-13,Cauliflower,55.36,Kg,historical_csv
2017-07-20,Cauliflower,54.64,Kg,historical_csv
2017-07-27,Cauliflower,53.93,Kg,historical_csv
2017-08-03,Cauliflower,56.07,Kg,historical_csv
2017-08-10,Cauliflower,54.29,Kg,historical_csv
2017-08-17,Cauliflower,56.07,Kg,historical_csv
2017-08-24,Cauliflower,83.93,Kg,historical_csv
2017-08-31,Cauliflower,83.21,Kg,historical_csv
2017-09-07,Cauliflower,75.36,Kg,historical_csv
2017-09-14,Cauliflower,77.5,Kg,historical_csv
2017-09-21,Cauliflower,72.08,Kg,historical_csv
2017-09-28,Cauliflower,70.93,Kg,historical_csv
2017-10-05,Cauliflower,64.29,Kg,historical_csv
2017-10-12,Cauliflower,55.36,Kg,historical_csv
2017-10-19,Cauliflower,68.21,Kg,historical_csv
2017-10-26,Cauliflower,97.14,Kg,historical_csv
2017-11-02,Cauliflower,83.57,Kg,historical_csv
2017-11-09,Cauliflower,80.71,Kg,historical_csv
2017-11-16,Cauliflower,69.64,Kg,historical_csv
2017-11-23,Cauliflower,51.07,Kg,historical_csv
2017-11-30,Cauliflower,42.79,Kg,historical_csv
2017-12-07,Cauliflower,36.67,Kg,historical_csv
2017-12-14,Cauliflower,28.5,Kg,historical_csv
2017-12-21,Cauliflower,20.25,Kg,historical_csv
2017-12-28,Cauliflower,20.75,Kg,historical_csv
2018-01-04,Cauliflower,22.07,Kg,historical_csv
2018-01-11,Cauliflower,27.5,Kg,historical_csv
2018-01-18,Cauliflower,42.5,Kg,historical_csv
2018-01-25,Cauliflower,37.25,Kg,historical_csv
2018-02-01,Cauliflower,31.64,Kg,historical_csv
2018-02-08,Cauliflower,39.5,Kg,historical_csv
2018-02-15,Cauliflower,44.29,Kg,historical_csv
2018-02-22,Cauliflower,37.14,Kg,historical_csv
2018-03-01,Cauliflower,29.0,Kg,historical_csv
2018-03-08,Cauliflower,24.54,Kg,historical_csv
2018-03-15,Cauliflower,31.04,Kg,historical_csv
2018-03-22,Cauliflower,39.11,Kg,historical_csv
2018-03-29,Cauliflower,48.57,Kg,historical_csv
2018-04-05,Cauliflower,53.21,Kg,historical_csv
2018-04-12,Cauliflower,54.64,Kg,historical_csv
2018-04-19,Cauliflower,53.93,Kg,historical_csv
2018-04-26,Cauliflower,43.93,Kg,historical_csv
2018-05-03,Cauliflower,43.93,Kg,historical_csv
2018-05-10,Cauliflower,35.36,Kg,historical_csv
2018-05-17,Cauliflower,31.07,Kg,historical_csv
2018-05-24,Cauliflower,28.64,Kg,historical_csv
2018-05-31,Cauliflower,42.5,Kg,historical_csv
2018-06-07,Cauliflower,58.43,Kg,historical_csv
2018-06-14,Cauliflower,71.07,Kg,historical_csv
2018-06-21,Cauliflower,80.36,Kg,historical_csv
2018-06-28,Cauliflower,75.36,Kg,historical_csv
2018-07-05,Cauliflower,60.36,Kg,historical_csv
2018-07-12,Cauliflower,41.79,Kg,historical_csv
2018-07-19,Cauliflower,51.79,Kg,historical_csv
2018-07-26,Cauliflower,50.36,Kg,historical_csv
2018-08-02,Cauliflower,51.07,Kg,historical_csv
2018-08-09,Cauliflower,61.79,Kg,historical_csv
2018-08-16,Cauliflower,82.5,Kg,historical_csv
2018-08-23,Cauliflower,93.57,Kg,historical_csv
2018-08-30,Cauliflower,85.36,Kg,historical_csv
2018-09-06,Cauliflower,93.21,Kg,historical_csv
2018-09-13,Cauliflower,100.71,Kg,historical_csv
2018-09-20,Cauliflower,102.86,Kg,historical_csv
2018-09-27,Cauliflower,98.21,Kg,historical_csv
2018-10-04,Cauliflower,91.07,Kg,historical_csv
2018-10-11,Cauliflower,78.93,Kg,historical_csv
2018-10-18,Cauliflower,64.29,Kg,historical_csv
2018-10-25,Cauliflower,36.43,Kg,historical_csv
2018-11-01,Cauliflower,31.07,Kg,historical_csv
2018-11-08,Cauliflower,33.93,Kg,historical_csv
2018-11-15,Cauliflower,23.21,Kg,historical_csv
2018-11-22,Cauliflower,15.36,Kg,historical_csv
2018-11-29,Cauliflower,15.0,Kg,historical_csv
2018-12-06,Cauliflower,15.71,Kg,historical_csv
2018-12-13,Cauliflower,26.25,Kg,historical_csv
2018-12-20,Cauliflower,40.71,Kg,historical_csv
2018-12-27,Cauliflower,35.61,Kg,historical_csv
2019-01-03,Cauliflower,32.07,Kg,historical_csv
2019-01-10,Cauliflower,31.43,Kg,historical_csv
2019-01-17,Cauliflower,27.79,Kg,historical_csv
2019-01-24,Cauliflower,23.36,Kg,historical_csv
2019-01-31,Cauliflower,15.82,Kg,historical_csv
2019-02-07,Cauliflower,14.68,Kg,historical_csv
2019-02-14,Cauliflower,19.29,Kg,historical_csv
2019-02-21,Cauliflower,14.64,Kg,historical_csv
2019-02-28,Cauliflower,15.5,Kg,historical_csv
2019-03-07,Cauliflower,17.75,Kg,historical_csv
2019-03-14,Cauliflower,24.5,Kg,historical_csv
2019-03-21,Cauliflower,19.14,Kg,historical_csv
2019-03-28,Cauliflower,19.14,Kg,historical_csv
2019-04-04,Cauliflower,17.86,Kg,historical_csv
2019-04-11,Cauliflower,26.43,Kg,historical_csv
2019-04-18,Cauliflower,31.07,Kg,historical_csv
2019-04-25,Cauliflower,39.86,Kg,historical_csv
2019-05-02,Cauliflower,55.36,Kg,historical_csv
2019-05-09,Cauliflower,59.64,Kg,historical_csv
2019-05-16,Cauliflower,61.79,Kg,historical_csv
2019-05-23,Cauliflower,60.0,Kg,historical_csv
2019-05-30,Cauliflower,66.07,Kg,historical_csv
2019-06-06,Cauliflower,74.29,Kg,historical_csv
2019-06-13,Cauliflower,90.0,Kg,historical_csv
2019-06-20,Cauliflower,86.79,Kg,historical_csv
2019-06-27,Cauliflower,70.0,Kg,historical_csv
2019-07-04,Cauliflower,69.29,Kg,historical_csv
2019-07-11,Cauliflower,74.64,Kg,historical_csv
2019-07-18,Cauliflower,68.93,Kg,historical_csv
2019-07-25,Cauliflower,73.57,Kg,historical_csv
2019-08-01,Cauliflower,86.79,Kg,historical_csv
2019-08-08,Cauliflower,85.57,Kg,historical_csv
2019-08-15,Cauliflower,82.5,Kg,historical_csv
2019-08-22,Cauliflower,72.5,Kg,historical_csv
2019-08-29,Cauliflower,79.29,Kg,historical_csv
2019-09-05,Cauliflower,90.0,Kg,historical_csv
2019-09-12,Cauliflower,73.93,Kg,historical_csv
2019-09-19,Cauliflower,93.21,Kg,historical_csv
2019-09-26,Cauliflower,87.14,Kg,historical_csv
2019-10-03,Cauliflower,93.93,Kg,historical_csv
2019-10-10,Cauliflower,104.29,Kg,historical_csv
2019-10-17,Cauliflower,81.07,Kg,historical_csv
2019-10-24,Cauliflower,81.07,Kg,historical_csv
2019-10-31,Cauliflower,116.07,Kg,historical_csv
2019-11-07,Cauliflower,91.79,Kg,historical_csv
2019-11-14,Cauliflower,89.11,Kg,historical_csv
2019-11-21,Cauliflower,89.46,Kg,historical_csv
2019-11-28,Cauliflower,81.43,Kg,historical_csv
2019-12-05,Cauliflower,86.61,Kg,historical_csv
2019-12-12,Cauliflower,95.36,Kg,historical_csv
2019-12-19,Cauliflower,87.38,Kg,historical_csv
2019-12-26,Cauliflower,74.21,Kg,historical_csv
2020-01-02,Cauliflower,75.48,Kg,historical_csv
2020-01-09,Cauliflower,69.64,Kg,historical_csv
2020-01-16,Cauliflower,45.83,Kg,historical_csv
2020-01-23,Cauliflower,36.79,Kg,historical_csv
2020-01-30,Cauliflower,33.45,Kg,historical_csv
2020-02-06,Cauliflower,31.55,Kg,historical_csv
2020-02-13,Cauliflower,27.14,Kg,historical_csv
2020-02-20,Cauliflower,25.24,Kg,historical_csv
2020-02-27,Cauliflower,25.18,Kg,historical_csv
2020-03-05,Cauliflower,30.75,Kg,historical_csv
2020-03-12,Cauliflower,35.54,Kg,historical_csv
2020-03-19,Cauliflower,31.71,Kg,historical_csv
2020-03-26,Cauliflower,35.83,Kg,historical_csv
2020-04-02,Cauliflower,33.21,Kg,historical_csv
2020-04-09,Cauliflower,25.0,Kg,historical_csv
2020-04-16,Cauliflower,29.38,Kg,historical_csv
2020-04-23,Cauliflower,24.0,Kg,historical_csv
2020-04-30,Cauliflower,24.04,Kg,historical_csv
2020-05-07,Cauliflower,24.46,Kg,historical_csv
2020-05-14,Cauliflower,22.96,Kg,historical_csv
2020-05-21,Cauliflower,23.68,Kg,historical_csv
2020-05-28,Cauliflower,19.82,Kg,historical_csv
2020-06-04,Cauliflower,15.0,Kg,historical_csv
2020-06-11,Cauliflower,23.93,Kg,historical_csv
2020-06-18,Cauliflower,28.93,Kg,historical_csv
2020-06-25,Cauliflower,31.79,Kg,historical_csv
2020-07-02,Cauliflower,38.93,Kg,historical_csv
2020-07-09,Cauliflower,50.36,Kg,historical_csv
2020-07-16,Cauliflower,85.0,Kg,historical_csv
2020-07-23,Cauliflower,105.83,Kg,historical_csv
2020-07-30,Cauliflower,116.07,Kg,historical_csv
2020-08-06,Cauliflower,113.57,Kg,historical_csv
2020-08-13,Cauliflower,110.0,Kg,historical_csv
2020-08-20,Cauliflower,113.21,Kg,historical_csv
2020-08-27,Cauliflower,110.71,Kg,historical_csv
2020-09-03,Cauliflower,115.71,Kg,historical_csv
2020-09-10,Cauliflower,117.86,Kg,historical_csv
2020-09-17,Cauliflower,113.57,Kg,historical_csv
2020-09-24,Cauliflower,87.5,Kg,historical_csv
2020-10-01,Cauliflower,95.0,Kg,historical_csv
2020-10-08,Cauliflower,109.64,Kg,historical_csv
2020-10-15,Cauliflower,100.71,Kg,historical_csv
2020-10-22,Cauliflower,77.86,Kg,historical_csv
2020-10-29,Cauliflower,92.14,Kg,historical_csv
2020-11-05,Cauliflower,79.29,Kg,historical_csv
2020-11-12,Cauliflower,70.0,Kg,historical_csv
2020-11-19,Cauliflower,90.0,Kg,historical_csv
2020-11-26,Cauliflower,56.79,Kg,historical_csv
2020-12-03,Cauliflower,50.83,Kg,historical_csv
2020-12-10,Cauliflower,39.17,Kg,historical_csv
2020-12-17,Cauliflower,23.81,Kg,historical_csv
2020-12-24,Cauliflower,35.24,Kg,historical_csv
2020-12-31,Cauliflower,38.21,Kg,historical_csv
2021-01-07,Cauliflower,33.33,Kg,historical_csv
2021-01-14,Cauliflower,24.52,Kg,historical_csv
2021-01-21,Cauliflower,19.38,Kg,historical_csv
2021-01-28,Cauliflower,20.5,Kg,historical_csv
2021-02-04,Cauliflower,29.17,Kg,historical_csv
2021-02-11,Cauliflower,40.6,Kg,historical_csv
2021-02-18,Cauliflower,29.52,Kg,historical_csv
2021-02-25,Cauliflower,26.38,Kg,historical_csv
2021-03-04,Cauliflower,25.28,Kg,historical_csv
2021-03-11,Cauliflower,32.14,Kg,historical_csv
2021-03-18,Cauliflower,41.43,Kg,historical_csv
2021-03-25,Cauliflower,46.55,Kg,historical_csv
2021-04-01,Cauliflower,49.17,Kg,historical_csv
2021-04-22,Cauliflower,61.25,Kg,historical_csv
2021-04-29,Cauliflower,66.61,Kg,historical_csv
2021-05-06,Cauliflower,38.21,Kg,historical_csv
2021-05-13,Cauliflower,35.71,Kg,historical_csv
2025-04-03,Cauliflower,57.78,Kg,historical_csv
2025-04-10,Cauliflower,62.98,Kg,historical_csv
2025-04-17,Cauliflower,61.11,Kg,historical_csv
2026-04-02,Cauliflower,56.67,Kg,historical_csv
2025-05-15,Cherry,397.48,1 Kg,synthetic
2025-07-17,Cherry,415.81,1 Kg,synthetic
2025-07-24,Cherry,447.73,1 Kg,synthetic
2025-07-31,Cherry,449.87,1 Kg,synthetic
2025-10-16,Cherry,456.24,1 Kg,synthetic
2025-10-23,Cherry,456.28,1 Kg,synthetic
2025-10-30,Cherry,449.88,1 Kg,synthetic
2025-11-06,Cherry,441.03,1 Kg,synthetic
2025-11-13,Cherry,450.76,1 Kg,synthetic
2025-11-20,Cherry,443.23,1 Kg,synthetic
2025-11-27,Cherry,459.75,1 Kg,synthetic
2025-12-11,Cherry,448.53,1 Kg,synthetic
2025-12-18,Cherry,441.75,1 Kg,synthetic
2026-01-01,Cherry,446.79,1 Kg,synthetic
2026-01-08,Cherry,454.13,1 Kg,synthetic
2026-01-15,Cherry,444.36,1 Kg,synthetic
2026-01-22,Cherry,441.78,1 Kg,synthetic
2026-01-29,Cherry,452.44,1 Kg,synthetic
2026-02-12,Cherry,452.45,1 Kg,synthetic
2026-02-19,Cherry,444.93,1 Kg,synthetic
2026-02-26,Cherry,445.28,1 Kg,synthetic
2026-03-05,Cherry,452.28,1 Kg,synthetic
2026-03-26,Cherry,434.74,1 Kg,synthetic
2026-04-02,Cherry,434.19,1 Kg,synthetic
2026-04-09,Cherry,439.25,1 Kg,synthetic
2026-04-16,Cherry,441.07,1 Kg,synthetic
2026-04-23,Cherry,441.15,1 Kg,synthetic
2026-04-30,Cherry,445.29,1 Kg,synthetic
2026-05-07,Cherry,429.29,1 Kg,synthetic
2026-05-14,Cherry,407.64,1 Kg,synthetic
2026-05-21,Cherry,397.37,1 Kg,synthetic
2026-06-04,Cherry,371.36,1 Kg,synthetic
2026-06-11,Cherry,380.04,1 Kg,synthetic
2026-06-18,Cherry,381.51,1 Kg,synthetic
2026-07-02,Cherry,407.38,1 Kg,synthetic
2026-07-09,Cherry,407.66,1 Kg,synthetic
2025-05-15,Chickpea,225.88,1 Kg,synthetic
2025-07-17,Chickpea,243.08,1 Kg,synthetic
2025-07-24,Chickpea,235.03,1 Kg,synthetic
2025-07-31,Chickpea,234.71,1 Kg,synthetic
2025-10-16,Chickpea,242.09,1 Kg,synthetic
2025-10-23,Chickpea,241.19,1 Kg,synthetic
2025-10-30,Chickpea,241.0,1 Kg,synthetic
2025-11-06,Chickpea,241.39,1 Kg,synthetic
2025-11-13,Chickpea,237.28,1 Kg,synthetic
2025-11-20,Chickpea,240.93,1 Kg,synthetic
2025-11-27,Chickpea,241.17,1 Kg,synthetic
2025-12-11,Chickpea,237.14,1 Kg,synthetic
2025-12-18,Chickpea,247.46,1 Kg,synthetic
2026-01-01,Chickpea,241.89,1 Kg,synthetic
2026-01-08,Chickpea,235.23,1 Kg,synthetic
2026-01-15,Chickpea,242.61,1 Kg,synthetic
2026-01-22,Chickpea,236.05,1 Kg,synthetic
2026-01-29,Chickpea,243.02,1 Kg,synthetic
2026-02-12,Chickpea,243.95,1 Kg,synthetic
2026-02-19,Chickpea,235.31,1 Kg,synthetic
2026-02-26,Chickpea,241.21,1 Kg,synthetic
2026-03-05,Chickpea,237.05,1 Kg,synthetic
2026-03-26,Chickpea,228.12,1 Kg,synthetic
2026-04-02,Chickpea,228.3,1 Kg,synthetic
2026-04-09,Chickpea,216.33,1 Kg,synthetic
2026-04-16,Chickpea,212.3,1 Kg,synthetic
2026-04-23,Chickpea,211.62,1 Kg,synthetic
2026-04-30,Chickpea,213.66,1 Kg,synthetic
2026-05-07,Chickpea,219.85,1 Kg,synthetic
2026-05-14,Chickpea,225.6,1 Kg,synthetic
2026-05-21,Chickpea,229.52,1 Kg,synthetic
2026-06-04,Chickpea,238.36,1 Kg,synthetic
2026-06-11,Chickpea,237.18,1 Kg,synthetic
2026-06-18,Chickpea,244.27,1 Kg,synthetic
2026-07-02,Chickpea,238.59,1 Kg,synthetic
2026-07-09,Chickpea,250.73,1 Kg,synthetic
2013-06-20,Coriander,97.5,Kg,historical_csv
2013-08-01,Coriander,108.33,Kg,historical_csv
2013-08-08,Coriander,120.0,Kg,historical_csv
2013-08-15,Coriander,151.67,Kg,historical_csv
2013-08-22,Coriander,135.0,Kg,historical_csv
2013-08-29,Coriander,134.0,Kg,historical_csv
2013-09-05,Coriander,128.33,Kg,historical_csv
2013-09-12,Coriander,113.33,Kg,historical_csv
2013-09-19,Coriander,87.0,Kg,historical_csv
2013-09-26,Coriander,79.17,Kg,historical_csv
2013-10-03,Coriander,61.67,Kg,historical_csv
2013-10-10,Coriander,70.0,Kg,historical_csv
2013-10-17,Coriander,103.21,Kg,historical_csv
2013-10-24,Coriander,61.0,Kg,historical_csv
2013-10-31,Coriander,94.17,Kg,historical_csv
2013-11-07,Coriander,105.0,Kg,historical_csv
2013-11-14,Coriander,67.0,Kg,historical_csv
2013-11-21,Coriander,88.33,Kg,historical_csv
2013-11-28,Coriander,76.67,Kg,historical_csv
2013-12-05,Coriander,87.5,Kg,historical_csv
2013-12-12,Coriander,71.67,Kg,historical_csv
2013-12-19,Coriander,69.0,Kg,historical_csv
2013-12-26,Coriander,67.0,Kg,historical_csv
2014-01-02,Coriander,65.0,Kg,historical_csv
2014-01-09,Coriander,75.0,Kg,historical_csv
2014-01-16,Coriander,59.5,Kg,historical_csv
2014-01-23,Coriander,58.33,Kg,historical_csv
2014-01-30,Coriander,40.8,Kg,historical_csv
2014-02-06,Coriander,42.0,Kg,historical_csv
2014-02-13,Coriander,45.42,Kg,historical_csv
2014-02-20,Coriander,53.0,Kg,historical_csv
2014-02-27,Coriander,61.0,Kg,historical_csv
2014-03-06,Coriander,48.12,Kg,historical_csv
2014-03-13,Coriander,38.75,Kg,historical_csv
2014-03-20,Coriander,41.0,Kg,historical_csv
2014-03-27,Coriander,30.0,Kg,historical_csv
2014-04-03,Coriander,34.5,Kg,historical_csv
2014-04-10,Coriander,39.5,Kg,historical_csv
2014-04-17,Coriander,38.5,Kg,historical_csv
2014-04-24,Coriander,57.0,Kg,historical_csv
2014-05-01,Coriander,45.5,Kg,historical_csv
2014-05-08,Coriander,59.58,Kg,historical_csv
2014-05-15,Coriander,76.5,Kg,historical_csv
2014-05-22,Coriander,136.67,Kg,historical_csv
2014-05-29,Coriander,165.0,Kg,historical_csv
2014-06-05,Coriander,175.0,Kg,historical_csv
2014-06-12,Coriander,210.83,Kg,historical_csv
2014-06-19,Coriander,205.0,Kg,historical_csv
2014-06-26,Coriander,141.0,Kg,historical_csv
2014-07-03,Coriander,107.5,Kg,historical_csv
2014-07-10,Coriander,78.57,Kg,historical_csv
2014-07-17,Coriander,60.71,Kg,historical_csv
2014-07-24,Coriander,64.64,Kg,historical_csv
2014-07-31,Coriander,67.86,Kg,historical_csv
2014-08-07,Coriander,82.86,Kg,historical_csv
2014-08-14,Coriander,108.57,Kg,historical_csv
2014-08-21,Coriander,134.29,Kg,historical_csv
2014-08-28,Coriander,220.0,Kg,historical_csv
2014-09-04,Coriander,243.33,Kg,historical_csv
2014-09-11,Coriander,214.29,Kg,historical_csv
2014-09-18,Coriander,161.79,Kg,historical_csv
2014-09-25,Coriander,130.83,Kg,historical_csv
2014-10-02,Coriander,187.5,Kg,historical_csv
2014-10-09,Coriander,125.0,Kg,historical_csv
2014-10-16,Coriander,115.0,Kg,historical_csv
2014-10-23,Coriander,47.08,Kg,historical_csv
2014-10-30,Coriander,63.75,Kg,historical_csv
2014-11-06,Coriander,63.57,Kg,historical_csv
2014-11-13,Coriander,86.43,Kg,historical_csv
2014-11-20,Coriander,72.14,Kg,historical_csv
2014-11-27,Coriander,143.57,Kg,historical_csv
2014-12-04,Coriander,134.29,Kg,historical_csv
2014-12-11,Coriander,130.71,Kg,historical_csv
2014-12-18,Coriander,107.14,Kg,historical_csv
2014-12-25,Coriander,88.33,Kg,historical_csv
2015-01-01,Coriander,74.29,Kg,historical_csv
2015-01-08,Coriander,81.43,Kg,historical_csv
2015-01-15,Coriander,67.5,Kg,historical_csv
2015-01-22,Coriander,55.0,Kg,historical_csv
2015-01-29,Coriander,70.0,Kg,historical_csv
2015-02-05,Coriander,50.42,Kg,historical_csv
2015-02-12,Coriander,47.86,Kg,historical_csv
2015-02-19,Coriander,42.92,Kg,historical_csv
2015-02-26,Coriander,38.33,Kg,historical_csv
2015-03-05,Coriander,47.5,Kg,historical_csv
2015-03-12,Coriander,38.5,Kg,historical_csv
2015-03-19,Coriander,42.08,Kg,historical_csv
2015-03-26,Coriander,38.57,Kg,historical_csv
2015-04-02,Coriander,38.0,Kg,historical_csv
2015-04-09,Coriander,36.67,Kg,historical_csv
2015-04-16,Coriander,47.5,Kg,historical_csv
2015-04-23,Coriander,61.07,Kg,historical_csv
2015-04-30,Coriander,61.07,Kg,historical_csv
2015-05-07,Coriander,46.07,Kg,historical_csv
2015-05-14,Coriander,42.08,Kg,historical_csv
2015-05-21,Coriander,42.5,Kg,historical_csv
2015-05-28,Coriander,41.07,Kg,historical_csv
2015-06-04,Coriander,42.5,Kg,historical_csv
2015-06-11,Coriander,51.43,Kg,historical_csv
2015-06-18,Coriander,86.56,Kg,historical_csv
2015-06-25,Coriander,97.95,Kg,historical_csv
2015-07-02,Coriander,178.75,Kg,historical_csv
2015-07-09,Coriander,270.91,Kg,historical_csv
2015-07-16,Coriander,156.92,Kg,historical_csv
2015-07-23,Coriander,119.62,Kg,historical_csv
2015-07-30,Coriander,72.92,Kg,historical_csv
2015-08-06,Coriander,67.86,Kg,historical_csv
2015-08-13,Coriander,55.0,Kg,historical_csv
2015-08-20,Coriander,65.36,Kg,historical_csv
2015-08-27,Coriander,67.86,Kg,historical_csv
2015-09-03,Coriander,90.36,Kg,historical_csv
2015-09-10,Coriander,92.14,Kg,historical_csv
2015-09-17,Coriander,97.86,Kg,historical_csv
2015-09-24,Coriander,111.43,Kg,historical_csv
2015-10-01,Coriander,105.71,Kg,historical_csv
2015-10-08,Coriander,171.43,Kg,historical_csv
2015-10-15,Coriander,153.57,Kg,historical_csv
2015-10-22,Coriander,125.0,Kg,historical_csv
2015-10-29,Coriander,116.43,Kg,historical_csv
2015-11-05,Coriander,99.29,Kg,historical_csv
2015-11-12,Coriander,80.71,Kg,historical_csv
2015-11-19,Coriander,73.57,Kg,historical_csv
2015-11-26,Coriander,87.86,Kg,historical_csv
2015-12-03,Coriander,90.71,Kg,historical_csv
2015-12-10,Coriander,93.57,Kg,historical_csv
2015-12-17,Coriander,72.14,Kg,historical_csv
2015-12-24,Coriander,76.43,Kg,historical_csv
2015-12-31,Coriander,107.86,Kg,historical_csv
2016-01-07,Coriander,92.14,Kg,historical_csv
2016-01-14,Coriander,67.86,Kg,historical_csv
2016-01-21,Coriander,93.57,Kg,historical_csv
2016-01-28,Coriander,99.29,Kg,historical_csv
2016-02-04,Coriander,97.86,Kg,historical_csv
2016-02-11,Coriander,92.14,Kg,historical_csv
2016-02-18,Coriander,89.29,Kg,historical_csv
2016-02-25,Coriander,69.29,Kg,historical_csv
2016-03-03,Coriander,51.67,Kg,historical_csv
2016-03-10,Coriander,42.14,Kg,historical_csv
2016-03-17,Coriander,32.5,Kg,historical_csv
2016-03-24,Coriander,34.29,Kg,historical_csv
2016-03-31,Coriander,50.36,Kg,historical_csv
2016-04-07,Coriander,95.0,Kg,historical_csv
2016-04-14,Coriander,152.14,Kg,historical_csv
2016-04-21,Coriander,153.57,Kg,historical_csv
2016-04-28,Coriander,95.0,Kg,historical_csv
2016-05-05,Coriander,149.29,Kg,historical_csv
2016-05-12,Coriander,165.0,Kg,historical_csv
2016-05-19,Coriander,157.86,Kg,historical_csv
2016-05-26,Coriander,146.43,Kg,historical_csv
2016-06-02,Coriander,147.86,Kg,historical_csv
2016-06-09,Coriander,97.86,Kg,historical_csv
2016-06-16,Coriander,55.0,Kg,historical_csv
2016-06-23,Coriander,53.57,Kg,historical_csv
2016-06-30,Coriander,50.71,Kg,historical_csv
2016-07-07,Coriander,49.29,Kg,historical_csv
2016-07-14,Coriander,117.86,Kg,historical_csv
2016-07-21,Coriander,165.0,Kg,historical_csv
2016-07-28,Coriander,206.43,Kg,historical_csv
2016-08-04,Coriander,260.71,Kg,historical_csv
2016-08-11,Coriander,430.71,Kg,historical_csv
2016-08-18,Coriander,422.14,Kg,historical_csv
2016-08-25,Coriander,299.29,Kg,historical_csv
2016-09-01,Coriander,292.14,Kg,historical_csv
2016-09-08,Coriander,242.86,Kg,historical_csv
2016-09-15,Coriander,170.0,Kg,historical_csv
2016-09-22,Coriander,126.43,Kg,historical_csv
2016-09-29,Coriander,180.71,Kg,historical_csv
2016-10-06,Coriander,145.0,Kg,historical_csv
2016-10-13,Coriander,169.29,Kg,historical_csv
2016-10-20,Coriander,102.14,Kg,historical_csv
2016-10-27,Coriander,130.71,Kg,historical_csv
2016-11-03,Coriander,199.29,Kg,historical_csv
2016-11-10,Coriander,216.43,Kg,historical_csv
2016-11-17,Coriander,215.0,Kg,historical_csv
2016-11-24,Coriander,150.71,Kg,historical_csv
2016-12-01,Coriander,130.71,Kg,historical_csv
2016-12-08,Coriander,93.57,Kg,historical_csv
2016-12-15,Coriander,95.0,Kg,historical_csv
2016-12-22,Coriander,92.14,Kg,historical_csv
2016-12-29,Coriander,90.71,Kg,historical_csv
2017-01-05,Coriander,73.57,Kg,historical_csv
2017-01-12,Coriander,60.71,Kg,historical_csv
2017-01-19,Coriander,73.57,Kg,historical_csv
2017-01-26,Coriander,72.86,Kg,historical_csv
2017-02-02,Coriander,66.43,Kg,historical_csv
2017-02-09,Coriander,48.93,Kg,historical_csv
2017-02-16,Coriander,39.29,Kg,historical_csv
2017-02-23,Coriander,36.43,Kg,historical_csv
2017-03-02,Coriander,32.92,Kg,historical_csv
2017-03-09,Coriander,38.75,Kg,historical_csv
2017-03-16,Coriander,68.75,Kg,historical_csv
2017-03-23,Coriander,52.5,Kg,historical_csv
2017-03-30,Coriander,50.36,Kg,historical_csv
2017-04-06,Coriander,53.57,Kg,historical_csv
2017-04-13,Coriander,52.5,Kg,historical_csv
2017-04-20,Coriander,80.71,Kg,historical_csv
2017-04-27,Coriander,76.43,Kg,historical_csv
2017-05-04,Coriander,77.5,Kg,historical_csv
2017-05-11,Coriander,70.71,Kg,historical_csv
2017-05-18,Coriander,86.67,Kg,historical_csv
2017-05-25,Coriander,69.29,Kg,historical_csv
2017-06-01,Coriander,89.29,Kg,historical_csv
2017-06-08,Coriander,96.43,Kg,historical_csv
2017-06-15,Coriander,73.57,Kg,historical_csv
2017-06-22,Coriander,99.29,Kg,historical_csv
2017-06-29,Coriander,115.0,Kg,historical_csv
2017-07-06,Coriander,122.14,Kg,historical_csv
2017-07-13,Coriander,129.29,Kg,historical_csv
2017-07-20,Coriander,147.86,Kg,historical_csv
2017-07-27,Coriander,139.29,Kg,historical_csv
2017-08-03,Coriander,119.29,Kg,historical_csv
2017-08-10,Coriander,116.43,Kg,historical_csv
2017-08-17,Coriander,195.71,Kg,historical_csv
2017-08-24,Coriander,270.0,Kg,historical_csv
2017-08-31,Coriander,276.43,Kg,historical_csv
2017-09-07,Coriander,222.14,Kg,historical_csv
2017-09-14,Coriander,175.0,Kg,historical_csv
2017-09-21,Coriander,121.67,Kg,historical_csv
2017-09-28,Coriander,146.43,Kg,historical_csv
2017-10-05,Coriander,139.29,Kg,historical_csv
2017-10-12,Coriander,112.14,Kg,historical_csv
2017-10-19,Coriander,130.71,Kg,historical_csv
2017-10-26,Coriander,205.0,Kg,historical_csv
2017-11-02,Coriander,182.14,Kg,historical_csv
2017-11-09,Coriander,286.43,Kg,historical_csv
2017-11-16,Coriander,363.57,Kg,historical_csv
2017-11-23,Coriander,280.71,Kg,historical_csv
2017-11-30,Coriander,150.71,Kg,historical_csv
2017-12-07,Coriander,93.33,Kg,historical_csv
2017-12-14,Coriander,112.14,Kg,historical_csv
2017-12-21,Coriander,78.33,Kg,historical_csv
2017-12-28,Coriander,65.0,Kg,historical_csv
2018-01-04,Coriander,69.29,Kg,historical_csv
2018-01-11,Coriander,86.43,Kg,historical_csv
2018-01-18,Coriander,98.33,Kg,historical_csv
2018-01-25,Coriander,89.29,Kg,historical_csv
2018-02-01,Coriander,70.71,Kg,historical_csv
2018-02-08,Coriander,73.93,Kg,historical_csv
2018-02-15,Coriander,62.14,Kg,historical_csv
2018-02-22,Coriander,53.57,Kg,historical_csv
2018-03-01,Coriander,50.71,Kg,historical_csv
2018-03-08,Coriander,51.67,Kg,historical_csv
2018-03-15,Coriander,55.36,Kg,historical_csv
2018-03-22,Coriander,57.5,Kg,historical_csv
2018-03-29,Coriander,72.5,Kg,historical_csv
2018-04-05,Coriander,105.0,Kg,historical_csv
2018-04-12,Coriander,109.29,Kg,historical_csv
2018-04-19,Coriander,112.14,Kg,historical_csv
2018-04-26,Coriander,95.0,Kg,historical_csv
2018-05-03,Coriander,95.0,Kg,historical_csv
2018-05-10,Coriander,70.71,Kg,historical_csv
2018-05-17,Coriander,105.71,Kg,historical_csv
2018-05-24,Coriander,102.14,Kg,historical_csv
2018-05-31,Coriander,93.57,Kg,historical_csv
2018-06-07,Coriander,82.14,Kg,historical_csv
2018-06-14,Coriander,79.29,Kg,historical_csv
2018-06-21,Coriander,86.43,Kg,historical_csv
2018-06-28,Coriander,92.14,Kg,historical_csv
2018-07-05,Coriander,142.14,Kg,historical_csv
2018-07-12,Coriander,154.29,Kg,historical_csv
2018-07-19,Coriander,210.71,Kg,historical_csv
2018-07-26,Coriander,260.71,Kg,historical_csv
2018-08-02,Coriander,259.29,Kg,historical_csv
2018-08-09,Coriander,337.14,Kg,historical_csv
2018-08-16,Coriander,451.43,Kg,historical_csv
2018-08-23,Coriander,510.83,Kg,historical_csv
2018-08-30,Coriander,416.43,Kg,historical_csv
2018-09-06,Coriander,232.86,Kg,historical_csv
2018-09-13,Coriander,270.0,Kg,historical_csv
2018-09-20,Coriander,202.14,Kg,historical_csv
2018-09-27,Coriander,119.29,Kg,historical_csv
2018-10-04,Coriander,85.0,Kg,historical_csv
2018-10-11,Coriander,89.29,Kg,historical_csv
2018-10-18,Coriander,113.57,Kg,historical_csv
2018-10-25,Coriander,100.71,Kg,historical_csv
2018-11-01,Coriander,86.43,Kg,historical_csv
2018-11-08,Coriander,86.43,Kg,historical_csv
2018-11-15,Coriander,125.71,Kg,historical_csv
2018-11-22,Coriander,86.43,Kg,historical_csv
2018-11-29,Coriander,89.29,Kg,historical_csv
2018-12-06,Coriander,95.0,Kg,historical_csv
2018-12-13,Coriander,139.29,Kg,historical_csv
2018-12-20,Coriander,147.86,Kg,historical_csv
2018-12-27,Coriander,147.86,Kg,historical_csv
2019-01-03,Coriander,161.43,Kg,historical_csv
2019-01-10,Coriander,152.14,Kg,historical_csv
2019-01-17,Coriander,126.43,Kg,historical_csv
2019-01-24,Coriander,103.57,Kg,historical_csv
2019-01-31,Coriander,95.71,Kg,historical_csv
2019-02-07,Coriander,69.29,Kg,historical_csv
2019-02-14,Coriander,79.64,Kg,historical_csv
2019-02-21,Coriander,63.57,Kg,historical_csv
2019-02-28,Coriander,48.57,Kg,historical_csv
2019-03-07,Coriander,55.42,Kg,historical_csv
2019-03-14,Coriander,53.57,Kg,historical_csv
2019-03-21,Coriander,45.0,Kg,historical_csv
2019-03-28,Coriander,43.93,Kg,historical_csv
2019-04-04,Coriander,46.43,Kg,historical_csv
2019-04-11,Coriander,59.29,Kg,historical_csv
2019-04-18,Coriander,56.43,Kg,historical_csv
2019-04-25,Coriander,50.71,Kg,historical_csv
2019-05-02,Coriander,48.21,Kg,historical_csv
2019-05-09,Coriander,96.43,Kg,historical_csv
2019-05-16,Coriander,147.86,Kg,historical_csv
2019-05-23,Coriander,146.43,Kg,historical_csv
2019-05-30,Coriander,160.0,Kg,historical_csv
2019-06-06,Coriander,172.14,Kg,historical_csv
2019-06-13,Coriander,270.0,Kg,historical_csv
2019-06-20,Coriander,395.0,Kg,historical_csv
2019-06-27,Coriander,294.29,Kg,historical_csv
2019-07-04,Coriander,182.14,Kg,historical_csv
2019-07-11,Coriander,149.64,Kg,historical_csv
2019-07-18,Coriander,207.14,Kg,historical_csv
2019-07-25,Coriander,156.43,Kg,historical_csv
2019-08-01,Coriander,191.43,Kg,historical_csv
2019-08-08,Coriander,155.71,Kg,historical_csv
2019-08-15,Coriander,135.0,Kg,historical_csv
2019-08-22,Coriander,126.43,Kg,historical_csv
2019-08-29,Coriander,237.14,Kg,historical_csv
2019-09-05,Coriander,244.29,Kg,historical_csv
2019-09-12,Coriander,189.29,Kg,historical_csv
2019-09-19,Coriander,263.0,Kg,historical_csv
2019-09-26,Coriander,345.71,Kg,historical_csv
2019-10-03,Coriander,353.33,Kg,historical_csv
2019-10-10,Coriander,595.0,Kg,historical_csv
2019-10-17,Coriander,362.14,Kg,historical_csv
2019-10-24,Coriander,305.0,Kg,historical_csv
2019-10-31,Coriander,345.0,Kg,historical_csv
2019-11-07,Coriander,255.0,Kg,historical_csv
2019-11-14,Coriander,215.0,Kg,historical_csv
2019-11-21,Coriander,167.14,Kg,historical_csv
2019-11-28,Coriander,96.43,Kg,historical_csv
2019-12-05,Coriander,89.29,Kg,historical_csv
2019-12-12,Coriander,72.14,Kg,historical_csv
2019-12-19,Coriander,94.29,Kg,historical_csv
2019-12-26,Coriander,70.71,Kg,historical_csv
2020-01-02,Coriander,70.71,Kg,historical_csv
2020-01-09,Coriander,93.57,Kg,historical_csv
2020-01-16,Coriander,83.93,Kg,historical_csv
2020-01-23,Coriander,73.57,Kg,historical_csv
2020-01-30,Coriander,47.86,Kg,historical_csv
2020-02-06,Coriander,50.71,Kg,historical_csv
2020-02-13,Coriander,52.14,Kg,historical_csv
2020-02-20,Coriander,57.5,Kg,historical_csv
2020-02-27,Coriander,59.29,Kg,historical_csv
2020-03-05,Coriander,53.33,Kg,historical_csv
2020-03-12,Coriander,45.0,Kg,historical_csv
2020-03-19,Coriander,41.07,Kg,historical_csv
2020-03-26,Coriander,60.0,Kg,historical_csv
2020-04-02,Coriander,77.86,Kg,historical_csv
2020-04-09,Coriander,51.67,Kg,historical_csv
2020-04-16,Coriander,45.0,Kg,historical_csv
2020-04-23,Coriander,43.0,Kg,historical_csv
2020-04-30,Coriander,44.64,Kg,historical_csv
2020-05-07,Coriander,43.21,Kg,historical_csv
2020-05-14,Coriander,37.5,Kg,historical_csv
2020-05-21,Coriander,49.29,Kg,historical_csv
2020-05-28,Coriander,52.14,Kg,historical_csv
2020-06-04,Coriander,55.0,Kg,historical_csv
2020-06-11,Coriander,55.0,Kg,historical_csv
2020-06-18,Coriander,65.0,Kg,historical_csv
2020-06-25,Coriander,119.29,Kg,historical_csv
2020-07-02,Coriander,445.0,Kg,historical_csv
2020-07-09,Coriander,483.57,Kg,historical_csv
2020-07-16,Coriander,401.25,Kg,historical_csv
2020-07-23,Coriander,349.29,Kg,historical_csv
2020-07-30,Coriander,311.43,Kg,historical_csv
2020-08-06,Coriander,336.43,Kg,historical_csv
2020-08-13,Coriander,165.71,Kg,historical_csv
2020-08-20,Coriander,104.29,Kg,historical_csv
2020-08-27,Coriander,89.29,Kg,historical_csv
2020-09-03,Coriander,132.14,Kg,historical_csv
2020-09-10,Coriander,133.57,Kg,historical_csv
2020-09-17,Coriander,90.71,Kg,historical_csv
2020-09-24,Coriander,119.29,Kg,historical_csv
2020-10-01,Coriander,246.43,Kg,historical_csv
2020-10-08,Coriander,364.29,Kg,historical_csv
2020-10-15,Coriander,390.71,Kg,historical_csv
2020-10-22,Coriander,266.43,Kg,historical_csv
2020-10-29,Coriander,215.36,Kg,historical_csv
2020-11-05,Coriander,129.29,Kg,historical_csv
2020-11-12,Coriander,182.86,Kg,historical_csv
2020-11-19,Coriander,217.86,Kg,historical_csv
2020-11-26,Coriander,197.14,Kg,historical_csv
2020-12-03,Coriander,224.29,Kg,historical_csv
2020-12-10,Coriander,148.57,Kg,historical_csv
2020-12-17,Coriander,107.86,Kg,historical_csv
2020-12-24,Coriander,113.57,Kg,historical_csv
2020-12-31,Coriander,122.14,Kg,historical_csv
2021-01-07,Coriander,100.0,Kg,historical_csv
2021-01-14,Coriander,92.14,Kg,historical_csv
2021-01-21,Coriander,90.71,Kg,historical_csv
2021-01-28,Coriander,91.43,Kg,historical_csv
2021-02-04,Coriander,86.43,Kg,historical_csv
2021-02-11,Coriander,109.29,Kg,historical_csv
2021-02-18,Coriander,86.43,Kg,historical_csv
2021-02-25,Coriander,75.71,Kg,historical_csv
2021-03-04,Coriander,57.5,Kg,historical_csv
2021-03-11,Coriander,49.29,Kg,historical_csv
2021-03-18,Coriander,47.86,Kg,historical_csv
2021-03-25,Coriander,60.71,Kg,historical_csv
2021-04-01,Coriander,88.33,Kg,historical_csv
2021-04-22,Coriander,110.0,Kg,historical_csv
2021-04-29,Coriander,83.57,Kg,historical_csv
2021-05-06,Coriander,62.14,Kg,historical_csv
2021-05-13,Coriander,62.14,Kg,historical_csv
2025-04-03,Coriander,75.0,Kg,historical_csv
2025-04-10,Coriander,77.86,Kg,historical_csv
2025-04-17,Coriander,86.67,Kg,historical_csv
2026-04-02,Coriander,91.67,Kg,historical_csv
2025-05-15,Cotton,9038.63,40 Kg,synthetic
2025-07-17,Cotton,8988.76,40 Kg,synthetic
2025-07-24,Cotton,8711.95,40 Kg,synthetic
2025-07-31,Cotton,8995.33,40 Kg,synthetic
2025-10-16,Cotton,8438.67,40 Kg,synthetic
2025-10-23,Cotton,8713.41,40 Kg,synthetic
2025-10-30,Cotton,8273.38,40 Kg,synthetic
2025-11-06,Cotton,8359.09,40 Kg,synthetic
2025-11-13,Cotton,8370.96,40 Kg,synthetic
2025-11-20,Cotton,8300.28,40 Kg,synthetic
2025-11-27,Cotton,8763.83,40 Kg,synthetic
2025-12-11,Cotton,8918.16,40 Kg,synthetic
2025-12-18,Cotton,8999.09,40 Kg,synthetic
2026-01-01,Cotton,8863.59,40 Kg,synthetic
2026-01-08,Cotton,9210.42,40 Kg,synthetic
2026-01-15,Cotton,8789.72,40 Kg,synthetic
2026-01-22,Cotton,9088.03,40 Kg,synthetic
2026-01-29,Cotton,9328.57,40 Kg,synthetic
2026-02-12,Cotton,8851.42,40 Kg,synthetic
2026-02-19,Cotton,8915.06,40 Kg,synthetic
2026-02-26,Cotton,9014.95,40 Kg,synthetic
2026-03-05,Cotton,8924.48,40 Kg,synthetic
2026-03-26,Cotton,8767.4,40 Kg,synthetic
2026-04-02,Cotton,9010.28,40 Kg,synthetic
2026-04-09,Cotton,8840.65,40 Kg,synthetic
2026-04-16,Cotton,9071.04,40 Kg,synthetic
2026-04-23,Cotton,8862.09,40 Kg,synthetic
2026-04-30,Cotton,9232.49,40 Kg,synthetic
2026-05-07,Cotton,8882.51,40 Kg,synthetic
2026-05-14,Cotton,8951.69,40 Kg,synthetic
2026-05-21,Cotton,9122.03,40 Kg,synthetic
2026-06-04,Cotton,8815.37,40 Kg,synthetic
2026-06-11,Cotton,9034.12,40 Kg,synthetic
2026-06-18,Cotton,9196.07,40 Kg,synthetic
2026-07-02,Cotton,8758.87,40 Kg,synthetic
2026-07-09,Cotton,9027.68,40 Kg,synthetic
2013-06-20,Cucumber,27.5,Kg,historical_csv
2013-08-01,Cucumber,27.0,Kg,historical_csv
2013-08-08,Cucumber,26.67,Kg,historical_csv
2013-08-15,Cucumber,27.25,Kg,historical_csv
2013-08-22,Cucumber,22.5,Kg,historical_csv
2013-08-29,Cucumber,26.5,Kg,historical_csv
2013-09-05,Cucumber,33.33,Kg,historical_csv
2013-09-12,Cucumber,42.5,Kg,historical_csv
2013-09-19,Cucumber,38.5,Kg,historical_csv
2013-09-26,Cucumber,32.08,Kg,historical_csv
2013-10-03,Cucumber,30.0,Kg,historical_csv
2013-10-10,Cucumber,30.83,Kg,historical_csv
2013-10-17,Cucumber,62.5,Kg,historical_csv
2013-10-24,Cucumber,45.5,Kg,historical_csv
2013-10-31,Cucumber,70.0,Kg,historical_csv
2013-11-07,Cucumber,40.0,Kg,historical_csv
2013-11-14,Cucumber,35.5,Kg,historical_csv
2013-11-21,Cucumber,24.83,Kg,historical_csv
2013-11-28,Cucumber,21.67,Kg,historical_csv
2013-12-05,Cucumber,26.33,Kg,historical_csv
2013-12-12,Cucumber,38.5,Kg,historical_csv
2013-12-19,Cucumber,40.4,Kg,historical_csv
2013-12-26,Cucumber,47.0,Kg,historical_csv
2014-01-02,Cucumber,36.5,Kg,historical_csv
2014-01-09,Cucumber,54.0,Kg,historical_csv
2014-01-16,Cucumber,45.2,Kg,historical_csv
2014-01-23,Cucumber,39.17,Kg,historical_csv
2014-01-30,Cucumber,32.3,Kg,historical_csv
2014-02-06,Cucumber,24.5,Kg,historical_csv
2014-02-13,Cucumber,27.0,Kg,historical_csv
2014-02-20,Cucumber,24.5,Kg,historical_csv
2014-02-27,Cucumber,27.5,Kg,historical_csv
2014-03-06,Cucumber,60.62,Kg,historical_csv
2014-03-13,Cucumber,52.92,Kg,historical_csv
2014-03-20,Cucumber,62.5,Kg,historical_csv
2014-03-27,Cucumber,56.25,Kg,historical_csv
2014-04-03,Cucumber,53.5,Kg,historical_csv
2014-04-10,Cucumber,48.5,Kg,historical_csv
2014-04-17,Cucumber,37.8,Kg,historical_csv
2014-04-24,Cucumber,27.5,Kg,historical_csv
2014-05-01,Cucumber,33.5,Kg,historical_csv
2014-05-08,Cucumber,30.42,Kg,historical_csv
2014-05-15,Cucumber,46.0,Kg,historical_csv
2014-05-22,Cucumber,47.08,Kg,historical_csv
2014-05-29,Cucumber,39.5,Kg,historical_csv
2014-06-05,Cucumber,44.58,Kg,historical_csv
2014-06-12,Cucumber,48.33,Kg,historical_csv
2014-06-19,Cucumber,54.58,Kg,historical_csv
2014-06-26,Cucumber,48.0,Kg,historical_csv
2014-07-03,Cucumber,56.67,Kg,historical_csv
2014-07-10,Cucumber,56.79,Kg,historical_csv
2014-07-17,Cucumber,54.64,Kg,historical_csv
2014-07-24,Cucumber,53.57,Kg,historical_csv
2014-07-31,Cucumber,47.5,Kg,historical_csv
2014-08-07,Cucumber,51.43,Kg,historical_csv
2014-08-14,Cucumber,43.93,Kg,historical_csv
2014-08-21,Cucumber,45.57,Kg,historical_csv
2014-08-28,Cucumber,52.14,Kg,historical_csv
2014-09-04,Cucumber,50.0,Kg,historical_csv
2014-09-11,Cucumber,40.71,Kg,historical_csv
2014-09-18,Cucumber,35.71,Kg,historical_csv
2014-09-25,Cucumber,35.42,Kg,historical_csv
2014-10-02,Cucumber,33.75,Kg,historical_csv
2014-10-09,Cucumber,35.0,Kg,historical_csv
2014-10-16,Cucumber,39.17,Kg,historical_csv
2014-10-23,Cucumber,48.33,Kg,historical_csv
2014-10-30,Cucumber,57.5,Kg,historical_csv
2014-11-06,Cucumber,26.79,Kg,historical_csv
2014-11-13,Cucumber,33.93,Kg,historical_csv
2014-11-20,Cucumber,40.57,Kg,historical_csv
2014-11-27,Cucumber,37.71,Kg,historical_csv
2014-12-04,Cucumber,34.43,Kg,historical_csv
2014-12-11,Cucumber,31.0,Kg,historical_csv
2014-12-18,Cucumber,21.36,Kg,historical_csv
2014-12-25,Cucumber,18.58,Kg,historical_csv
2015-01-01,Cucumber,16.43,Kg,historical_csv
2015-01-08,Cucumber,16.36,Kg,historical_csv
2015-01-15,Cucumber,22.0,Kg,historical_csv
2015-01-22,Cucumber,25.36,Kg,historical_csv
2015-01-29,Cucumber,30.0,Kg,historical_csv
2015-02-05,Cucumber,37.5,Kg,historical_csv
2015-02-12,Cucumber,49.64,Kg,historical_csv
2015-02-19,Cucumber,77.92,Kg,historical_csv
2015-02-26,Cucumber,55.42,Kg,historical_csv
2015-03-05,Cucumber,56.88,Kg,historical_csv
2015-03-12,Cucumber,47.5,Kg,historical_csv
2015-03-19,Cucumber,42.33,Kg,historical_csv
2015-03-26,Cucumber,41.79,Kg,historical_csv
2015-04-02,Cucumber,43.71,Kg,historical_csv
2015-04-09,Cucumber,53.75,Kg,historical_csv
2015-04-16,Cucumber,39.67,Kg,historical_csv
2015-04-23,Cucumber,34.86,Kg,historical_csv
2015-04-30,Cucumber,47.14,Kg,historical_csv
2015-05-07,Cucumber,27.5,Kg,historical_csv
2015-05-14,Cucumber,22.33,Kg,historical_csv
2015-05-21,Cucumber,23.36,Kg,historical_csv
2015-05-28,Cucumber,34.71,Kg,historical_csv
2015-06-04,Cucumber,39.64,Kg,historical_csv
2015-06-11,Cucumber,55.0,Kg,historical_csv
2015-06-18,Cucumber,55.0,Kg,historical_csv
2015-06-25,Cucumber,48.55,Kg,historical_csv
2015-07-02,Cucumber,43.38,Kg,historical_csv
2015-07-09,Cucumber,47.05,Kg,historical_csv
2015-07-16,Cucumber,47.19,Kg,historical_csv
2015-07-23,Cucumber,46.54,Kg,historical_csv
2015-07-30,Cucumber,43.75,Kg,historical_csv
2015-08-06,Cucumber,46.07,Kg,historical_csv
2015-08-13,Cucumber,37.86,Kg,historical_csv
2015-08-20,Cucumber,33.93,Kg,historical_csv
2015-08-27,Cucumber,35.36,Kg,historical_csv
2015-09-03,Cucumber,41.07,Kg,historical_csv
2015-09-10,Cucumber,35.0,Kg,historical_csv
2015-09-17,Cucumber,42.5,Kg,historical_csv
2015-09-24,Cucumber,43.57,Kg,historical_csv
2015-10-01,Cucumber,36.79,Kg,historical_csv
2015-10-08,Cucumber,45.93,Kg,historical_csv
2015-10-15,Cucumber,58.21,Kg,historical_csv
2015-10-22,Cucumber,72.5,Kg,historical_csv
2015-10-29,Cucumber,80.71,Kg,historical_csv
2015-11-05,Cucumber,76.79,Kg,historical_csv
2015-11-12,Cucumber,81.79,Kg,historical_csv
2015-11-19,Cucumber,80.71,Kg,historical_csv
2015-11-26,Cucumber,77.14,Kg,historical_csv
2015-12-03,Cucumber,69.64,Kg,historical_csv
2015-12-10,Cucumber,84.29,Kg,historical_csv
2015-12-17,Cucumber,85.71,Kg,historical_csv
2015-12-24,Cucumber,84.29,Kg,historical_csv
2015-12-31,Cucumber,78.21,Kg,historical_csv
2016-01-07,Cucumber,82.86,Kg,historical_csv
2016-01-14,Cucumber,84.29,Kg,historical_csv
2016-01-21,Cucumber,84.29,Kg,historical_csv
2016-01-28,Cucumber,85.0,Kg,historical_csv
2016-02-04,Cucumber,85.0,Kg,historical_csv
2016-02-11,Cucumber,57.5,Kg,historical_csv
2016-02-18,Cucumber,44.64,Kg,historical_csv
2016-02-25,Cucumber,44.64,Kg,historical_csv
2016-03-03,Cucumber,44.58,Kg,historical_csv
2016-03-10,Cucumber,86.79,Kg,historical_csv
2016-03-17,Cucumber,66.67,Kg,historical_csv
2016-03-24,Cucumber,74.29,Kg,historical_csv
2016-03-31,Cucumber,73.21,Kg,historical_csv
2016-04-07,Cucumber,63.21,Kg,historical_csv
2016-04-14,Cucumber,78.93,Kg,historical_csv
2016-04-21,Cucumber,78.93,Kg,historical_csv
2016-04-28,Cucumber,67.86,Kg,historical_csv
2016-05-05,Cucumber,66.79,Kg,historical_csv
2016-05-12,Cucumber,61.43,Kg,historical_csv
2016-05-19,Cucumber,56.43,Kg,historical_csv
2016-05-26,Cucumber,53.57,Kg,historical_csv
2016-06-02,Cucumber,52.14,Kg,historical_csv
2016-06-09,Cucumber,49.29,Kg,historical_csv
2016-06-16,Cucumber,51.07,Kg,historical_csv
2016-06-23,Cucumber,38.21,Kg,historical_csv
2016-06-30,Cucumber,45.0,Kg,historical_csv
2016-07-07,Cucumber,49.29,Kg,historical_csv
2016-07-14,Cucumber,59.64,Kg,historical_csv
2016-07-21,Cucumber,52.86,Kg,historical_csv
2016-07-28,Cucumber,47.5,Kg,historical_csv
2016-08-04,Cucumber,47.86,Kg,historical_csv
2016-08-11,Cucumber,41.07,Kg,historical_csv
2016-08-18,Cucumber,40.36,Kg,historical_csv
2016-08-25,Cucumber,46.43,Kg,historical_csv
2016-09-01,Cucumber,44.14,Kg,historical_csv
2016-09-08,Cucumber,49.29,Kg,historical_csv
2016-09-15,Cucumber,45.36,Kg,historical_csv
2016-09-22,Cucumber,60.36,Kg,historical_csv
2016-09-29,Cucumber,63.07,Kg,historical_csv
2016-10-06,Cucumber,61.43,Kg,historical_csv
2016-10-13,Cucumber,65.36,Kg,historical_csv
2016-10-20,Cucumber,55.71,Kg,historical_csv
2016-10-27,Cucumber,55.0,Kg,historical_csv
2016-11-03,Cucumber,71.79,Kg,historical_csv
2016-11-10,Cucumber,63.21,Kg,historical_csv
2016-11-17,Cucumber,55.0,Kg,historical_csv
2016-11-24,Cucumber,54.86,Kg,historical_csv
2016-12-01,Cucumber,55.0,Kg,historical_csv
2016-12-08,Cucumber,56.79,Kg,historical_csv
2016-12-15,Cucumber,55.36,Kg,historical_csv
2016-12-22,Cucumber,45.36,Kg,historical_csv
2016-12-29,Cucumber,29.58,Kg,historical_csv
2017-01-05,Cucumber,22.5,Kg,historical_csv
2017-01-12,Cucumber,22.5,Kg,historical_csv
2017-01-19,Cucumber,31.64,Kg,historical_csv
2017-01-26,Cucumber,28.71,Kg,historical_csv
2017-02-02,Cucumber,29.21,Kg,historical_csv
2017-02-09,Cucumber,32.5,Kg,historical_csv
2017-02-16,Cucumber,38.21,Kg,historical_csv
2017-02-23,Cucumber,40.0,Kg,historical_csv
2017-03-02,Cucumber,42.5,Kg,historical_csv
2017-03-09,Cucumber,42.92,Kg,historical_csv
2017-03-16,Cucumber,50.42,Kg,historical_csv
2017-03-23,Cucumber,54.64,Kg,historical_csv
2017-03-30,Cucumber,52.5,Kg,historical_csv
2017-04-06,Cucumber,47.5,Kg,historical_csv
2017-04-13,Cucumber,50.36,Kg,historical_csv
2017-04-20,Cucumber,75.36,Kg,historical_csv
2017-04-27,Cucumber,61.43,Kg,historical_csv
2017-05-04,Cucumber,73.21,Kg,historical_csv
2017-05-11,Cucumber,52.5,Kg,historical_csv
2017-05-18,Cucumber,48.75,Kg,historical_csv
2017-05-25,Cucumber,51.07,Kg,historical_csv
2017-06-01,Cucumber,51.07,Kg,historical_csv
2017-06-08,Cucumber,53.21,Kg,historical_csv
2017-06-15,Cucumber,60.36,Kg,historical_csv
2017-06-22,Cucumber,61.79,Kg,historical_csv
2017-06-29,Cucumber,53.21,Kg,historical_csv
2017-07-06,Cucumber,51.07,Kg,historical_csv
2017-07-13,Cucumber,53.21,Kg,historical_csv
2017-07-20,Cucumber,48.93,Kg,historical_csv
2017-07-27,Cucumber,48.93,Kg,historical_csv
2017-08-03,Cucumber,50.36,Kg,historical_csv
2017-08-10,Cucumber,49.64,Kg,historical_csv
2017-08-17,Cucumber,43.21,Kg,historical_csv
2017-08-24,Cucumber,54.29,Kg,historical_csv
2017-08-31,Cucumber,57.14,Kg,historical_csv
2017-09-07,Cucumber,51.07,Kg,historical_csv
2017-09-14,Cucumber,52.86,Kg,historical_csv
2017-09-21,Cucumber,49.17,Kg,historical_csv
2017-09-28,Cucumber,49.64,Kg,historical_csv
2017-10-05,Cucumber,61.07,Kg,historical_csv
2017-10-12,Cucumber,46.07,Kg,historical_csv
2017-10-19,Cucumber,60.0,Kg,historical_csv
2017-10-26,Cucumber,75.71,Kg,historical_csv
2017-11-02,Cucumber,77.86,Kg,historical_csv
2017-11-09,Cucumber,42.5,Kg,historical_csv
2017-11-16,Cucumber,23.21,Kg,historical_csv
2017-11-23,Cucumber,29.64,Kg,historical_csv
2017-11-30,Cucumber,41.07,Kg,historical_csv
2017-12-07,Cucumber,50.83,Kg,historical_csv
2017-12-14,Cucumber,55.36,Kg,historical_csv
2017-12-21,Cucumber,35.0,Kg,historical_csv
2017-12-28,Cucumber,32.5,Kg,historical_csv
2018-01-04,Cucumber,42.5,Kg,historical_csv
2018-01-11,Cucumber,30.36,Kg,historical_csv
2018-01-18,Cucumber,39.42,Kg,historical_csv
2018-01-25,Cucumber,50.36,Kg,historical_csv
2018-02-01,Cucumber,33.21,Kg,historical_csv
2018-02-08,Cucumber,38.93,Kg,historical_csv
2018-02-15,Cucumber,46.07,Kg,historical_csv
2018-02-22,Cucumber,56.64,Kg,historical_csv
2018-03-01,Cucumber,61.43,Kg,historical_csv
2018-03-08,Cucumber,47.5,Kg,historical_csv
2018-03-15,Cucumber,38.57,Kg,historical_csv
2018-03-22,Cucumber,66.07,Kg,historical_csv
2018-03-29,Cucumber,77.14,Kg,historical_csv
2018-04-05,Cucumber,73.93,Kg,historical_csv
2018-04-12,Cucumber,70.0,Kg,historical_csv
2018-04-19,Cucumber,59.64,Kg,historical_csv
2018-04-26,Cucumber,49.64,Kg,historical_csv
2018-05-03,Cucumber,48.21,Kg,historical_csv
2018-05-10,Cucumber,44.29,Kg,historical_csv
2018-05-17,Cucumber,46.79,Kg,historical_csv
2018-05-24,Cucumber,48.21,Kg,historical_csv
2018-05-31,Cucumber,48.93,Kg,historical_csv
2018-06-07,Cucumber,62.5,Kg,historical_csv
2018-06-14,Cucumber,61.79,Kg,historical_csv
2018-06-21,Cucumber,66.07,Kg,historical_csv
2018-06-28,Cucumber,58.93,Kg,historical_csv
2018-07-05,Cucumber,47.5,Kg,historical_csv
2018-07-12,Cucumber,58.21,Kg,historical_csv
2018-07-19,Cucumber,61.43,Kg,historical_csv
2018-07-26,Cucumber,48.93,Kg,historical_csv
2018-08-02,Cucumber,46.43,Kg,historical_csv
2018-08-09,Cucumber,36.43,Kg,historical_csv
2018-08-16,Cucumber,35.71,Kg,historical_csv
2018-08-23,Cucumber,36.07,Kg,historical_csv
2018-08-30,Cucumber,34.64,Kg,historical_csv
2018-09-06,Cucumber,44.64,Kg,historical_csv
2018-09-13,Cucumber,57.5,Kg,historical_csv
2018-09-20,Cucumber,56.79,Kg,historical_csv
2018-09-27,Cucumber,51.07,Kg,historical_csv
2018-10-04,Cucumber,58.93,Kg,historical_csv
2018-10-11,Cucumber,56.79,Kg,historical_csv
2018-10-18,Cucumber,62.14,Kg,historical_csv
2018-10-25,Cucumber,58.21,Kg,historical_csv
2018-11-01,Cucumber,61.07,Kg,historical_csv
2018-11-08,Cucumber,75.36,Kg,historical_csv
2018-11-15,Cucumber,36.43,Kg,historical_csv
2018-11-22,Cucumber,22.5,Kg,historical_csv
2018-11-29,Cucumber,22.5,Kg,historical_csv
2018-12-06,Cucumber,26.43,Kg,historical_csv
2018-12-13,Cucumber,34.64,Kg,historical_csv
2018-12-20,Cucumber,44.64,Kg,historical_csv
2018-12-27,Cucumber,36.64,Kg,historical_csv
2019-01-03,Cucumber,42.14,Kg,historical_csv
2019-01-10,Cucumber,57.5,Kg,historical_csv
2019-01-17,Cucumber,67.5,Kg,historical_csv
2019-01-24,Cucumber,66.79,Kg,historical_csv
2019-01-31,Cucumber,67.5,Kg,historical_csv
2019-02-07,Cucumber,67.14,Kg,historical_csv
2019-02-14,Cucumber,99.29,Kg,historical_csv
2019-02-21,Cucumber,66.07,Kg,historical_csv
2019-02-28,Cucumber,68.21,Kg,historical_csv
2019-03-07,Cucumber,51.67,Kg,historical_csv
2019-03-14,Cucumber,62.86,Kg,historical_csv
2019-03-21,Cucumber,42.5,Kg,historical_csv
2019-03-28,Cucumber,64.64,Kg,historical_csv
2019-04-04,Cucumber,63.21,Kg,historical_csv
2019-04-11,Cucumber,61.07,Kg,historical_csv
2019-04-18,Cucumber,65.71,Kg,historical_csv
2019-04-25,Cucumber,61.43,Kg,historical_csv
2019-05-02,Cucumber,60.71,Kg,historical_csv
2019-05-09,Cucumber,48.93,Kg,historical_csv
2019-05-16,Cucumber,43.93,Kg,historical_csv
2019-05-23,Cucumber,39.64,Kg,historical_csv
2019-05-30,Cucumber,44.64,Kg,historical_csv
2019-06-06,Cucumber,32.32,Kg,historical_csv
2019-06-13,Cucumber,37.32,Kg,historical_csv
2019-06-20,Cucumber,47.14,Kg,historical_csv
2019-06-27,Cucumber,43.21,Kg,historical_csv
2019-07-04,Cucumber,45.0,Kg,historical_csv
2019-07-11,Cucumber,43.75,Kg,historical_csv
2019-07-18,Cucumber,62.14,Kg,historical_csv
2019-07-25,Cucumber,84.42,Kg,historical_csv
2019-08-01,Cucumber,63.86,Kg,historical_csv
2019-08-08,Cucumber,68.21,Kg,historical_csv
2019-08-15,Cucumber,47.68,Kg,historical_csv
2019-08-22,Cucumber,48.14,Kg,historical_csv
2019-08-29,Cucumber,43.21,Kg,historical_csv
2019-09-05,Cucumber,55.54,Kg,historical_csv
2019-09-12,Cucumber,45.89,Kg,historical_csv
2019-09-19,Cucumber,40.18,Kg,historical_csv
2019-09-26,Cucumber,48.93,Kg,historical_csv
2019-10-03,Cucumber,52.32,Kg,historical_csv
2019-10-10,Cucumber,60.54,Kg,historical_csv
2019-10-17,Cucumber,45.18,Kg,historical_csv
2019-10-24,Cucumber,40.14,Kg,historical_csv
2019-10-31,Cucumber,72.95,Kg,historical_csv
2019-11-07,Cucumber,118.27,Kg,historical_csv
2019-11-14,Cucumber,126.43,Kg,historical_csv
2019-11-21,Cucumber,114.29,Kg,historical_csv
2019-11-28,Cucumber,78.93,Kg,historical_csv
2019-12-05,Cucumber,70.36,Kg,historical_csv
2019-12-12,Cucumber,63.93,Kg,historical_csv
2019-12-19,Cucumber,57.68,Kg,historical_csv
2019-12-26,Cucumber,49.64,Kg,historical_csv
2020-01-02,Cucumber,76.43,Kg,historical_csv
2020-01-09,Cucumber,83.75,Kg,historical_csv
2020-01-16,Cucumber,82.14,Kg,historical_csv
2020-01-23,Cucumber,85.89,Kg,historical_csv
2020-01-30,Cucumber,81.96,Kg,historical_csv
2020-02-06,Cucumber,81.96,Kg,historical_csv
2020-02-13,Cucumber,76.07,Kg,historical_csv
2020-02-20,Cucumber,74.64,Kg,historical_csv
2020-02-27,Cucumber,47.78,Kg,historical_csv
2020-03-05,Cucumber,58.21,Kg,historical_csv
2020-03-12,Cucumber,77.32,Kg,historical_csv
2020-03-19,Cucumber,58.39,Kg,historical_csv
2020-03-26,Cucumber,48.46,Kg,historical_csv
2020-04-02,Cucumber,30.36,Kg,historical_csv
2020-04-09,Cucumber,25.25,Kg,historical_csv
2020-04-16,Cucumber,27.5,Kg,historical_csv
2020-04-23,Cucumber,18.33,Kg,historical_csv
2020-04-30,Cucumber,24.75,Kg,historical_csv
2020-05-07,Cucumber,22.32,Kg,historical_csv
2020-05-14,Cucumber,20.42,Kg,historical_csv
2020-05-21,Cucumber,18.75,Kg,historical_csv
2020-05-28,Cucumber,21.07,Kg,historical_csv
2020-06-04,Cucumber,30.28,Kg,historical_csv
2020-06-11,Cucumber,34.64,Kg,historical_csv
2020-06-18,Cucumber,27.68,Kg,historical_csv
2020-06-25,Cucumber,26.07,Kg,historical_csv
2020-07-02,Cucumber,28.0,Kg,historical_csv
2020-07-09,Cucumber,27.0,Kg,historical_csv
2020-07-16,Cucumber,23.25,Kg,historical_csv
2020-07-23,Cucumber,30.0,Kg,historical_csv
2020-07-30,Cucumber,33.75,Kg,historical_csv
2020-08-06,Cucumber,32.14,Kg,historical_csv
2020-08-13,Cucumber,26.25,Kg,historical_csv
2020-08-20,Cucumber,26.79,Kg,historical_csv
2020-08-27,Cucumber,32.75,Kg,historical_csv
2020-09-03,Cucumber,28.64,Kg,historical_csv
2020-09-10,Cucumber,32.68,Kg,historical_csv
2020-09-17,Cucumber,36.25,Kg,historical_csv
2020-09-24,Cucumber,37.75,Kg,historical_csv
2020-10-01,Cucumber,40.75,Kg,historical_csv
2020-10-08,Cucumber,43.75,Kg,historical_csv
2020-10-15,Cucumber,38.68,Kg,historical_csv
2020-10-22,Cucumber,38.75,Kg,historical_csv
2020-10-29,Cucumber,85.0,Kg,historical_csv
2020-11-05,Cucumber,71.61,Kg,historical_csv
2020-11-12,Cucumber,51.96,Kg,historical_csv
2020-11-19,Cucumber,106.15,Kg,historical_csv
2020-11-26,Cucumber,70.89,Kg,historical_csv
2020-12-03,Cucumber,65.89,Kg,historical_csv
2020-12-10,Cucumber,73.93,Kg,historical_csv
2020-12-17,Cucumber,52.68,Kg,historical_csv
2020-12-24,Cucumber,50.54,Kg,historical_csv
2020-12-31,Cucumber,59.29,Kg,historical_csv
2021-01-07,Cucumber,63.93,Kg,historical_csv
2021-01-14,Cucumber,57.68,Kg,historical_csv
2021-01-21,Cucumber,70.0,Kg,historical_csv
2021-01-28,Cucumber,75.36,Kg,historical_csv
2021-02-04,Cucumber,70.0,Kg,historical_csv
2021-02-11,Cucumber,71.11,Kg,historical_csv
2021-02-18,Cucumber,63.44,Kg,historical_csv
2021-02-25,Cucumber,68.33,Kg,historical_csv
2021-03-04,Cucumber,83.54,Kg,historical_csv
2021-03-11,Cucumber,66.43,Kg,historical_csv
2021-03-18,Cucumber,69.46,Kg,historical_csv
2021-03-25,Cucumber,55.36,Kg,historical_csv
2021-04-01,Cucumber,63.75,Kg,historical_csv
2021-04-22,Cucumber,55.62,Kg,historical_csv
2021-04-29,Cucumber,53.39,Kg,historical_csv
2021-05-06,Cucumber,43.04,Kg,historical_csv
2021-05-13,Cucumber,38.93,Kg,historical_csv
2025-04-03,Cucumber,75.0,Kg,historical_csv
2025-04-10,Cucumber,66.54,Kg,historical_csv
2025-04-17,Cucumber,58.12,Kg,historical_csv
2026-04-02,Cucumber,60.0,Kg,historical_csv
2013-06-20,Garlic,69.17,Kg,historical_csv
2013-08-01,Garlic,66.94,Kg,historical_csv
2013-08-08,Garlic,62.08,Kg,historical_csv
2013-08-15,Garlic,62.22,Kg,historical_csv
2013-08-22,Garlic,62.08,Kg,historical_csv
2013-08-29,Garlic,65.83,Kg,historical_csv
2013-09-05,Garlic,63.61,Kg,historical_csv
2013-09-12,Garlic,78.89,Kg,historical_csv
2013-09-19,Garlic,82.17,Kg,historical_csv
2013-09-26,Garlic,82.22,Kg,historical_csv
2013-10-03,Garlic,84.58,Kg,historical_csv
2013-10-10,Garlic,85.97,Kg,historical_csv
2013-10-17,Garlic,93.99,Kg,historical_csv
2013-10-24,Garlic,87.83,Kg,historical_csv
2013-10-31,Garlic,84.44,Kg,historical_csv
2013-11-07,Garlic,83.61,Kg,historical_csv
2013-11-14,Garlic,99.17,Kg,historical_csv
2013-11-21,Garlic,100.97,Kg,historical_csv
2013-11-28,Garlic,85.69,Kg,historical_csv
2013-12-05,Garlic,88.61,Kg,historical_csv
2013-12-12,Garlic,85.69,Kg,historical_csv
2013-12-19,Garlic,84.17,Kg,historical_csv
2013-12-26,Garlic,83.83,Kg,historical_csv
2014-01-02,Garlic,82.5,Kg,historical_csv
2014-01-09,Garlic,83.75,Kg,historical_csv
2014-01-16,Garlic,86.0,Kg,historical_csv
2014-01-23,Garlic,84.31,Kg,historical_csv
2014-01-30,Garlic,83.17,Kg,historical_csv
2014-02-06,Garlic,74.9,Kg,historical_csv
2014-02-13,Garlic,78.45,Kg,historical_csv
2014-02-20,Garlic,77.5,Kg,historical_csv
2014-02-27,Garlic,78.5,Kg,historical_csv
2014-03-06,Garlic,80.62,Kg,historical_csv
2014-03-13,Garlic,83.06,Kg,historical_csv
2014-03-20,Garlic,84.5,Kg,historical_csv
2014-03-27,Garlic,86.67,Kg,historical_csv
2014-04-03,Garlic,90.17,Kg,historical_csv
2014-04-10,Garlic,82.83,Kg,historical_csv
2014-04-17,Garlic,76.83,Kg,historical_csv
2014-04-24,Garlic,78.83,Kg,historical_csv
2014-05-01,Garlic,75.5,Kg,historical_csv
2014-05-08,Garlic,70.67,Kg,historical_csv
2014-05-15,Garlic,72.5,Kg,historical_csv
2014-05-22,Garlic,79.0,Kg,historical_csv
2014-05-29,Garlic,70.83,Kg,historical_csv
2014-06-05,Garlic,70.0,Kg,historical_csv
2014-06-12,Garlic,66.53,Kg,historical_csv
2014-06-19,Garlic,62.64,Kg,historical_csv
2014-06-26,Garlic,67.67,Kg,historical_csv
2014-07-03,Garlic,71.81,Kg,historical_csv
2014-07-10,Garlic,72.45,Kg,historical_csv
2014-07-17,Garlic,71.71,Kg,historical_csv
2014-07-24,Garlic,72.38,Kg,historical_csv
2014-07-31,Garlic,72.21,Kg,historical_csv
2014-08-07,Garlic,75.24,Kg,historical_csv
2014-08-14,Garlic,75.48,Kg,historical_csv
2014-08-21,Garlic,77.62,Kg,historical_csv
2014-08-28,Garlic,84.45,Kg,historical_csv
2014-09-04,Garlic,93.47,Kg,historical_csv
2014-09-11,Garlic,95.43,Kg,historical_csv
2014-09-18,Garlic,99.26,Kg,historical_csv
2014-09-25,Garlic,99.44,Kg,historical_csv
2014-10-02,Garlic,104.88,Kg,historical_csv
2014-10-09,Garlic,95.83,Kg,historical_csv
2014-10-16,Garlic,97.42,Kg,historical_csv
2014-10-23,Garlic,101.44,Kg,historical_csv
2014-10-30,Garlic,102.0,Kg,historical_csv
2014-11-06,Garlic,97.9,Kg,historical_csv
2014-11-13,Garlic,104.29,Kg,historical_csv
2014-11-20,Garlic,102.5,Kg,historical_csv
2014-11-27,Garlic,102.74,Kg,historical_csv
2014-12-04,Garlic,104.52,Kg,historical_csv
2014-12-11,Garlic,108.86,Kg,historical_csv
2014-12-18,Garlic,108.71,Kg,historical_csv
2014-12-25,Garlic,110.19,Kg,historical_csv
2015-01-01,Garlic,108.17,Kg,historical_csv
2015-01-08,Garlic,112.31,Kg,historical_csv
2015-01-15,Garlic,111.33,Kg,historical_csv
2015-01-22,Garlic,107.4,Kg,historical_csv
2015-01-29,Garlic,105.19,Kg,historical_csv
2015-02-05,Garlic,99.03,Kg,historical_csv
2015-02-12,Garlic,99.05,Kg,historical_csv
2015-02-19,Garlic,100.97,Kg,historical_csv
2015-02-26,Garlic,95.57,Kg,historical_csv
2015-03-05,Garlic,89.17,Kg,historical_csv
2015-03-12,Garlic,94.33,Kg,historical_csv
2015-03-19,Garlic,92.22,Kg,historical_csv
2015-03-26,Garlic,85.71,Kg,historical_csv
2015-04-02,Garlic,86.36,Kg,historical_csv
2015-04-09,Garlic,83.19,Kg,historical_csv
2015-04-16,Garlic,84.31,Kg,historical_csv
2015-04-23,Garlic,85.76,Kg,historical_csv
2015-04-30,Garlic,87.26,Kg,historical_csv
2015-05-07,Garlic,86.67,Kg,historical_csv
2015-05-14,Garlic,84.86,Kg,historical_csv
2015-05-21,Garlic,87.14,Kg,historical_csv
2015-05-28,Garlic,84.82,Kg,historical_csv
2015-06-04,Garlic,84.52,Kg,historical_csv
2015-06-11,Garlic,87.86,Kg,historical_csv
2015-06-18,Garlic,99.98,Kg,historical_csv
2015-06-25,Garlic,87.42,Kg,historical_csv
2015-07-02,Garlic,82.17,Kg,historical_csv
2015-07-09,Garlic,85.41,Kg,historical_csv
2015-07-16,Garlic,85.42,Kg,historical_csv
2015-07-23,Garlic,93.53,Kg,historical_csv
2015-07-30,Garlic,95.21,Kg,historical_csv
2015-08-06,Garlic,118.29,Kg,historical_csv
2015-08-13,Garlic,118.17,Kg,historical_csv
2015-08-20,Garlic,120.6,Kg,historical_csv
2015-08-27,Garlic,125.48,Kg,historical_csv
2015-09-03,Garlic,133.69,Kg,historical_csv
2015-09-10,Garlic,137.38,Kg,historical_csv
2015-09-17,Garlic,137.95,Kg,historical_csv
2015-09-24,Garlic,136.43,Kg,historical_csv
2015-10-01,Garlic,136.43,Kg,historical_csv
2015-10-08,Garlic,146.19,Kg,historical_csv
2015-10-15,Garlic,154.05,Kg,historical_csv
2015-10-22,Garlic,159.4,Kg,historical_csv
2015-10-29,Garlic,165.88,Kg,historical_csv
2015-11-05,Garlic,154.52,Kg,historical_csv
2015-11-12,Garlic,148.69,Kg,historical_csv
2015-11-19,Garlic,141.19,Kg,historical_csv
2015-11-26,Garlic,143.81,Kg,historical_csv
2015-12-03,Garlic,144.64,Kg,historical_csv
2015-12-10,Garlic,165.83,Kg,historical_csv
2015-12-17,Garlic,175.48,Kg,historical_csv
2015-12-24,Garlic,176.43,Kg,historical_csv
2015-12-31,Garlic,186.19,Kg,historical_csv
2016-01-07,Garlic,201.07,Kg,historical_csv
2016-01-14,Garlic,195.24,Kg,historical_csv
2016-01-21,Garlic,198.33,Kg,historical_csv
2016-01-28,Garlic,199.76,Kg,historical_csv
2016-02-04,Garlic,199.17,Kg,historical_csv
2016-02-11,Garlic,198.21,Kg,historical_csv
2016-02-18,Garlic,194.52,Kg,historical_csv
2016-02-25,Garlic,190.48,Kg,historical_csv
2016-03-03,Garlic,185.0,Kg,historical_csv
2016-03-10,Garlic,192.62,Kg,historical_csv
2016-03-17,Garlic,191.67,Kg,historical_csv
2016-03-24,Garlic,191.67,Kg,historical_csv
2016-03-31,Garlic,191.67,Kg,historical_csv
2016-04-07,Garlic,172.98,Kg,historical_csv
2016-04-14,Garlic,185.12,Kg,historical_csv
2016-04-21,Garlic,190.48,Kg,historical_csv
2016-04-28,Garlic,171.67,Kg,historical_csv
2016-05-05,Garlic,190.24,Kg,historical_csv
2016-05-12,Garlic,191.19,Kg,historical_csv
2016-05-19,Garlic,172.14,Kg,historical_csv
2016-05-26,Garlic,167.38,Kg,historical_csv
2016-06-02,Garlic,162.14,Kg,historical_csv
2016-06-09,Garlic,195.0,Kg,historical_csv
2016-06-16,Garlic,194.64,Kg,historical_csv
2016-06-23,Garlic,193.57,Kg,historical_csv
2016-06-30,Garlic,194.05,Kg,historical_csv
2016-07-07,Garlic,193.1,Kg,historical_csv
2016-07-14,Garlic,200.24,Kg,historical_csv
2016-07-21,Garlic,198.81,Kg,historical_csv
2016-07-28,Garlic,205.0,Kg,historical_csv
2016-08-04,Garlic,201.67,Kg,historical_csv
2016-08-11,Garlic,211.9,Kg,historical_csv
2016-08-18,Garlic,215.95,Kg,historical_csv
2016-08-25,Garlic,213.33,Kg,historical_csv
2016-09-01,Garlic,213.1,Kg,historical_csv
2016-09-08,Garlic,197.38,Kg,historical_csv
2016-09-15,Garlic,194.17,Kg,historical_csv
2016-09-22,Garlic,212.02,Kg,historical_csv
2016-09-29,Garlic,213.33,Kg,historical_csv
2016-10-06,Garlic,211.31,Kg,historical_csv
2016-10-13,Garlic,211.19,Kg,historical_csv
2016-10-20,Garlic,211.67,Kg,historical_csv
2016-10-27,Garlic,221.67,Kg,historical_csv
2016-11-03,Garlic,226.07,Kg,historical_csv
2016-11-10,Garlic,242.62,Kg,historical_csv
2016-11-17,Garlic,248.33,Kg,historical_csv
2016-11-24,Garlic,261.67,Kg,historical_csv
2016-12-01,Garlic,261.67,Kg,historical_csv
2016-12-08,Garlic,261.79,Kg,historical_csv
2016-12-15,Garlic,260.71,Kg,historical_csv
2016-12-22,Garlic,257.86,Kg,historical_csv
2016-12-29,Garlic,261.67,Kg,historical_csv
2017-01-05,Garlic,257.38,Kg,historical_csv
2017-01-12,Garlic,256.9,Kg,historical_csv
2017-01-19,Garlic,257.62,Kg,historical_csv
2017-01-26,Garlic,251.67,Kg,historical_csv
2017-02-02,Garlic,248.33,Kg,historical_csv
2017-02-09,Garlic,246.43,Kg,historical_csv
2017-02-16,Garlic,242.62,Kg,historical_csv
2017-02-23,Garlic,241.9,Kg,historical_csv
2017-03-02,Garlic,221.94,Kg,historical_csv
2017-03-09,Garlic,189.38,Kg,historical_csv
2017-03-16,Garlic,189.38,Kg,historical_csv
2017-03-23,Garlic,170.36,Kg,historical_csv
2017-03-30,Garlic,168.45,Kg,historical_csv
2017-04-06,Garlic,175.48,Kg,historical_csv
2017-04-13,Garlic,188.1,Kg,historical_csv
2017-04-20,Garlic,195.0,Kg,historical_csv
2017-04-27,Garlic,201.67,Kg,historical_csv
2017-05-04,Garlic,216.19,Kg,historical_csv
2017-05-11,Garlic,216.43,Kg,historical_csv
2017-05-18,Garlic,217.22,Kg,historical_csv
2017-05-25,Garlic,217.86,Kg,historical_csv
2017-06-01,Garlic,213.1,Kg,historical_csv
2017-06-08,Garlic,211.19,Kg,historical_csv
2017-06-15,Garlic,208.1,Kg,historical_csv
2017-06-22,Garlic,185.95,Kg,historical_csv
2017-06-29,Garlic,153.45,Kg,historical_csv
2017-07-06,Garlic,147.86,Kg,historical_csv
2017-07-13,Garlic,147.86,Kg,historical_csv
2017-07-20,Garlic,147.38,Kg,historical_csv
2017-07-27,Garlic,146.43,Kg,historical_csv
2017-08-03,Garlic,144.05,Kg,historical_csv
2017-08-10,Garlic,143.1,Kg,historical_csv
2017-08-17,Garlic,136.79,Kg,historical_csv
2017-08-24,Garlic,138.33,Kg,historical_csv
2017-08-31,Garlic,142.62,Kg,historical_csv
2017-09-07,Garlic,150.71,Kg,historical_csv
2017-09-14,Garlic,151.67,Kg,historical_csv
2017-09-21,Garlic,157.78,Kg,historical_csv
2017-09-28,Garlic,164.52,Kg,historical_csv
2017-10-05,Garlic,178.33,Kg,historical_csv
2017-10-12,Garlic,171.67,Kg,historical_csv
2017-10-19,Garlic,174.52,Kg,historical_csv
2017-10-26,Garlic,209.05,Kg,historical_csv
2017-11-02,Garlic,171.67,Kg,historical_csv
2017-11-09,Garlic,171.67,Kg,historical_csv
2017-11-16,Garlic,171.67,Kg,historical_csv
2017-11-23,Garlic,162.14,Kg,historical_csv
2017-11-30,Garlic,151.19,Kg,historical_csv
2017-12-07,Garlic,147.78,Kg,historical_csv
2017-12-14,Garlic,145.95,Kg,historical_csv
2017-12-21,Garlic,140.14,Kg,historical_csv
2017-12-28,Garlic,131.67,Kg,historical_csv
2018-01-04,Garlic,132.14,Kg,historical_csv
2018-01-11,Garlic,131.19,Kg,historical_csv
2018-01-18,Garlic,131.11,Kg,historical_csv
2018-01-25,Garlic,130.24,Kg,historical_csv
2018-02-01,Garlic,134.52,Kg,historical_csv
2018-02-08,Garlic,135.12,Kg,historical_csv
2018-02-15,Garlic,133.45,Kg,historical_csv
2018-02-22,Garlic,129.88,Kg,historical_csv
2018-03-01,Garlic,129.7,Kg,historical_csv
2018-03-08,Garlic,121.39,Kg,historical_csv
2018-03-15,Garlic,124.29,Kg,historical_csv
2018-03-22,Garlic,120.54,Kg,historical_csv
2018-03-29,Garlic,124.23,Kg,historical_csv
2018-04-05,Garlic,116.9,Kg,historical_csv
2018-04-12,Garlic,121.67,Kg,historical_csv
2018-04-19,Garlic,122.14,Kg,historical_csv
2018-04-26,Garlic,116.9,Kg,historical_csv
2018-05-03,Garlic,106.43,Kg,historical_csv
2018-05-10,Garlic,105.0,Kg,historical_csv
2018-05-17,Garlic,99.76,Kg,historical_csv
2018-05-24,Garlic,96.9,Kg,historical_csv
2018-05-31,Garlic,96.79,Kg,historical_csv
2018-06-07,Garlic,95.0,Kg,historical_csv
2018-06-14,Garlic,94.05,Kg,historical_csv
2018-06-21,Garlic,95.95,Kg,historical_csv
2018-06-28,Garlic,104.88,Kg,historical_csv
2018-07-05,Garlic,108.45,Kg,historical_csv
2018-07-12,Garlic,107.38,Kg,historical_csv
2018-07-19,Garlic,102.62,Kg,historical_csv
2018-07-26,Garlic,109.76,Kg,historical_csv
2018-08-02,Garlic,120.24,Kg,historical_csv
2018-08-09,Garlic,125.48,Kg,historical_csv
2018-08-16,Garlic,124.05,Kg,historical_csv
2018-08-23,Garlic,134.29,Kg,historical_csv
2018-08-30,Garlic,138.33,Kg,historical_csv
2018-09-06,Garlic,138.33,Kg,historical_csv
2018-09-13,Garlic,138.33,Kg,historical_csv
2018-09-20,Garlic,138.33,Kg,historical_csv
2018-09-27,Garlic,138.33,Kg,historical_csv
2018-10-04,Garlic,157.62,Kg,historical_csv
2018-10-11,Garlic,133.57,Kg,historical_csv
2018-10-18,Garlic,149.52,Kg,historical_csv
2018-10-25,Garlic,129.29,Kg,historical_csv
2018-11-01,Garlic,125.95,Kg,historical_csv
2018-11-08,Garlic,109.76,Kg,historical_csv
2018-11-15,Garlic,110.71,Kg,historical_csv
2018-11-22,Garlic,105.83,Kg,historical_csv
2018-11-29,Garlic,107.74,Kg,historical_csv
2018-12-06,Garlic,105.83,Kg,historical_csv
2018-12-13,Garlic,107.26,Kg,historical_csv
2018-12-20,Garlic,110.12,Kg,historical_csv
2018-12-27,Garlic,106.79,Kg,historical_csv
2019-01-03,Garlic,124.05,Kg,historical_csv
2019-01-10,Garlic,123.1,Kg,historical_csv
2019-01-17,Garlic,122.62,Kg,historical_csv
2019-01-24,Garlic,125.0,Kg,historical_csv
2019-01-31,Garlic,123.48,Kg,historical_csv
2019-02-07,Garlic,116.9,Kg,historical_csv
2019-02-14,Garlic,115.48,Kg,historical_csv
2019-02-21,Garlic,114.52,Kg,historical_csv
2019-02-28,Garlic,117.86,Kg,historical_csv
2019-03-07,Garlic,112.5,Kg,historical_csv
2019-03-14,Garlic,119.29,Kg,historical_csv
2019-03-21,Garlic,115.0,Kg,historical_csv
2019-03-28,Garlic,114.29,Kg,historical_csv
2019-04-04,Garlic,115.0,Kg,historical_csv
2019-04-11,Garlic,121.19,Kg,historical_csv
2019-04-18,Garlic,130.71,Kg,historical_csv
2019-04-25,Garlic,135.0,Kg,historical_csv
2019-05-02,Garlic,131.19,Kg,historical_csv
2019-05-09,Garlic,136.9,Kg,historical_csv
2019-05-16,Garlic,142.14,Kg,historical_csv
2019-05-23,Garlic,138.33,Kg,historical_csv
2019-05-30,Garlic,135.12,Kg,historical_csv
2019-06-06,Garlic,130.95,Kg,historical_csv
2019-06-13,Garlic,136.19,Kg,historical_csv
2019-06-20,Garlic,159.88,Kg,historical_csv
2019-06-27,Garlic,161.55,Kg,historical_csv
2019-07-04,Garlic,173.33,Kg,historical_csv
2019-07-11,Garlic,175.95,Kg,historical_csv
2019-07-18,Garlic,177.86,Kg,historical_csv
2019-07-25,Garlic,166.43,Kg,historical_csv
2019-08-01,Garlic,170.71,Kg,historical_csv
2019-08-08,Garlic,181.67,Kg,historical_csv
2019-08-15,Garlic,193.57,Kg,historical_csv
2019-08-22,Garlic,192.62,Kg,historical_csv
2019-08-29,Garlic,190.24,Kg,historical_csv
2019-09-05,Garlic,149.76,Kg,historical_csv
2019-09-12,Garlic,170.24,Kg,historical_csv
2019-09-19,Garlic,190.24,Kg,historical_csv
2019-09-26,Garlic,200.6,Kg,historical_csv
2019-10-03,Garlic,200.71,Kg,historical_csv
2019-10-10,Garlic,195.0,Kg,historical_csv
2019-10-17,Garlic,199.29,Kg,historical_csv
2019-10-24,Garlic,198.81,Kg,historical_csv
2019-10-31,Garlic,195.0,Kg,historical_csv
2019-11-07,Garlic,193.1,Kg,historical_csv
2019-11-14,Garlic,181.19,Kg,historical_csv
2019-11-21,Garlic,178.81,Kg,historical_csv
2019-11-28,Garlic,173.57,Kg,historical_csv
2019-12-05,Garlic,197.86,Kg,historical_csv
2019-12-12,Garlic,188.57,Kg,historical_csv
2019-12-19,Garlic,185.95,Kg,historical_csv
2019-12-26,Garlic,188.33,Kg,historical_csv
2020-01-02,Garlic,185.48,Kg,historical_csv
2020-01-09,Garlic,184.52,Kg,historical_csv
2020-01-16,Garlic,191.31,Kg,historical_csv
2020-01-23,Garlic,226.43,Kg,historical_csv
2020-01-30,Garlic,272.14,Kg,historical_csv
2020-02-06,Garlic,295.0,Kg,historical_csv
2020-02-13,Garlic,133.57,Kg,historical_csv
2020-02-20,Garlic,351.9,Kg,historical_csv
2020-02-27,Garlic,303.57,Kg,historical_csv
2020-03-05,Garlic,281.11,Kg,historical_csv
2020-03-12,Garlic,212.86,Kg,historical_csv
2020-03-19,Garlic,218.99,Kg,historical_csv
2020-03-26,Garlic,263.33,Kg,historical_csv
2020-04-02,Garlic,277.02,Kg,historical_csv
2020-04-09,Garlic,225.69,Kg,historical_csv
2020-04-16,Garlic,316.25,Kg,historical_csv
2020-04-23,Garlic,345.0,Kg,historical_csv
2020-04-30,Garlic,345.0,Kg,historical_csv
2020-05-07,Garlic,330.71,Kg,historical_csv
2020-05-14,Garlic,227.62,Kg,historical_csv
2020-05-21,Garlic,227.86,Kg,historical_csv
2020-05-28,Garlic,195.0,Kg,historical_csv
2020-06-04,Garlic,136.43,Kg,historical_csv
2020-06-11,Garlic,125.71,Kg,historical_csv
2020-06-18,Garlic,111.19,Kg,historical_csv
2020-06-25,Garlic,108.45,Kg,historical_csv
2020-07-02,Garlic,118.81,Kg,historical_csv
2020-07-09,Garlic,130.24,Kg,historical_csv
2020-07-16,Garlic,140.56,Kg,historical_csv
2020-07-23,Garlic,161.19,Kg,historical_csv
2020-07-30,Garlic,169.76,Kg,historical_csv
2020-08-06,Garlic,156.43,Kg,historical_csv
2020-08-13,Garlic,157.38,Kg,historical_csv
2020-08-20,Garlic,148.81,Kg,historical_csv
2020-08-27,Garlic,147.86,Kg,historical_csv
2020-09-03,Garlic,153.57,Kg,historical_csv
2020-09-10,Garlic,156.43,Kg,historical_csv
2020-09-17,Garlic,165.71,Kg,historical_csv
2020-09-24,Garlic,175.0,Kg,historical_csv
2020-10-01,Garlic,187.38,Kg,historical_csv
2020-10-08,Garlic,213.81,Kg,historical_csv
2020-10-15,Garlic,220.71,Kg,historical_csv
2020-10-22,Garlic,223.33,Kg,historical_csv
2020-10-29,Garlic,215.95,Kg,historical_csv
2020-11-05,Garlic,202.62,Kg,historical_csv
2020-11-12,Garlic,196.31,Kg,historical_csv
2020-11-19,Garlic,198.1,Kg,historical_csv
2020-11-26,Garlic,191.07,Kg,historical_csv
2020-12-03,Garlic,198.1,Kg,historical_csv
2020-12-10,Garlic,199.52,Kg,historical_csv
2020-12-17,Garlic,200.95,Kg,historical_csv
2020-12-24,Garlic,191.19,Kg,historical_csv
2020-12-31,Garlic,168.93,Kg,historical_csv
2021-01-07,Garlic,163.21,Kg,historical_csv
2021-01-14,Garlic,157.86,Kg,historical_csv
2021-01-21,Garlic,175.36,Kg,historical_csv
2021-01-28,Garlic,183.45,Kg,historical_csv
2021-02-04,Garlic,193.57,Kg,historical_csv
2021-02-11,Garlic,200.36,Kg,historical_csv
2021-02-18,Garlic,168.57,Kg,historical_csv
2021-02-25,Garlic,157.86,Kg,historical_csv
2021-03-04,Garlic,140.83,Kg,historical_csv
2021-03-11,Garlic,130.0,Kg,historical_csv
2021-03-18,Garlic,132.14,Kg,historical_csv
2021-03-25,Garlic,118.57,Kg,historical_csv
2021-04-01,Garlic,116.11,Kg,historical_csv
2021-04-22,Garlic,117.5,Kg,historical_csv
2021-04-29,Garlic,121.9,Kg,historical_csv
2021-05-06,Garlic,136.9,Kg,historical_csv
2021-05-13,Garlic,137.02,Kg,historical_csv
2025-04-03,Garlic,120.0,Kg,historical_csv
2025-04-10,Garlic,117.14,Kg,historical_csv
2025-04-17,Garlic,126.67,Kg,historical_csv
2025-05-15,Garlic,258.43,1 Kg,synthetic
2025-07-17,Garlic,283.82,1 Kg,synthetic
2025-07-24,Garlic,269.69,1 Kg,synthetic
2025-07-31,Garlic,276.54,1 Kg,synthetic
2025-10-16,Garlic,287.6,1 Kg,synthetic
2025-10-23,Garlic,275.75,1 Kg,synthetic
2025-10-30,Garlic,282.66,1 Kg,synthetic
2025-11-06,Garlic,284.65,1 Kg,synthetic
2025-11-13,Garlic,274.44,1 Kg,synthetic
2025-11-20,Garlic,279.64,1 Kg,synthetic
2025-11-27,Garlic,260.55,1 Kg,synthetic
2025-12-11,Garlic,273.85,1 Kg,synthetic
2025-12-18,Garlic,278.48,1 Kg,synthetic
2026-01-01,Garlic,272.51,1 Kg,synthetic
2026-01-08,Garlic,289.79,1 Kg,synthetic
2026-01-15,Garlic,271.42,1 Kg,synthetic
2026-01-22,Garlic,277.36,1 Kg,synthetic
2026-01-29,Garlic,280.78,1 Kg,synthetic
2026-02-12,Garlic,288.63,1 Kg,synthetic
2026-02-19,Garlic,271.33,1 Kg,synthetic
2026-02-26,Garlic,286.84,1 Kg,synthetic
2026-03-05,Garlic,279.72,1 Kg,synthetic
2026-03-26,Garlic,271.0,1 Kg,synthetic
2026-04-02,Garlic,277.23,1 Kg,synthetic
2026-04-09,Garlic,272.07,1 Kg,synthetic
2026-04-16,Garlic,262.52,1 Kg,synthetic
2026-04-23,Garlic,260.88,1 Kg,synthetic
2026-04-30,Garlic,252.27,1 Kg,synthetic
2026-05-07,Garlic,250.11,1 Kg,synthetic
2026-05-14,Garlic,249.97,1 Kg,synthetic
2026-05-21,Garlic,254.54,1 Kg,synthetic
2026-06-04,Garlic,243.34,1 Kg,synthetic
2026-06-11,Garlic,269.03,1 Kg,synthetic
2026-06-18,Garlic,250.43,1 Kg,synthetic
2026-07-02,Garlic,271.12,1 Kg,synthetic
2026-07-09,Garlic,278.79,1 Kg,synthetic
2013-06-20,Ginger,145.0,Kg,historical_csv
2013-08-01,Ginger,175.0,Kg,historical_csv
2013-08-08,Ginger,163.33,Kg,historical_csv
2013-08-15,Ginger,154.17,Kg,historical_csv
2013-08-22,Ginger,162.5,Kg,historical_csv
2013-08-29,Ginger,169.0,Kg,historical_csv
2013-09-05,Ginger,140.0,Kg,historical_csv
2013-09-12,Ginger,138.33,Kg,historical_csv
2013-09-19,Ginger,120.0,Kg,historical_csv
2013-09-26,Ginger,100.0,Kg,historical_csv
2013-10-03,Ginger,96.67,Kg,historical_csv
2013-10-10,Ginger,107.5,Kg,historical_csv
2013-10-17,Ginger,140.71,Kg,historical_csv
2013-10-24,Ginger,145.0,Kg,historical_csv
2013-10-31,Ginger,112.5,Kg,historical_csv
2013-11-07,Ginger,103.33,Kg,historical_csv
2013-11-14,Ginger,110.0,Kg,historical_csv
2013-11-21,Ginger,122.92,Kg,historical_csv
2013-11-28,Ginger,110.0,Kg,historical_csv
2013-12-05,Ginger,103.33,Kg,historical_csv
2013-12-12,Ginger,91.67,Kg,historical_csv
2013-12-19,Ginger,91.0,Kg,historical_csv
2013-12-26,Ginger,101.0,Kg,historical_csv
2014-01-02,Ginger,101.0,Kg,historical_csv
2014-01-09,Ginger,105.0,Kg,historical_csv
2014-01-16,Ginger,105.0,Kg,historical_csv
2014-01-23,Ginger,114.58,Kg,historical_csv
2014-01-30,Ginger,125.5,Kg,historical_csv
2014-02-06,Ginger,121.5,Kg,historical_csv
2014-02-13,Ginger,115.0,Kg,historical_csv
2014-02-20,Ginger,116.0,Kg,historical_csv
2014-02-27,Ginger,115.0,Kg,historical_csv
2014-03-06,Ginger,118.75,Kg,historical_csv
2014-03-13,Ginger,123.33,Kg,historical_csv
2014-03-20,Ginger,128.0,Kg,historical_csv
2014-03-27,Ginger,146.67,Kg,historical_csv
2014-04-03,Ginger,181.0,Kg,historical_csv
2014-04-10,Ginger,182.0,Kg,historical_csv
2014-04-17,Ginger,183.0,Kg,historical_csv
2014-04-24,Ginger,177.0,Kg,historical_csv
2014-05-01,Ginger,177.0,Kg,historical_csv
2014-05-08,Ginger,195.0,Kg,historical_csv
2014-05-15,Ginger,193.0,Kg,historical_csv
2014-05-22,Ginger,190.0,Kg,historical_csv
2014-05-29,Ginger,192.0,Kg,historical_csv
2014-06-05,Ginger,190.83,Kg,historical_csv
2014-06-12,Ginger,207.5,Kg,historical_csv
2014-06-19,Ginger,205.83,Kg,historical_csv
2014-06-26,Ginger,180.0,Kg,historical_csv
2014-07-03,Ginger,146.67,Kg,historical_csv
2014-07-10,Ginger,155.0,Kg,historical_csv
2014-07-17,Ginger,167.86,Kg,historical_csv
2014-07-24,Ginger,160.71,Kg,historical_csv
2014-07-31,Ginger,145.0,Kg,historical_csv
2014-08-07,Ginger,140.71,Kg,historical_csv
2014-08-14,Ginger,142.14,Kg,historical_csv
2014-08-21,Ginger,127.86,Kg,historical_csv
2014-08-28,Ginger,133.21,Kg,historical_csv
2014-09-04,Ginger,140.0,Kg,historical_csv
2014-09-11,Ginger,133.57,Kg,historical_csv
2014-09-18,Ginger,123.57,Kg,historical_csv
2014-09-25,Ginger,105.0,Kg,historical_csv
2014-10-02,Ginger,105.0,Kg,historical_csv
2014-10-09,Ginger,95.0,Kg,historical_csv
2014-10-16,Ginger,85.0,Kg,historical_csv
2014-10-23,Ginger,82.5,Kg,historical_csv
2014-10-30,Ginger,83.21,Kg,historical_csv
2014-11-06,Ginger,78.21,Kg,historical_csv
2014-11-13,Ginger,75.0,Kg,historical_csv
2014-11-20,Ginger,75.0,Kg,historical_csv
2014-11-27,Ginger,74.29,Kg,historical_csv
2014-12-04,Ginger,75.0,Kg,historical_csv
2014-12-11,Ginger,68.93,Kg,historical_csv
2014-12-18,Ginger,63.57,Kg,historical_csv
2014-12-25,Ginger,59.17,Kg,historical_csv
2015-01-01,Ginger,55.0,Kg,historical_csv
2015-01-08,Ginger,57.14,Kg,historical_csv
2015-01-15,Ginger,62.5,Kg,historical_csv
2015-01-22,Ginger,68.21,Kg,historical_csv
2015-01-29,Ginger,64.17,Kg,historical_csv
2015-02-05,Ginger,61.25,Kg,historical_csv
2015-02-12,Ginger,60.0,Kg,historical_csv
2015-02-19,Ginger,67.08,Kg,historical_csv
2015-02-26,Ginger,69.17,Kg,historical_csv
2015-03-05,Ginger,75.0,Kg,historical_csv
2015-03-12,Ginger,75.0,Kg,historical_csv
2015-03-19,Ginger,75.83,Kg,historical_csv
2015-03-26,Ginger,83.57,Kg,historical_csv
2015-04-02,Ginger,90.0,Kg,historical_csv
2015-04-09,Ginger,85.0,Kg,historical_csv
2015-04-16,Ginger,79.17,Kg,historical_csv
2015-04-23,Ginger,74.64,Kg,historical_csv
2015-04-30,Ginger,79.29,Kg,historical_csv
2015-05-07,Ginger,73.57,Kg,historical_csv
2015-05-14,Ginger,75.0,Kg,historical_csv
2015-05-21,Ginger,75.71,Kg,historical_csv
2015-05-28,Ginger,75.0,Kg,historical_csv
2015-06-04,Ginger,75.0,Kg,historical_csv
2015-06-11,Ginger,78.21,Kg,historical_csv
2015-06-18,Ginger,104.38,Kg,historical_csv
2015-06-25,Ginger,112.73,Kg,historical_csv
2015-07-02,Ginger,116.15,Kg,historical_csv
2015-07-09,Ginger,117.27,Kg,historical_csv
2015-07-16,Ginger,125.38,Kg,historical_csv
2015-07-23,Ginger,130.96,Kg,historical_csv
2015-07-30,Ginger,128.75,Kg,historical_csv
2015-08-06,Ginger,95.71,Kg,historical_csv
2015-08-13,Ginger,92.14,Kg,historical_csv
2015-08-20,Ginger,86.43,Kg,historical_csv
2015-08-27,Ginger,102.14,Kg,historical_csv
2015-09-03,Ginger,120.71,Kg,historical_csv
2015-09-10,Ginger,110.0,Kg,historical_csv
2015-09-17,Ginger,104.29,Kg,historical_csv
2015-09-24,Ginger,104.64,Kg,historical_csv
2015-10-01,Ginger,90.71,Kg,historical_csv
2015-10-08,Ginger,80.71,Kg,historical_csv
2015-10-15,Ginger,75.0,Kg,historical_csv
2015-10-22,Ginger,72.14,Kg,historical_csv
2015-10-29,Ginger,65.71,Kg,historical_csv
2015-11-05,Ginger,65.0,Kg,historical_csv
2015-11-12,Ginger,65.0,Kg,historical_csv
2015-11-19,Ginger,73.57,Kg,historical_csv
2015-11-26,Ginger,69.29,Kg,historical_csv
2015-12-03,Ginger,63.57,Kg,historical_csv
2015-12-10,Ginger,54.64,Kg,historical_csv
2015-12-17,Ginger,54.64,Kg,historical_csv
2015-12-24,Ginger,54.86,Kg,historical_csv
2015-12-31,Ginger,53.57,Kg,historical_csv
2016-01-07,Ginger,55.0,Kg,historical_csv
2016-01-14,Ginger,55.0,Kg,historical_csv
2016-01-21,Ginger,49.29,Kg,historical_csv
2016-01-28,Ginger,45.0,Kg,historical_csv
2016-02-04,Ginger,45.0,Kg,historical_csv
2016-02-11,Ginger,45.0,Kg,historical_csv
2016-02-18,Ginger,52.14,Kg,historical_csv
2016-02-25,Ginger,54.86,Kg,historical_csv
2016-03-03,Ginger,55.0,Kg,historical_csv
2016-03-10,Ginger,55.71,Kg,historical_csv
2016-03-17,Ginger,56.67,Kg,historical_csv
2016-03-24,Ginger,55.0,Kg,historical_csv
2016-03-31,Ginger,55.0,Kg,historical_csv
2016-04-07,Ginger,56.07,Kg,historical_csv
2016-04-14,Ginger,60.79,Kg,historical_csv
2016-04-21,Ginger,65.0,Kg,historical_csv
2016-04-28,Ginger,69.29,Kg,historical_csv
2016-05-05,Ginger,74.64,Kg,historical_csv
2016-05-12,Ginger,73.57,Kg,historical_csv
2016-05-19,Ginger,73.57,Kg,historical_csv
2016-05-26,Ginger,69.29,Kg,historical_csv
2016-06-02,Ginger,65.0,Kg,historical_csv
2016-06-09,Ginger,65.0,Kg,historical_csv
2016-06-16,Ginger,65.0,Kg,historical_csv
2016-06-23,Ginger,65.0,Kg,historical_csv
2016-06-30,Ginger,65.0,Kg,historical_csv
2016-07-07,Ginger,65.0,Kg,historical_csv
2016-07-14,Ginger,64.86,Kg,historical_csv
2016-07-21,Ginger,65.14,Kg,historical_csv
2016-07-28,Ginger,65.0,Kg,historical_csv
2016-08-04,Ginger,65.71,Kg,historical_csv
2016-08-11,Ginger,67.5,Kg,historical_csv
2016-08-18,Ginger,67.5,Kg,historical_csv
2016-08-25,Ginger,66.79,Kg,historical_csv
2016-09-01,Ginger,67.14,Kg,historical_csv
2016-09-08,Ginger,65.36,Kg,historical_csv
2016-09-15,Ginger,64.64,Kg,historical_csv
2016-09-22,Ginger,75.0,Kg,historical_csv
2016-09-29,Ginger,75.0,Kg,historical_csv
2016-10-06,Ginger,75.0,Kg,historical_csv
2016-10-13,Ginger,75.0,Kg,historical_csv
2016-10-20,Ginger,69.29,Kg,historical_csv
2016-10-27,Ginger,60.71,Kg,historical_csv
2016-11-03,Ginger,55.0,Kg,historical_csv
2016-11-10,Ginger,54.64,Kg,historical_csv
2016-11-17,Ginger,55.0,Kg,historical_csv
2016-11-24,Ginger,55.0,Kg,historical_csv
2016-12-01,Ginger,55.0,Kg,historical_csv
2016-12-08,Ginger,55.0,Kg,historical_csv
2016-12-15,Ginger,55.0,Kg,historical_csv
2016-12-22,Ginger,55.0,Kg,historical_csv
2016-12-29,Ginger,52.14,Kg,historical_csv
2017-01-05,Ginger,44.64,Kg,historical_csv
2017-01-12,Ginger,44.64,Kg,historical_csv
2017-01-19,Ginger,46.07,Kg,historical_csv
2017-01-26,Ginger,45.0,Kg,historical_csv
2017-02-02,Ginger,45.71,Kg,historical_csv
2017-02-09,Ginger,45.36,Kg,historical_csv
2017-02-16,Ginger,45.0,Kg,historical_csv
2017-02-23,Ginger,45.0,Kg,historical_csv
2017-03-02,Ginger,45.0,Kg,historical_csv
2017-03-09,Ginger,45.0,Kg,historical_csv
2017-03-16,Ginger,45.0,Kg,historical_csv
2017-03-23,Ginger,46.07,Kg,historical_csv
2017-03-30,Ginger,45.36,Kg,historical_csv
2017-04-06,Ginger,47.5,Kg,historical_csv
2017-04-13,Ginger,47.5,Kg,historical_csv
2017-04-20,Ginger,47.5,Kg,historical_csv
2017-04-27,Ginger,47.5,Kg,historical_csv
2017-05-04,Ginger,48.93,Kg,historical_csv
2017-05-11,Ginger,55.36,Kg,historical_csv
2017-05-18,Ginger,57.25,Kg,historical_csv
2017-05-25,Ginger,57.5,Kg,historical_csv
2017-06-01,Ginger,57.5,Kg,historical_csv
2017-06-08,Ginger,57.5,Kg,historical_csv
2017-06-15,Ginger,57.5,Kg,historical_csv
2017-06-22,Ginger,61.07,Kg,historical_csv
2017-06-29,Ginger,52.5,Kg,historical_csv
2017-07-06,Ginger,52.5,Kg,historical_csv
2017-07-13,Ginger,52.5,Kg,historical_csv
2017-07-20,Ginger,52.86,Kg,historical_csv
2017-07-27,Ginger,52.5,Kg,historical_csv
2017-08-03,Ginger,52.5,Kg,historical_csv
2017-08-10,Ginger,52.5,Kg,historical_csv
2017-08-17,Ginger,53.93,Kg,historical_csv
2017-08-24,Ginger,62.5,Kg,historical_csv
2017-08-31,Ginger,66.07,Kg,historical_csv
2017-09-07,Ginger,55.36,Kg,historical_csv
2017-09-14,Ginger,52.86,Kg,historical_csv
2017-09-21,Ginger,52.75,Kg,historical_csv
2017-09-28,Ginger,52.5,Kg,historical_csv
2017-10-05,Ginger,52.5,Kg,historical_csv
2017-10-12,Ginger,52.5,Kg,historical_csv
2017-10-19,Ginger,52.5,Kg,historical_csv
2017-10-26,Ginger,52.5,Kg,historical_csv
2017-11-02,Ginger,52.5,Kg,historical_csv
2017-11-09,Ginger,51.79,Kg,historical_csv
2017-11-16,Ginger,50.36,Kg,historical_csv
2017-11-23,Ginger,52.5,Kg,historical_csv
2017-11-30,Ginger,52.5,Kg,historical_csv
2017-12-07,Ginger,52.5,Kg,historical_csv
2017-12-14,Ginger,52.5,Kg,historical_csv
2017-12-21,Ginger,50.83,Kg,historical_csv
2017-12-28,Ginger,42.5,Kg,historical_csv
2018-01-04,Ginger,42.5,Kg,historical_csv
2018-01-11,Ginger,46.07,Kg,historical_csv
2018-01-18,Ginger,47.5,Kg,historical_csv
2018-01-25,Ginger,47.5,Kg,historical_csv
2018-02-01,Ginger,47.5,Kg,historical_csv
2018-02-08,Ginger,47.5,Kg,historical_csv
2018-02-15,Ginger,47.5,Kg,historical_csv
2018-02-22,Ginger,47.5,Kg,historical_csv
2018-03-01,Ginger,47.5,Kg,historical_csv
2018-03-08,Ginger,50.0,Kg,historical_csv
2018-03-15,Ginger,56.43,Kg,historical_csv
2018-03-22,Ginger,58.93,Kg,historical_csv
2018-03-29,Ginger,52.5,Kg,historical_csv
2018-04-05,Ginger,56.07,Kg,historical_csv
2018-04-12,Ginger,57.5,Kg,historical_csv
2018-04-19,Ginger,57.5,Kg,historical_csv
2018-04-26,Ginger,57.5,Kg,historical_csv
2018-05-03,Ginger,57.5,Kg,historical_csv
2018-05-10,Ginger,85.36,Kg,historical_csv
2018-05-17,Ginger,96.79,Kg,historical_csv
2018-05-24,Ginger,91.79,Kg,historical_csv
2018-05-31,Ginger,88.21,Kg,historical_csv
2018-06-07,Ginger,83.21,Kg,historical_csv
2018-06-14,Ginger,84.29,Kg,historical_csv
2018-06-21,Ginger,101.79,Kg,historical_csv
2018-06-28,Ginger,105.0,Kg,historical_csv
2018-07-05,Ginger,105.0,Kg,historical_csv
2018-07-12,Ginger,97.5,Kg,historical_csv
2018-07-19,Ginger,97.14,Kg,historical_csv
2018-07-26,Ginger,97.5,Kg,historical_csv
2018-08-02,Ginger,99.64,Kg,historical_csv
2018-08-09,Ginger,105.0,Kg,historical_csv
2018-08-16,Ginger,105.0,Kg,historical_csv
2018-08-23,Ginger,119.29,Kg,historical_csv
2018-08-30,Ginger,149.64,Kg,historical_csv
2018-09-06,Ginger,153.57,Kg,historical_csv
2018-09-13,Ginger,147.86,Kg,historical_csv
2018-09-20,Ginger,130.71,Kg,historical_csv
2018-09-27,Ginger,110.71,Kg,historical_csv
2018-10-04,Ginger,99.29,Kg,historical_csv
2018-10-11,Ginger,95.0,Kg,historical_csv
2018-10-18,Ginger,95.0,Kg,historical_csv
2018-10-25,Ginger,95.0,Kg,historical_csv
2018-11-01,Ginger,98.93,Kg,historical_csv
2018-11-08,Ginger,102.86,Kg,historical_csv
2018-11-15,Ginger,97.5,Kg,historical_csv
2018-11-22,Ginger,97.5,Kg,historical_csv
2018-11-29,Ginger,97.5,Kg,historical_csv
2018-12-06,Ginger,99.64,Kg,historical_csv
2018-12-13,Ginger,105.0,Kg,historical_csv
2018-12-20,Ginger,106.07,Kg,historical_csv
2018-12-27,Ginger,111.79,Kg,historical_csv
2019-01-03,Ginger,115.0,Kg,historical_csv
2019-01-10,Ginger,115.0,Kg,historical_csv
2019-01-17,Ginger,117.86,Kg,historical_csv
2019-01-24,Ginger,115.0,Kg,historical_csv
2019-01-31,Ginger,115.0,Kg,historical_csv
2019-02-07,Ginger,137.86,Kg,historical_csv
2019-02-14,Ginger,155.0,Kg,historical_csv
2019-02-21,Ginger,155.0,Kg,historical_csv
2019-02-28,Ginger,155.0,Kg,historical_csv
2019-03-07,Ginger,155.0,Kg,historical_csv
2019-03-14,Ginger,155.0,Kg,historical_csv
2019-03-21,Ginger,150.71,Kg,historical_csv
2019-03-28,Ginger,145.0,Kg,historical_csv
2019-04-04,Ginger,145.0,Kg,historical_csv
2019-04-11,Ginger,147.86,Kg,historical_csv
2019-04-18,Ginger,157.86,Kg,historical_csv
2019-04-25,Ginger,149.29,Kg,historical_csv
2019-05-02,Ginger,162.14,Kg,historical_csv
2019-05-09,Ginger,165.0,Kg,historical_csv
2019-05-16,Ginger,195.0,Kg,historical_csv
2019-05-23,Ginger,208.57,Kg,historical_csv
2019-05-30,Ginger,201.43,Kg,historical_csv
2019-06-06,Ginger,195.0,Kg,historical_csv
2019-06-13,Ginger,195.0,Kg,historical_csv
2019-06-20,Ginger,195.0,Kg,historical_csv
2019-06-27,Ginger,195.0,Kg,historical_csv
2019-07-04,Ginger,195.0,Kg,historical_csv
2019-07-11,Ginger,195.0,Kg,historical_csv
2019-07-18,Ginger,195.0,Kg,historical_csv
2019-07-25,Ginger,229.29,Kg,historical_csv
2019-08-01,Ginger,233.57,Kg,historical_csv
2019-08-08,Ginger,210.71,Kg,historical_csv
2019-08-15,Ginger,225.0,Kg,historical_csv
2019-08-22,Ginger,225.0,Kg,historical_csv
2019-08-29,Ginger,210.71,Kg,historical_csv
2019-09-05,Ginger,225.0,Kg,historical_csv
2019-09-12,Ginger,225.0,Kg,historical_csv
2019-09-19,Ginger,207.86,Kg,historical_csv
2019-09-26,Ginger,190.71,Kg,historical_csv
2019-10-03,Ginger,166.43,Kg,historical_csv
2019-10-10,Ginger,213.57,Kg,historical_csv
2019-10-17,Ginger,183.57,Kg,historical_csv
2019-10-24,Ginger,153.57,Kg,historical_csv
2019-10-31,Ginger,147.86,Kg,historical_csv
2019-11-07,Ginger,145.0,Kg,historical_csv
2019-11-14,Ginger,145.0,Kg,historical_csv
2019-11-21,Ginger,145.0,Kg,historical_csv
2019-11-28,Ginger,130.71,Kg,historical_csv
2019-12-05,Ginger,120.71,Kg,historical_csv
2019-12-12,Ginger,113.93,Kg,historical_csv
2019-12-19,Ginger,115.0,Kg,historical_csv
2019-12-26,Ginger,115.0,Kg,historical_csv
2020-01-02,Ginger,115.0,Kg,historical_csv
2020-01-09,Ginger,113.57,Kg,historical_csv
2020-01-16,Ginger,105.0,Kg,historical_csv
2020-01-23,Ginger,113.57,Kg,historical_csv
2020-01-30,Ginger,115.0,Kg,historical_csv
2020-02-06,Ginger,115.0,Kg,historical_csv
2020-02-13,Ginger,115.0,Kg,historical_csv
2020-02-20,Ginger,115.71,Kg,historical_csv
2020-02-27,Ginger,115.0,Kg,historical_csv
2020-03-05,Ginger,123.33,Kg,historical_csv
2020-03-12,Ginger,115.0,Kg,historical_csv
2020-03-19,Ginger,119.29,Kg,historical_csv
2020-03-26,Ginger,130.0,Kg,historical_csv
2020-04-02,Ginger,155.0,Kg,historical_csv
2020-04-09,Ginger,155.0,Kg,historical_csv
2020-04-16,Ginger,155.0,Kg,historical_csv
2020-04-23,Ginger,155.0,Kg,historical_csv
2020-04-30,Ginger,205.0,Kg,historical_csv
2020-05-07,Ginger,195.0,Kg,historical_csv
2020-05-14,Ginger,177.86,Kg,historical_csv
2020-05-21,Ginger,145.0,Kg,historical_csv
2020-05-28,Ginger,145.0,Kg,historical_csv
2020-06-04,Ginger,145.0,Kg,historical_csv
2020-06-11,Ginger,145.0,Kg,historical_csv
2020-06-18,Ginger,127.86,Kg,historical_csv
2020-06-25,Ginger,125.0,Kg,historical_csv
2020-07-02,Ginger,127.86,Kg,historical_csv
2020-07-09,Ginger,135.36,Kg,historical_csv
2020-07-16,Ginger,135.0,Kg,historical_csv
2020-07-23,Ginger,123.57,Kg,historical_csv
2020-07-30,Ginger,116.07,Kg,historical_csv
2020-08-06,Ginger,135.0,Kg,historical_csv
2020-08-13,Ginger,135.0,Kg,historical_csv
2020-08-20,Ginger,129.64,Kg,historical_csv
2020-08-27,Ginger,135.0,Kg,historical_csv
2020-09-03,Ginger,143.57,Kg,historical_csv
2020-09-10,Ginger,145.0,Kg,historical_csv
2020-09-17,Ginger,133.57,Kg,historical_csv
2020-09-24,Ginger,125.36,Kg,historical_csv
2020-10-01,Ginger,125.0,Kg,historical_csv
2020-10-08,Ginger,125.0,Kg,historical_csv
2020-10-15,Ginger,65.0,Kg,historical_csv
2020-10-22,Ginger,66.43,Kg,historical_csv
2020-10-29,Ginger,81.79,Kg,historical_csv
2020-11-05,Ginger,72.86,Kg,historical_csv
2020-11-12,Ginger,65.86,Kg,historical_csv
2020-11-19,Ginger,74.29,Kg,historical_csv
2020-11-26,Ginger,65.36,Kg,historical_csv
2020-12-03,Ginger,62.14,Kg,historical_csv
2020-12-10,Ginger,64.29,Kg,historical_csv
2020-12-17,Ginger,65.0,Kg,historical_csv
2020-12-24,Ginger,65.0,Kg,historical_csv
2020-12-31,Ginger,65.0,Kg,historical_csv
2021-01-07,Ginger,60.71,Kg,historical_csv
2021-01-14,Ginger,56.43,Kg,historical_csv
2021-01-21,Ginger,62.14,Kg,historical_csv
2021-01-28,Ginger,62.5,Kg,historical_csv
2021-02-04,Ginger,55.71,Kg,historical_csv
2021-02-11,Ginger,55.0,Kg,historical_csv
2021-02-18,Ginger,62.14,Kg,historical_csv
2021-02-25,Ginger,63.57,Kg,historical_csv
2021-03-04,Ginger,65.0,Kg,historical_csv
2021-03-11,Ginger,65.0,Kg,historical_csv
2021-03-18,Ginger,67.86,Kg,historical_csv
2021-03-25,Ginger,76.07,Kg,historical_csv
2021-04-01,Ginger,75.0,Kg,historical_csv
2021-04-22,Ginger,86.67,Kg,historical_csv
2021-04-29,Ginger,77.14,Kg,historical_csv
2021-05-06,Ginger,77.14,Kg,historical_csv
2021-05-13,Ginger,78.57,Kg,historical_csv
2025-04-03,Ginger,75.0,Kg,historical_csv
2025-04-10,Ginger,75.0,Kg,historical_csv
2025-04-17,Ginger,87.5,Kg,historical_csv
2025-05-15,Ginger,321.69,1 Kg,synthetic
2025-07-17,Ginger,315.79,1 Kg,synthetic
2025-07-24,Ginger,317.73,1 Kg,synthetic
2025-07-31,Ginger,315.01,1 Kg,synthetic
2025-10-16,Ginger,293.99,1 Kg,synthetic
2025-10-23,Ginger,307.63,1 Kg,synthetic
2025-10-30,Ginger,309.59,1 Kg,synthetic
2025-11-06,Ginger,307.5,1 Kg,synthetic
2025-11-13,Ginger,320.27,1 Kg,synthetic
2025-11-20,Ginger,318.93,1 Kg,synthetic
2025-11-27,Ginger,323.35,1 Kg,synthetic
2025-12-11,Ginger,323.44,1 Kg,synthetic
2025-12-18,Ginger,314.89,1 Kg,synthetic
2026-01-01,Ginger,316.64,1 Kg,synthetic
2026-01-08,Ginger,324.48,1 Kg,synthetic
2026-01-15,Ginger,323.66,1 Kg,synthetic
2026-01-22,Ginger,319.87,1 Kg,synthetic
2026-01-29,Ginger,320.7,1 Kg,synthetic
2026-02-12,Ginger,327.67,1 Kg,synthetic
2026-02-19,Ginger,316.45,1 Kg,synthetic
2026-02-26,Ginger,323.28,1 Kg,synthetic
2026-03-05,Ginger,318.79,1 Kg,synthetic
2026-03-26,Ginger,318.69,1 Kg,synthetic
2026-04-02,Ginger,326.59,1 Kg,synthetic
2026-04-09,Ginger,324.95,1 Kg,synthetic
2026-04-16,Ginger,324.88,1 Kg,synthetic
2026-04-23,Ginger,327.83,1 Kg,synthetic
2026-04-30,Ginger,320.13,1 Kg,synthetic
2026-05-07,Ginger,324.09,1 Kg,synthetic
2026-05-14,Ginger,318.14,1 Kg,synthetic
2026-05-21,Ginger,321.94,1 Kg,synthetic
2026-06-04,Ginger,319.22,1 Kg,synthetic
2026-06-11,Ginger,320.58,1 Kg,synthetic
2026-06-18,Ginger,323.56,1 Kg,synthetic
2026-07-02,Ginger,315.02,1 Kg,synthetic
2026-07-09,Ginger,332.38,1 Kg,synthetic
2013-06-20,Gourd,27.46,Kg,historical_csv
2013-08-01,Gourd,24.47,Kg,historical_csv
2013-08-08,Gourd,29.92,Kg,historical_csv
2013-08-15,Gourd,30.09,Kg,historical_csv
2013-08-22,Gourd,32.71,Kg,historical_csv
2013-08-29,Gourd,30.38,Kg,historical_csv
2013-09-05,Gourd,29.14,Kg,historical_csv
2013-09-12,Gourd,34.36,Kg,historical_csv
2013-09-19,Gourd,35.5,Kg,historical_csv
2013-09-26,Gourd,32.75,Kg,historical_csv
2013-10-03,Gourd,32.22,Kg,historical_csv
2013-10-10,Gourd,35.23,Kg,historical_csv
2013-10-17,Gourd,44.55,Kg,historical_csv
2013-10-24,Gourd,43.34,Kg,historical_csv
2013-10-31,Gourd,70.19,Kg,historical_csv
2013-11-07,Gourd,67.05,Kg,historical_csv
2013-11-14,Gourd,65.67,Kg,historical_csv
2013-11-21,Gourd,65.83,Kg,historical_csv
2013-11-28,Gourd,59.06,Kg,historical_csv
2013-12-05,Gourd,57.68,Kg,historical_csv
2013-12-12,Gourd,55.0,Kg,historical_csv
2013-12-19,Gourd,81.83,Kg,historical_csv
2013-12-26,Gourd,80.08,Kg,historical_csv
2014-01-02,Gourd,80.33,Kg,historical_csv
2014-01-09,Gourd,59.58,Kg,historical_csv
2014-01-16,Gourd,72.75,Kg,historical_csv
2014-01-23,Gourd,81.18,Kg,historical_csv
2014-01-30,Gourd,79.42,Kg,historical_csv
2014-02-06,Gourd,57.25,Kg,historical_csv
2014-02-13,Gourd,88.63,Kg,historical_csv
2014-02-20,Gourd,99.0,Kg,historical_csv
2014-02-27,Gourd,106.38,Kg,historical_csv
2014-03-06,Gourd,98.85,Kg,historical_csv
2014-03-13,Gourd,100.17,Kg,historical_csv
2014-03-20,Gourd,73.1,Kg,historical_csv
2014-03-27,Gourd,67.85,Kg,historical_csv
2014-04-03,Gourd,56.24,Kg,historical_csv
2014-04-10,Gourd,62.88,Kg,historical_csv
2014-04-17,Gourd,50.5,Kg,historical_csv
2014-04-24,Gourd,58.25,Kg,historical_csv
2014-05-01,Gourd,48.29,Kg,historical_csv
2014-05-08,Gourd,42.99,Kg,historical_csv
2014-05-15,Gourd,44.1,Kg,historical_csv
2014-05-22,Gourd,42.13,Kg,historical_csv
2014-05-29,Gourd,35.68,Kg,historical_csv
2014-06-05,Gourd,39.08,Kg,historical_csv
2014-06-12,Gourd,35.13,Kg,historical_csv
2014-06-19,Gourd,32.06,Kg,historical_csv
2014-06-26,Gourd,26.83,Kg,historical_csv
2014-07-03,Gourd,25.6,Kg,historical_csv
2014-07-10,Gourd,31.75,Kg,historical_csv
2014-07-17,Gourd,33.92,Kg,historical_csv
2014-07-24,Gourd,30.88,Kg,historical_csv
2014-07-31,Gourd,27.3,Kg,historical_csv
2014-08-07,Gourd,24.48,Kg,historical_csv
2014-08-14,Gourd,20.96,Kg,historical_csv
2014-08-21,Gourd,23.06,Kg,historical_csv
2014-08-28,Gourd,34.77,Kg,historical_csv
2014-09-04,Gourd,37.63,Kg,historical_csv
2014-09-11,Gourd,38.2,Kg,historical_csv
2014-09-18,Gourd,40.91,Kg,historical_csv
2014-09-25,Gourd,45.25,Kg,historical_csv
2014-10-02,Gourd,44.77,Kg,historical_csv
2014-10-09,Gourd,34.8,Kg,historical_csv
2014-10-16,Gourd,37.16,Kg,historical_csv
2014-10-23,Gourd,42.15,Kg,historical_csv
2014-10-30,Gourd,51.33,Kg,historical_csv
2014-11-06,Gourd,56.22,Kg,historical_csv
2014-11-13,Gourd,53.64,Kg,historical_csv
2014-11-20,Gourd,47.61,Kg,historical_csv
2014-11-27,Gourd,44.57,Kg,historical_csv
2014-12-04,Gourd,47.86,Kg,historical_csv
2014-12-11,Gourd,49.21,Kg,historical_csv
2014-12-18,Gourd,48.24,Kg,historical_csv
2014-12-25,Gourd,56.31,Kg,historical_csv
2015-01-01,Gourd,76.0,Kg,historical_csv
2015-01-08,Gourd,67.1,Kg,historical_csv
2015-01-15,Gourd,77.79,Kg,historical_csv
2015-01-22,Gourd,81.13,Kg,historical_csv
2015-01-29,Gourd,81.74,Kg,historical_csv
2015-02-05,Gourd,120.69,Kg,historical_csv
2015-02-12,Gourd,122.43,Kg,historical_csv
2015-02-19,Gourd,121.12,Kg,historical_csv
2015-02-26,Gourd,107.08,Kg,historical_csv
2015-03-05,Gourd,86.19,Kg,historical_csv
2015-03-12,Gourd,79.37,Kg,historical_csv
2015-03-19,Gourd,74.85,Kg,historical_csv
2015-03-26,Gourd,63.12,Kg,historical_csv
2015-04-02,Gourd,55.69,Kg,historical_csv
2015-04-09,Gourd,57.47,Kg,historical_csv
2015-04-16,Gourd,59.4,Kg,historical_csv
2015-04-23,Gourd,49.79,Kg,historical_csv
2015-04-30,Gourd,45.5,Kg,historical_csv
2015-05-07,Gourd,29.95,Kg,historical_csv
2015-05-14,Gourd,26.48,Kg,historical_csv
2015-05-21,Gourd,22.66,Kg,historical_csv
2015-05-28,Gourd,22.91,Kg,historical_csv
2015-06-04,Gourd,24.66,Kg,historical_csv
2015-06-11,Gourd,27.69,Kg,historical_csv
2015-06-18,Gourd,27.66,Kg,historical_csv
2015-06-25,Gourd,28.77,Kg,historical_csv
2015-07-02,Gourd,31.29,Kg,historical_csv
2015-07-09,Gourd,36.01,Kg,historical_csv
2015-07-16,Gourd,35.81,Kg,historical_csv
2015-07-23,Gourd,32.36,Kg,historical_csv
2015-07-30,Gourd,29.36,Kg,historical_csv
2015-08-06,Gourd,31.57,Kg,historical_csv
2015-08-13,Gourd,31.83,Kg,historical_csv
2015-08-20,Gourd,31.61,Kg,historical_csv
2015-08-27,Gourd,34.4,Kg,historical_csv
2015-09-03,Gourd,36.21,Kg,historical_csv
2015-09-10,Gourd,36.25,Kg,historical_csv
2015-09-17,Gourd,35.98,Kg,historical_csv
2015-09-24,Gourd,33.03,Kg,historical_csv
2015-10-01,Gourd,36.04,Kg,historical_csv
2015-10-08,Gourd,44.16,Kg,historical_csv
2015-10-15,Gourd,50.55,Kg,historical_csv
2015-10-22,Gourd,41.16,Kg,historical_csv
2015-10-29,Gourd,40.54,Kg,historical_csv
2015-11-05,Gourd,41.34,Kg,historical_csv
2015-11-12,Gourd,48.15,Kg,historical_csv
2015-11-19,Gourd,55.68,Kg,historical_csv
2015-11-26,Gourd,49.0,Kg,historical_csv
2015-12-03,Gourd,54.26,Kg,historical_csv
2015-12-10,Gourd,54.4,Kg,historical_csv
2015-12-17,Gourd,52.62,Kg,historical_csv
2015-12-24,Gourd,59.6,Kg,historical_csv
2015-12-31,Gourd,76.07,Kg,historical_csv
2016-01-07,Gourd,67.86,Kg,historical_csv
2016-01-14,Gourd,71.52,Kg,historical_csv
2016-01-21,Gourd,75.36,Kg,historical_csv
2016-01-28,Gourd,78.69,Kg,historical_csv
2016-02-04,Gourd,80.6,Kg,historical_csv
2016-02-11,Gourd,67.08,Kg,historical_csv
2016-02-18,Gourd,71.43,Kg,historical_csv
2016-02-25,Gourd,61.31,Kg,historical_csv
2016-03-03,Gourd,77.5,Kg,historical_csv
2016-03-10,Gourd,83.05,Kg,historical_csv
2016-03-17,Gourd,68.13,Kg,historical_csv
2016-03-24,Gourd,69.94,Kg,historical_csv
2016-03-31,Gourd,67.62,Kg,historical_csv
2016-04-07,Gourd,66.04,Kg,historical_csv
2016-04-14,Gourd,71.66,Kg,historical_csv
2016-04-21,Gourd,62.77,Kg,historical_csv
2016-04-28,Gourd,60.36,Kg,historical_csv
2016-05-05,Gourd,61.11,Kg,historical_csv
2016-05-12,Gourd,51.96,Kg,historical_csv
2016-05-19,Gourd,52.77,Kg,historical_csv
2016-05-26,Gourd,48.64,Kg,historical_csv
2016-06-02,Gourd,44.71,Kg,historical_csv
2016-06-09,Gourd,38.69,Kg,historical_csv
2016-06-16,Gourd,29.86,Kg,historical_csv
2016-06-23,Gourd,26.76,Kg,historical_csv
2016-06-30,Gourd,30.08,Kg,historical_csv
2016-07-07,Gourd,35.65,Kg,historical_csv
2016-07-14,Gourd,44.21,Kg,historical_csv
2016-07-21,Gourd,37.65,Kg,historical_csv
2016-07-28,Gourd,45.13,Kg,historical_csv
2016-08-04,Gourd,47.83,Kg,historical_csv
2016-08-11,Gourd,44.13,Kg,historical_csv
2016-08-18,Gourd,39.82,Kg,historical_csv
2016-08-25,Gourd,33.82,Kg,historical_csv
2016-09-01,Gourd,35.73,Kg,historical_csv
2016-09-08,Gourd,36.22,Kg,historical_csv
2016-09-15,Gourd,37.79,Kg,historical_csv
2016-09-22,Gourd,62.64,Kg,historical_csv
2016-09-29,Gourd,57.18,Kg,historical_csv
2016-10-06,Gourd,56.3,Kg,historical_csv
2016-10-13,Gourd,50.98,Kg,historical_csv
2016-10-20,Gourd,44.88,Kg,historical_csv
2016-10-27,Gourd,54.38,Kg,historical_csv
2016-11-03,Gourd,56.04,Kg,historical_csv
2016-11-10,Gourd,50.29,Kg,historical_csv
2016-11-17,Gourd,50.67,Kg,historical_csv
2016-11-24,Gourd,43.93,Kg,historical_csv
2016-12-01,Gourd,50.71,Kg,historical_csv
2016-12-08,Gourd,53.21,Kg,historical_csv
2016-12-15,Gourd,54.52,Kg,historical_csv
2016-12-22,Gourd,52.69,Kg,historical_csv
2016-12-29,Gourd,57.86,Kg,historical_csv
2017-01-05,Gourd,51.55,Kg,historical_csv
2017-01-12,Gourd,57.42,Kg,historical_csv
2017-01-19,Gourd,75.0,Kg,historical_csv
2017-01-26,Gourd,85.18,Kg,historical_csv
2017-02-02,Gourd,77.86,Kg,historical_csv
2017-02-09,Gourd,66.61,Kg,historical_csv
2017-02-16,Gourd,93.04,Kg,historical_csv
2017-02-23,Gourd,74.82,Kg,historical_csv
2017-03-02,Gourd,70.83,Kg,historical_csv
2017-03-09,Gourd,73.08,Kg,historical_csv
2017-03-16,Gourd,61.33,Kg,historical_csv
2017-03-23,Gourd,63.1,Kg,historical_csv
2017-03-30,Gourd,60.88,Kg,historical_csv
2017-04-06,Gourd,55.36,Kg,historical_csv
2017-04-13,Gourd,62.6,Kg,historical_csv
2017-04-20,Gourd,65.45,Kg,historical_csv
2017-04-27,Gourd,46.16,Kg,historical_csv
2017-05-04,Gourd,47.91,Kg,historical_csv
2017-05-11,Gourd,46.34,Kg,historical_csv
2017-05-18,Gourd,39.77,Kg,historical_csv
2017-05-25,Gourd,38.79,Kg,historical_csv
2017-06-01,Gourd,38.21,Kg,historical_csv
2017-06-08,Gourd,36.69,Kg,historical_csv
2017-06-15,Gourd,35.23,Kg,historical_csv
2017-06-22,Gourd,34.0,Kg,historical_csv
2017-06-29,Gourd,32.5,Kg,historical_csv
2017-07-06,Gourd,30.36,Kg,historical_csv
2017-07-13,Gourd,32.44,Kg,historical_csv
2017-07-20,Gourd,46.01,Kg,historical_csv
2017-07-27,Gourd,40.3,Kg,historical_csv
2017-08-03,Gourd,33.21,Kg,historical_csv
2017-08-10,Gourd,35.83,Kg,historical_csv
2017-08-17,Gourd,44.82,Kg,historical_csv
2017-08-24,Gourd,52.98,Kg,historical_csv
2017-08-31,Gourd,52.5,Kg,historical_csv
2017-09-07,Gourd,43.55,Kg,historical_csv
2017-09-14,Gourd,44.95,Kg,historical_csv
2017-09-21,Gourd,41.47,Kg,historical_csv
2017-09-28,Gourd,37.77,Kg,historical_csv
2017-10-05,Gourd,41.68,Kg,historical_csv
2017-10-12,Gourd,41.79,Kg,historical_csv
2017-10-19,Gourd,52.05,Kg,historical_csv
2017-10-26,Gourd,67.32,Kg,historical_csv
2017-11-02,Gourd,60.11,Kg,historical_csv
2017-11-09,Gourd,70.83,Kg,historical_csv
2017-11-16,Gourd,60.3,Kg,historical_csv
2017-11-23,Gourd,53.33,Kg,historical_csv
2017-11-30,Gourd,53.24,Kg,historical_csv
2017-12-07,Gourd,55.28,Kg,historical_csv
2017-12-14,Gourd,58.21,Kg,historical_csv
2017-12-21,Gourd,49.44,Kg,historical_csv
2017-12-28,Gourd,48.75,Kg,historical_csv
2018-01-04,Gourd,49.64,Kg,historical_csv
2018-01-11,Gourd,52.86,Kg,historical_csv
2018-01-18,Gourd,73.5,Kg,historical_csv
2018-01-25,Gourd,80.18,Kg,historical_csv
2018-02-01,Gourd,80.0,Kg,historical_csv
2018-02-08,Gourd,70.18,Kg,historical_csv
2018-02-15,Gourd,48.93,Kg,historical_csv
2018-02-22,Gourd,44.17,Kg,historical_csv
2018-03-01,Gourd,38.93,Kg,historical_csv
2018-03-08,Gourd,66.53,Kg,historical_csv
2018-03-15,Gourd,94.76,Kg,historical_csv
2018-03-22,Gourd,75.0,Kg,historical_csv
2018-03-29,Gourd,70.6,Kg,historical_csv
2018-04-05,Gourd,66.58,Kg,historical_csv
2018-04-12,Gourd,69.73,Kg,historical_csv
2018-04-19,Gourd,59.91,Kg,historical_csv
2018-04-26,Gourd,49.29,Kg,historical_csv
2018-05-03,Gourd,48.14,Kg,historical_csv
2018-05-10,Gourd,41.07,Kg,historical_csv
2018-05-17,Gourd,40.07,Kg,historical_csv
2018-05-24,Gourd,41.79,Kg,historical_csv
2018-05-31,Gourd,43.07,Kg,historical_csv
2018-06-07,Gourd,43.86,Kg,historical_csv
2018-06-14,Gourd,41.5,Kg,historical_csv
2018-06-21,Gourd,42.14,Kg,historical_csv
2018-06-28,Gourd,45.6,Kg,historical_csv
2018-07-05,Gourd,43.1,Kg,historical_csv
2018-07-12,Gourd,46.69,Kg,historical_csv
2018-07-19,Gourd,51.31,Kg,historical_csv
2018-07-26,Gourd,44.9,Kg,historical_csv
2018-08-02,Gourd,44.76,Kg,historical_csv
2018-08-09,Gourd,47.93,Kg,historical_csv
2018-08-16,Gourd,53.73,Kg,historical_csv
2018-08-23,Gourd,50.4,Kg,historical_csv
2018-08-30,Gourd,40.65,Kg,historical_csv
2018-09-06,Gourd,40.71,Kg,historical_csv
2018-09-13,Gourd,46.6,Kg,historical_csv
2018-09-20,Gourd,53.55,Kg,historical_csv
2018-09-27,Gourd,57.5,Kg,historical_csv
2018-10-04,Gourd,47.86,Kg,historical_csv
2018-10-11,Gourd,45.36,Kg,historical_csv
2018-10-18,Gourd,49.46,Kg,historical_csv
2018-10-25,Gourd,48.69,Kg,historical_csv
2018-11-01,Gourd,48.04,Kg,historical_csv
2018-11-08,Gourd,53.48,Kg,historical_csv
2018-11-15,Gourd,45.86,Kg,historical_csv
2018-11-22,Gourd,43.45,Kg,historical_csv
2018-11-29,Gourd,45.36,Kg,historical_csv
2018-12-06,Gourd,56.55,Kg,historical_csv
2018-12-13,Gourd,62.21,Kg,historical_csv
2018-12-20,Gourd,71.43,Kg,historical_csv
2018-12-27,Gourd,74.88,Kg,historical_csv
2019-01-03,Gourd,88.99,Kg,historical_csv
2019-01-10,Gourd,94.94,Kg,historical_csv
2019-01-17,Gourd,90.18,Kg,historical_csv
2019-01-24,Gourd,88.93,Kg,historical_csv
2019-01-31,Gourd,57.32,Kg,historical_csv
2019-02-07,Gourd,70.18,Kg,historical_csv
2019-02-14,Gourd,41.79,Kg,historical_csv
2019-02-21,Gourd,76.67,Kg,historical_csv
2019-02-28,Gourd,63.39,Kg,historical_csv
2019-03-07,Gourd,106.74,Kg,historical_csv
2019-03-14,Gourd,105.71,Kg,historical_csv
2019-03-21,Gourd,99.37,Kg,historical_csv
2019-03-28,Gourd,88.21,Kg,historical_csv
2019-04-04,Gourd,69.76,Kg,historical_csv
2019-04-11,Gourd,65.45,Kg,historical_csv
2019-04-18,Gourd,74.97,Kg,historical_csv
2019-04-25,Gourd,83.12,Kg,historical_csv
2019-05-02,Gourd,59.98,Kg,historical_csv
2019-05-09,Gourd,50.5,Kg,historical_csv
2019-05-16,Gourd,55.07,Kg,historical_csv
2019-05-23,Gourd,49.0,Kg,historical_csv
2019-05-30,Gourd,43.4,Kg,historical_csv
2019-06-06,Gourd,39.68,Kg,historical_csv
2019-06-13,Gourd,40.6,Kg,historical_csv
2019-06-20,Gourd,42.62,Kg,historical_csv
2019-06-27,Gourd,42.08,Kg,historical_csv
2019-07-04,Gourd,45.18,Kg,historical_csv
2019-07-11,Gourd,48.62,Kg,historical_csv
2019-07-18,Gourd,61.85,Kg,historical_csv
2019-07-25,Gourd,67.5,Kg,historical_csv
2019-08-01,Gourd,63.51,Kg,historical_csv
2019-08-08,Gourd,48.75,Kg,historical_csv
2019-08-15,Gourd,33.46,Kg,historical_csv
2019-08-22,Gourd,30.17,Kg,historical_csv
2019-08-29,Gourd,34.06,Kg,historical_csv
2019-09-05,Gourd,34.06,Kg,historical_csv
2019-09-12,Gourd,32.0,Kg,historical_csv
2019-09-19,Gourd,46.21,Kg,historical_csv
2019-09-26,Gourd,65.77,Kg,historical_csv
2019-10-03,Gourd,72.26,Kg,historical_csv
2019-10-10,Gourd,83.57,Kg,historical_csv
2019-10-17,Gourd,69.29,Kg,historical_csv
2019-10-24,Gourd,64.76,Kg,historical_csv
2019-10-31,Gourd,79.4,Kg,historical_csv
2019-11-07,Gourd,72.8,Kg,historical_csv
2019-11-14,Gourd,73.57,Kg,historical_csv
2019-11-21,Gourd,73.21,Kg,historical_csv
2019-11-28,Gourd,62.38,Kg,historical_csv
2019-12-05,Gourd,67.74,Kg,historical_csv
2019-12-12,Gourd,71.19,Kg,historical_csv
2019-12-19,Gourd,74.82,Kg,historical_csv
2019-12-26,Gourd,73.15,Kg,historical_csv
2020-01-02,Gourd,79.76,Kg,historical_csv
2020-01-09,Gourd,80.77,Kg,historical_csv
2020-01-16,Gourd,81.61,Kg,historical_csv
2020-01-23,Gourd,83.04,Kg,historical_csv
2020-01-30,Gourd,84.64,Kg,historical_csv
2020-02-06,Gourd,88.39,Kg,historical_csv
2020-02-13,Gourd,85.18,Kg,historical_csv
2020-02-20,Gourd,87.86,Kg,historical_csv
2020-02-27,Gourd,91.07,Kg,historical_csv
2020-03-05,Gourd,95.0,Kg,historical_csv
2020-03-12,Gourd,105.54,Kg,historical_csv
2020-03-19,Gourd,85.36,Kg,historical_csv
2020-03-26,Gourd,90.49,Kg,historical_csv
2020-04-02,Gourd,85.33,Kg,historical_csv
2020-04-09,Gourd,72.12,Kg,historical_csv
2020-04-16,Gourd,64.11,Kg,historical_csv
2020-04-23,Gourd,45.62,Kg,historical_csv
2020-04-30,Gourd,43.85,Kg,historical_csv
2020-05-07,Gourd,42.96,Kg,historical_csv
2020-05-14,Gourd,38.33,Kg,historical_csv
2020-05-21,Gourd,30.41,Kg,historical_csv
2020-05-28,Gourd,22.33,Kg,historical_csv
2020-06-04,Gourd,21.29,Kg,historical_csv
2020-06-11,Gourd,26.07,Kg,historical_csv
2020-06-18,Gourd,26.79,Kg,historical_csv
2020-06-25,Gourd,25.89,Kg,historical_csv
2020-07-02,Gourd,31.93,Kg,historical_csv
2020-07-09,Gourd,45.95,Kg,historical_csv
2020-07-16,Gourd,41.5,Kg,historical_csv
2020-07-23,Gourd,51.55,Kg,historical_csv
2020-07-30,Gourd,73.35,Kg,historical_csv
2020-08-06,Gourd,62.15,Kg,historical_csv
2020-08-13,Gourd,43.87,Kg,historical_csv
2020-08-20,Gourd,38.51,Kg,historical_csv
2020-08-27,Gourd,42.12,Kg,historical_csv
2020-09-03,Gourd,36.4,Kg,historical_csv
2020-09-10,Gourd,39.76,Kg,historical_csv
2020-09-17,Gourd,43.85,Kg,historical_csv
2020-09-24,Gourd,53.79,Kg,historical_csv
2020-10-01,Gourd,70.92,Kg,historical_csv
2020-10-08,Gourd,83.75,Kg,historical_csv
2020-10-15,Gourd,76.88,Kg,historical_csv
2020-10-22,Gourd,59.3,Kg,historical_csv
2020-10-29,Gourd,51.03,Kg,historical_csv
2020-11-05,Gourd,51.36,Kg,historical_csv
2020-11-12,Gourd,68.43,Kg,historical_csv
2020-11-19,Gourd,79.15,Kg,historical_csv
2020-11-26,Gourd,74.33,Kg,historical_csv
2020-12-03,Gourd,62.0,Kg,historical_csv
2020-12-10,Gourd,63.59,Kg,historical_csv
2020-12-17,Gourd,62.62,Kg,historical_csv
2020-12-24,Gourd,65.2,Kg,historical_csv
2020-12-31,Gourd,83.69,Kg,historical_csv
2021-01-07,Gourd,78.93,Kg,historical_csv
2021-01-14,Gourd,90.24,Kg,historical_csv
2021-01-21,Gourd,75.71,Kg,historical_csv
2021-01-28,Gourd,94.76,Kg,historical_csv
2021-02-04,Gourd,86.61,Kg,historical_csv
2021-02-11,Gourd,120.12,Kg,historical_csv
2021-02-18,Gourd,113.21,Kg,historical_csv
2021-02-25,Gourd,91.85,Kg,historical_csv
2021-03-04,Gourd,125.56,Kg,historical_csv
2021-03-11,Gourd,121.49,Kg,historical_csv
2021-03-18,Gourd,103.07,Kg,historical_csv
2021-03-25,Gourd,93.04,Kg,historical_csv
2021-04-01,Gourd,87.92,Kg,historical_csv
2021-04-22,Gourd,68.11,Kg,historical_csv
2021-04-29,Gourd,62.81,Kg,historical_csv
2021-05-06,Gourd,39.58,Kg,historical_csv
2021-05-13,Gourd,33.6,Kg,historical_csv
2025-04-03,Gourd,84.67,Kg,historical_csv
2025-04-10,Gourd,74.9,Kg,historical_csv
2025-04-17,Gourd,69.03,Kg,historical_csv
2026-04-02,Gourd,78.54,Kg,historical_csv
2013-06-20,Grapes,255.0,Kg,historical_csv
2013-11-21,Grapes,65.0,Kg,historical_csv
2013-12-05,Grapes,218.0,Kg,historical_csv
2013-12-12,Grapes,219.17,Kg,historical_csv
2013-12-19,Grapes,198.0,Kg,historical_csv
2013-12-26,Grapes,190.0,Kg,historical_csv
2014-01-02,Grapes,190.0,Kg,historical_csv
2014-01-09,Grapes,162.5,Kg,historical_csv
2014-01-16,Grapes,156.0,Kg,historical_csv
2014-01-23,Grapes,155.83,Kg,historical_csv
2014-01-30,Grapes,147.0,Kg,historical_csv
2014-02-06,Grapes,123.0,Kg,historical_csv
2014-02-13,Grapes,130.0,Kg,historical_csv
2014-02-20,Grapes,117.0,Kg,historical_csv
2014-02-27,Grapes,115.0,Kg,historical_csv
2014-03-06,Grapes,105.0,Kg,historical_csv
2014-03-13,Grapes,105.83,Kg,historical_csv
2014-03-20,Grapes,106.0,Kg,historical_csv
2014-03-27,Grapes,103.75,Kg,historical_csv
2014-04-03,Grapes,105.0,Kg,historical_csv
2014-04-10,Grapes,107.0,Kg,historical_csv
2014-04-17,Grapes,112.0,Kg,historical_csv
2014-04-24,Grapes,143.0,Kg,historical_csv
2014-05-01,Grapes,172.0,Kg,historical_csv
2014-05-08,Grapes,190.83,Kg,historical_csv
2014-05-15,Grapes,189.0,Kg,historical_csv
2014-05-22,Grapes,198.33,Kg,historical_csv
2014-06-19,Grapes,290.0,Kg,historical_csv
2014-06-26,Grapes,290.0,Kg,historical_csv
2014-07-31,Grapes,75.0,Kg,historical_csv
2014-12-11,Grapes,275.0,Kg,historical_csv
2015-01-01,Grapes,275.0,Kg,historical_csv
2015-01-08,Grapes,219.17,Kg,historical_csv
2015-01-15,Grapes,163.33,Kg,historical_csv
2015-01-22,Grapes,137.86,Kg,historical_csv
2015-01-29,Grapes,125.0,Kg,historical_csv
2015-02-05,Grapes,120.83,Kg,historical_csv
2015-02-12,Grapes,118.57,Kg,historical_csv
2015-02-19,Grapes,101.67,Kg,historical_csv
2015-02-26,Grapes,86.67,Kg,historical_csv
2015-03-05,Grapes,85.0,Kg,historical_csv
2015-03-12,Grapes,87.5,Kg,historical_csv
2015-03-19,Grapes,96.67,Kg,historical_csv
2015-03-26,Grapes,96.43,Kg,historical_csv
2015-04-02,Grapes,108.93,Kg,historical_csv
2015-04-09,Grapes,140.83,Kg,historical_csv
2015-04-16,Grapes,141.67,Kg,historical_csv
2015-04-23,Grapes,154.29,Kg,historical_csv
2015-04-30,Grapes,169.29,Kg,historical_csv
2015-05-07,Grapes,172.14,Kg,historical_csv
2015-05-14,Grapes,174.17,Kg,historical_csv
2015-05-21,Grapes,179.29,Kg,historical_csv
2015-05-28,Grapes,177.86,Kg,historical_csv
2015-06-04,Grapes,175.0,Kg,historical_csv
2015-06-11,Grapes,166.0,Kg,historical_csv
2015-06-18,Grapes,180.71,Kg,historical_csv
2015-06-25,Grapes,201.0,Kg,historical_csv
2015-07-02,Grapes,201.88,Kg,historical_csv
2015-07-09,Grapes,225.0,Kg,historical_csv
2015-07-16,Grapes,259.17,Kg,historical_csv
2015-07-23,Grapes,267.0,Kg,historical_csv
2015-12-31,Grapes,147.5,Kg,historical_csv
2016-01-07,Grapes,145.0,Kg,historical_csv
2016-01-14,Grapes,145.0,Kg,historical_csv
2016-01-21,Grapes,135.71,Kg,historical_csv
2016-01-28,Grapes,100.71,Kg,historical_csv
2016-02-04,Grapes,95.0,Kg,historical_csv
2016-02-11,Grapes,95.0,Kg,historical_csv
2016-02-18,Grapes,95.0,Kg,historical_csv
2016-02-25,Grapes,95.0,Kg,historical_csv
2016-03-03,Grapes,91.67,Kg,historical_csv
2016-03-10,Grapes,97.86,Kg,historical_csv
2016-03-17,Grapes,96.67,Kg,historical_csv
2016-03-24,Grapes,102.14,Kg,historical_csv
2016-03-31,Grapes,105.0,Kg,historical_csv
2016-04-07,Grapes,133.57,Kg,historical_csv
2016-04-14,Grapes,143.57,Kg,historical_csv
2016-04-21,Grapes,130.71,Kg,historical_csv
2016-04-28,Grapes,120.71,Kg,historical_csv
2016-05-05,Grapes,120.71,Kg,historical_csv
2016-05-12,Grapes,135.0,Kg,historical_csv
2016-05-19,Grapes,143.57,Kg,historical_csv
2016-05-26,Grapes,155.0,Kg,historical_csv
2016-06-02,Grapes,141.67,Kg,historical_csv
2017-01-19,Grapes,188.75,Kg,historical_csv
2017-01-26,Grapes,190.71,Kg,historical_csv
2017-02-02,Grapes,173.57,Kg,historical_csv
2017-02-09,Grapes,116.43,Kg,historical_csv
2017-02-16,Grapes,105.0,Kg,historical_csv
2017-02-23,Grapes,99.29,Kg,historical_csv
2017-03-02,Grapes,113.33,Kg,historical_csv
2017-03-09,Grapes,110.0,Kg,historical_csv
2017-03-16,Grapes,108.33,Kg,historical_csv
2017-03-23,Grapes,102.14,Kg,historical_csv
2017-03-30,Grapes,105.0,Kg,historical_csv
2017-04-06,Grapes,105.0,Kg,historical_csv
2017-04-13,Grapes,105.0,Kg,historical_csv
2017-04-20,Grapes,109.29,Kg,historical_csv
2017-04-27,Grapes,105.0,Kg,historical_csv
2017-05-04,Grapes,107.86,Kg,historical_csv
2017-05-11,Grapes,120.71,Kg,historical_csv
2017-05-18,Grapes,125.0,Kg,historical_csv
2017-05-25,Grapes,125.0,Kg,historical_csv
2017-06-01,Grapes,125.0,Kg,historical_csv
2017-06-08,Grapes,125.0,Kg,historical_csv
2017-06-15,Grapes,125.0,Kg,historical_csv
2017-06-22,Grapes,125.0,Kg,historical_csv
2017-12-07,Grapes,210.0,Kg,historical_csv
2018-01-11,Grapes,145.0,Kg,historical_csv
2018-01-18,Grapes,145.0,Kg,historical_csv
2018-01-25,Grapes,143.33,Kg,historical_csv
2018-02-01,Grapes,147.86,Kg,historical_csv
2018-02-08,Grapes,133.57,Kg,historical_csv
2018-02-15,Grapes,100.71,Kg,historical_csv
2018-02-22,Grapes,95.0,Kg,historical_csv
2018-03-01,Grapes,95.0,Kg,historical_csv
2018-03-08,Grapes,105.0,Kg,historical_csv
2018-03-15,Grapes,126.43,Kg,historical_csv
2018-03-22,Grapes,125.0,Kg,historical_csv
2018-03-29,Grapes,125.0,Kg,historical_csv
2018-04-05,Grapes,125.0,Kg,historical_csv
2018-04-12,Grapes,130.0,Kg,historical_csv
2018-04-19,Grapes,151.43,Kg,historical_csv
2018-04-26,Grapes,159.29,Kg,historical_csv
2018-05-03,Grapes,178.57,Kg,historical_csv
2018-05-10,Grapes,225.0,Kg,historical_csv
2018-05-17,Grapes,226.43,Kg,historical_csv
2018-05-24,Grapes,225.0,Kg,historical_csv
2018-05-31,Grapes,225.0,Kg,historical_csv
2018-12-27,Grapes,195.0,Kg,historical_csv
2019-01-03,Grapes,182.14,Kg,historical_csv
2019-01-10,Grapes,152.14,Kg,historical_csv
2019-01-17,Grapes,156.43,Kg,historical_csv
2019-01-24,Grapes,152.86,Kg,historical_csv
2019-01-31,Grapes,121.43,Kg,historical_csv
2019-02-07,Grapes,115.0,Kg,historical_csv
2019-02-14,Grapes,110.71,Kg,historical_csv
2019-02-21,Grapes,105.0,Kg,historical_csv
2019-02-28,Grapes,97.86,Kg,historical_csv
2019-03-07,Grapes,78.33,Kg,historical_csv
2019-03-14,Grapes,82.14,Kg,historical_csv
2019-03-21,Grapes,95.0,Kg,historical_csv
2019-03-28,Grapes,96.43,Kg,historical_csv
2019-04-04,Grapes,102.14,Kg,historical_csv
2019-04-11,Grapes,105.0,Kg,historical_csv
2019-04-18,Grapes,112.14,Kg,historical_csv
2019-04-25,Grapes,116.43,Kg,historical_csv
2019-05-02,Grapes,125.0,Kg,historical_csv
2019-05-09,Grapes,145.0,Kg,historical_csv
2019-05-16,Grapes,145.0,Kg,historical_csv
2019-05-23,Grapes,168.33,Kg,historical_csv
2019-05-30,Grapes,171.67,Kg,historical_csv
2020-02-06,Grapes,195.0,Kg,historical_csv
2020-02-13,Grapes,182.14,Kg,historical_csv
2020-02-20,Grapes,168.57,Kg,historical_csv
2020-02-27,Grapes,121.79,Kg,historical_csv
2020-03-05,Grapes,125.42,Kg,historical_csv
2020-03-12,Grapes,120.0,Kg,historical_csv
2020-03-19,Grapes,138.57,Kg,historical_csv
2020-03-26,Grapes,156.25,Kg,historical_csv
2020-04-02,Grapes,115.0,Kg,historical_csv
2020-05-14,Grapes,115.0,Kg,historical_csv
2020-05-21,Grapes,115.0,Kg,historical_csv
2020-05-28,Grapes,113.57,Kg,historical_csv
2020-06-04,Grapes,95.0,Kg,historical_csv
2020-06-11,Grapes,103.57,Kg,historical_csv
2020-06-18,Grapes,102.14,Kg,historical_csv
2020-06-25,Grapes,105.0,Kg,historical_csv
2020-07-02,Grapes,105.0,Kg,historical_csv
2020-10-08,Grapes,235.0,Kg,historical_csv
2020-10-22,Grapes,390.0,Kg,historical_csv
2020-11-12,Grapes,270.0,Kg,historical_csv
2020-11-19,Grapes,271.67,Kg,historical_csv
2020-11-26,Grapes,305.0,Kg,historical_csv
2020-12-03,Grapes,335.71,Kg,historical_csv
2020-12-10,Grapes,326.79,Kg,historical_csv
2020-12-17,Grapes,312.86,Kg,historical_csv
2020-12-24,Grapes,306.43,Kg,historical_csv
2020-12-31,Grapes,305.0,Kg,historical_csv
2021-01-07,Grapes,297.14,Kg,historical_csv
2021-01-14,Grapes,272.14,Kg,historical_csv
2021-01-21,Grapes,258.93,Kg,historical_csv
2021-01-28,Grapes,260.0,Kg,historical_csv
2021-02-04,Grapes,235.71,Kg,historical_csv
2021-02-11,Grapes,180.71,Kg,historical_csv
2021-02-18,Grapes,163.57,Kg,historical_csv
2021-02-25,Grapes,161.43,Kg,historical_csv
2021-03-04,Grapes,162.5,Kg,historical_csv
2021-03-11,Grapes,163.21,Kg,historical_csv
2021-03-18,Grapes,160.0,Kg,historical_csv
2021-03-25,Grapes,154.29,Kg,historical_csv
2021-04-01,Grapes,150.83,Kg,historical_csv
2021-04-22,Grapes,222.92,Kg,historical_csv
2021-04-29,Grapes,246.07,Kg,historical_csv
2021-05-06,Grapes,241.79,Kg,historical_csv
2021-05-13,Grapes,270.0,Kg,historical_csv
2025-04-03,Grapes,147.5,Kg,historical_csv
2025-04-10,Grapes,156.79,Kg,historical_csv
2025-04-17,Grapes,186.67,Kg,historical_csv
2026-04-02,Grapes,150.0,Kg,historical_csv
2013-06-20,Green Chilli,105.0,Kg,historical_csv
2013-08-01,Green Chilli,106.25,Kg,historical_csv
2013-08-08,Green Chilli,107.08,Kg,historical_csv
2013-08-15,Green Chilli,108.75,Kg,historical_csv
2013-08-22,Green Chilli,114.38,Kg,historical_csv
2013-08-29,Green Chilli,124.25,Kg,historical_csv
2013-09-05,Green Chilli,131.67,Kg,historical_csv
2013-09-12,Green Chilli,127.5,Kg,historical_csv
2013-09-19,Green Chilli,120.0,Kg,historical_csv
2013-09-26,Green Chilli,120.0,Kg,historical_csv
2013-10-03,Green Chilli,110.83,Kg,historical_csv
2013-10-10,Green Chilli,111.67,Kg,historical_csv
2013-10-17,Green Chilli,129.29,Kg,historical_csv
2013-10-24,Green Chilli,117.5,Kg,historical_csv
2013-10-31,Green Chilli,115.0,Kg,historical_csv
2013-11-07,Green Chilli,111.46,Kg,historical_csv
2013-11-14,Green Chilli,115.4,Kg,historical_csv
2013-11-21,Green Chilli,119.75,Kg,historical_csv
2013-11-28,Green Chilli,123.75,Kg,historical_csv
2013-12-05,Green Chilli,127.5,Kg,historical_csv
2013-12-12,Green Chilli,134.38,Kg,historical_csv
2013-12-19,Green Chilli,135.15,Kg,historical_csv
2013-12-26,Green Chilli,135.15,Kg,historical_csv
2014-01-02,Green Chilli,133.75,Kg,historical_csv
2014-01-09,Green Chilli,137.21,Kg,historical_csv
2014-01-16,Green Chilli,144.0,Kg,historical_csv
2014-01-23,Green Chilli,141.88,Kg,historical_csv
2014-01-30,Green Chilli,141.5,Kg,historical_csv
2014-02-06,Green Chilli,139.5,Kg,historical_csv
2014-02-13,Green Chilli,139.18,Kg,historical_csv
2014-02-20,Green Chilli,146.75,Kg,historical_csv
2014-02-27,Green Chilli,147.25,Kg,historical_csv
2014-03-06,Green Chilli,156.88,Kg,historical_csv
2014-03-13,Green Chilli,157.71,Kg,historical_csv
2014-03-20,Green Chilli,142.5,Kg,historical_csv
2014-03-27,Green Chilli,128.96,Kg,historical_csv
2014-04-03,Green Chilli,133.0,Kg,historical_csv
2014-04-10,Green Chilli,129.0,Kg,historical_csv
2014-04-17,Green Chilli,116.75,Kg,historical_csv
2014-04-24,Green Chilli,113.25,Kg,historical_csv
2014-05-01,Green Chilli,118.25,Kg,historical_csv
2014-05-08,Green Chilli,125.42,Kg,historical_csv
2014-05-15,Green Chilli,131.0,Kg,historical_csv
2014-05-22,Green Chilli,122.08,Kg,historical_csv
2014-05-29,Green Chilli,116.5,Kg,historical_csv
2014-06-05,Green Chilli,109.08,Kg,historical_csv
2014-06-12,Green Chilli,111.46,Kg,historical_csv
2014-06-19,Green Chilli,111.25,Kg,historical_csv
2014-06-26,Green Chilli,113.9,Kg,historical_csv
2014-07-03,Green Chilli,117.08,Kg,historical_csv
2014-07-10,Green Chilli,118.75,Kg,historical_csv
2014-07-17,Green Chilli,121.96,Kg,historical_csv
2014-07-24,Green Chilli,123.21,Kg,historical_csv
2014-07-31,Green Chilli,127.32,Kg,historical_csv
2014-08-07,Green Chilli,121.43,Kg,historical_csv
2014-08-14,Green Chilli,136.07,Kg,historical_csv
2014-08-21,Green Chilli,141.96,Kg,historical_csv
2014-08-28,Green Chilli,138.0,Kg,historical_csv
2014-09-04,Green Chilli,139.38,Kg,historical_csv
2014-09-11,Green Chilli,143.75,Kg,historical_csv
2014-09-18,Green Chilli,146.07,Kg,historical_csv
2014-09-25,Green Chilli,135.0,Kg,historical_csv
2014-10-02,Green Chilli,128.12,Kg,historical_csv
2014-10-09,Green Chilli,132.5,Kg,historical_csv
2014-10-16,Green Chilli,128.75,Kg,historical_csv
2014-10-23,Green Chilli,127.29,Kg,historical_csv
2014-10-30,Green Chilli,133.93,Kg,historical_csv
2014-11-06,Green Chilli,132.14,Kg,historical_csv
2014-11-13,Green Chilli,132.14,Kg,historical_csv
2014-11-20,Green Chilli,128.04,Kg,historical_csv
2014-11-27,Green Chilli,126.79,Kg,historical_csv
2014-12-04,Green Chilli,126.25,Kg,historical_csv
2014-12-11,Green Chilli,127.5,Kg,historical_csv
2014-12-18,Green Chilli,123.21,Kg,historical_csv
2014-12-25,Green Chilli,124.29,Kg,historical_csv
2015-01-01,Green Chilli,125.54,Kg,historical_csv
2015-01-08,Green Chilli,125.18,Kg,historical_csv
2015-01-15,Green Chilli,119.38,Kg,historical_csv
2015-01-22,Green Chilli,110.36,Kg,historical_csv
2015-01-29,Green Chilli,116.25,Kg,historical_csv
2015-02-05,Green Chilli,116.29,Kg,historical_csv
2015-02-12,Green Chilli,119.11,Kg,historical_csv
2015-02-19,Green Chilli,116.67,Kg,historical_csv
2015-02-26,Green Chilli,118.96,Kg,historical_csv
2015-03-05,Green Chilli,126.25,Kg,historical_csv
2015-03-12,Green Chilli,122.25,Kg,historical_csv
2015-03-19,Green Chilli,130.42,Kg,historical_csv
2015-03-26,Green Chilli,132.86,Kg,historical_csv
2015-04-02,Green Chilli,130.25,Kg,historical_csv
2015-04-09,Green Chilli,121.88,Kg,historical_csv
2015-04-16,Green Chilli,126.67,Kg,historical_csv
2015-04-23,Green Chilli,121.96,Kg,historical_csv
2015-04-30,Green Chilli,124.11,Kg,historical_csv
2015-05-07,Green Chilli,119.82,Kg,historical_csv
2015-05-14,Green Chilli,118.75,Kg,historical_csv
2015-05-21,Green Chilli,119.11,Kg,historical_csv
2015-05-28,Green Chilli,116.43,Kg,historical_csv
2015-06-04,Green Chilli,120.86,Kg,historical_csv
2015-06-11,Green Chilli,124.36,Kg,historical_csv
2015-06-18,Green Chilli,122.66,Kg,historical_csv
2015-06-25,Green Chilli,117.57,Kg,historical_csv
2015-07-02,Green Chilli,116.75,Kg,historical_csv
2015-07-09,Green Chilli,121.25,Kg,historical_csv
2015-07-16,Green Chilli,120.19,Kg,historical_csv
2015-07-23,Green Chilli,122.21,Kg,historical_csv
2015-07-30,Green Chilli,120.1,Kg,historical_csv
2015-08-06,Green Chilli,125.71,Kg,historical_csv
2015-08-13,Green Chilli,136.36,Kg,historical_csv
2015-08-20,Green Chilli,124.21,Kg,historical_csv
2015-08-27,Green Chilli,121.89,Kg,historical_csv
2015-09-03,Green Chilli,120.18,Kg,historical_csv
2015-09-10,Green Chilli,125.71,Kg,historical_csv
2015-09-17,Green Chilli,131.43,Kg,historical_csv
2015-09-24,Green Chilli,138.57,Kg,historical_csv
2015-10-01,Green Chilli,135.89,Kg,historical_csv
2015-10-08,Green Chilli,135.96,Kg,historical_csv
2015-10-15,Green Chilli,145.71,Kg,historical_csv
2015-10-22,Green Chilli,163.21,Kg,historical_csv
2015-10-29,Green Chilli,167.86,Kg,historical_csv
2015-11-05,Green Chilli,159.11,Kg,historical_csv
2015-11-12,Green Chilli,158.89,Kg,historical_csv
2015-11-19,Green Chilli,158.93,Kg,historical_csv
2015-11-26,Green Chilli,159.29,Kg,historical_csv
2015-12-03,Green Chilli,155.0,Kg,historical_csv
2015-12-10,Green Chilli,157.14,Kg,historical_csv
2015-12-17,Green Chilli,157.14,Kg,historical_csv
2015-12-24,Green Chilli,155.0,Kg,historical_csv
2015-12-31,Green Chilli,158.57,Kg,historical_csv
2016-01-07,Green Chilli,176.43,Kg,historical_csv
2016-01-14,Green Chilli,160.0,Kg,historical_csv
2016-01-21,Green Chilli,160.0,Kg,historical_csv
2016-01-28,Green Chilli,160.0,Kg,historical_csv
2016-02-04,Green Chilli,162.86,Kg,historical_csv
2016-02-11,Green Chilli,164.46,Kg,historical_csv
2016-02-18,Green Chilli,161.36,Kg,historical_csv
2016-02-25,Green Chilli,163.75,Kg,historical_csv
2016-03-03,Green Chilli,167.5,Kg,historical_csv
2016-03-10,Green Chilli,170.64,Kg,historical_csv
2016-03-17,Green Chilli,173.12,Kg,historical_csv
2016-03-24,Green Chilli,173.57,Kg,historical_csv
2016-03-31,Green Chilli,175.0,Kg,historical_csv
2016-04-07,Green Chilli,162.68,Kg,historical_csv
2016-04-14,Green Chilli,169.5,Kg,historical_csv
2016-04-21,Green Chilli,169.29,Kg,historical_csv
2016-04-28,Green Chilli,176.96,Kg,historical_csv
2016-05-05,Green Chilli,188.21,Kg,historical_csv
2016-05-12,Green Chilli,203.21,Kg,historical_csv
2016-05-19,Green Chilli,200.36,Kg,historical_csv
2016-05-26,Green Chilli,197.86,Kg,historical_csv
2016-06-02,Green Chilli,168.57,Kg,historical_csv
2016-06-09,Green Chilli,162.14,Kg,historical_csv
2016-06-16,Green Chilli,160.0,Kg,historical_csv
2016-06-23,Green Chilli,157.86,Kg,historical_csv
2016-06-30,Green Chilli,159.93,Kg,historical_csv
2016-07-07,Green Chilli,178.93,Kg,historical_csv
2016-07-14,Green Chilli,179.64,Kg,historical_csv
2016-07-21,Green Chilli,186.36,Kg,historical_csv
2016-07-28,Green Chilli,188.57,Kg,historical_csv
2016-08-04,Green Chilli,186.79,Kg,historical_csv
2016-08-11,Green Chilli,186.07,Kg,historical_csv
2016-08-18,Green Chilli,186.61,Kg,historical_csv
2016-08-25,Green Chilli,183.04,Kg,historical_csv
2016-09-01,Green Chilli,171.07,Kg,historical_csv
2016-09-08,Green Chilli,178.57,Kg,historical_csv
2016-09-15,Green Chilli,179.82,Kg,historical_csv
2016-09-22,Green Chilli,177.5,Kg,historical_csv
2016-09-29,Green Chilli,179.46,Kg,historical_csv
2016-10-06,Green Chilli,176.25,Kg,historical_csv
2016-10-13,Green Chilli,176.25,Kg,historical_csv
2016-10-20,Green Chilli,168.57,Kg,historical_csv
2016-10-27,Green Chilli,163.04,Kg,historical_csv
2016-11-03,Green Chilli,170.71,Kg,historical_csv
2016-11-10,Green Chilli,164.46,Kg,historical_csv
2016-11-17,Green Chilli,162.5,Kg,historical_csv
2016-11-24,Green Chilli,160.0,Kg,historical_csv
2016-12-01,Green Chilli,160.0,Kg,historical_csv
2016-12-08,Green Chilli,159.29,Kg,historical_csv
2016-12-15,Green Chilli,160.89,Kg,historical_csv
2016-12-22,Green Chilli,158.21,Kg,historical_csv
2016-12-29,Green Chilli,159.29,Kg,historical_csv
2017-01-05,Green Chilli,160.29,Kg,historical_csv
2017-01-12,Green Chilli,158.93,Kg,historical_csv
2017-01-19,Green Chilli,161.07,Kg,historical_csv
2017-01-26,Green Chilli,160.89,Kg,historical_csv
2017-02-02,Green Chilli,165.18,Kg,historical_csv
2017-02-09,Green Chilli,161.25,Kg,historical_csv
2017-02-16,Green Chilli,161.79,Kg,historical_csv
2017-02-23,Green Chilli,162.32,Kg,historical_csv
2017-03-02,Green Chilli,163.54,Kg,historical_csv
2017-03-09,Green Chilli,166.88,Kg,historical_csv
2017-03-16,Green Chilli,175.42,Kg,historical_csv
2017-03-23,Green Chilli,169.64,Kg,historical_csv
2017-03-30,Green Chilli,162.54,Kg,historical_csv
2017-04-06,Green Chilli,160.54,Kg,historical_csv
2017-04-13,Green Chilli,152.86,Kg,historical_csv
2017-04-20,Green Chilli,154.46,Kg,historical_csv
2017-04-27,Green Chilli,156.43,Kg,historical_csv
2017-05-04,Green Chilli,159.21,Kg,historical_csv
2017-05-11,Green Chilli,159.11,Kg,historical_csv
2017-05-18,Green Chilli,163.12,Kg,historical_csv
2017-05-25,Green Chilli,159.46,Kg,historical_csv
2017-06-01,Green Chilli,159.11,Kg,historical_csv
2017-06-08,Green Chilli,149.11,Kg,historical_csv
2017-06-15,Green Chilli,159.93,Kg,historical_csv
2017-06-22,Green Chilli,158.04,Kg,historical_csv
2017-06-29,Green Chilli,154.11,Kg,historical_csv
2017-07-06,Green Chilli,146.61,Kg,historical_csv
2017-07-13,Green Chilli,121.25,Kg,historical_csv
2017-07-20,Green Chilli,119.46,Kg,historical_csv
2017-07-27,Green Chilli,118.75,Kg,historical_csv
2017-08-03,Green Chilli,120.18,Kg,historical_csv
2017-08-10,Green Chilli,118.39,Kg,historical_csv
2017-08-17,Green Chilli,122.68,Kg,historical_csv
2017-08-24,Green Chilli,123.75,Kg,historical_csv
2017-08-31,Green Chilli,127.68,Kg,historical_csv
2017-09-07,Green Chilli,121.96,Kg,historical_csv
2017-09-14,Green Chilli,131.61,Kg,historical_csv
2017-09-21,Green Chilli,126.88,Kg,historical_csv
2017-09-28,Green Chilli,128.93,Kg,historical_csv
2017-10-05,Green Chilli,148.93,Kg,historical_csv
2017-10-12,Green Chilli,136.43,Kg,historical_csv
2017-10-19,Green Chilli,146.43,Kg,historical_csv
2017-10-26,Green Chilli,149.29,Kg,historical_csv
2017-11-02,Green Chilli,130.89,Kg,historical_csv
2017-11-09,Green Chilli,129.11,Kg,historical_csv
2017-11-16,Green Chilli,127.68,Kg,historical_csv
2017-11-23,Green Chilli,123.39,Kg,historical_csv
2017-11-30,Green Chilli,123.75,Kg,historical_csv
2017-12-07,Green Chilli,136.25,Kg,historical_csv
2017-12-14,Green Chilli,131.07,Kg,historical_csv
2017-12-21,Green Chilli,132.92,Kg,historical_csv
2017-12-28,Green Chilli,126.25,Kg,historical_csv
2018-01-04,Green Chilli,127.68,Kg,historical_csv
2018-01-11,Green Chilli,126.25,Kg,historical_csv
2018-01-18,Green Chilli,130.83,Kg,historical_csv
2018-01-25,Green Chilli,127.68,Kg,historical_csv
2018-02-01,Green Chilli,139.46,Kg,historical_csv
2018-02-08,Green Chilli,130.18,Kg,historical_csv
2018-02-15,Green Chilli,135.71,Kg,historical_csv
2018-02-22,Green Chilli,146.79,Kg,historical_csv
2018-03-01,Green Chilli,149.29,Kg,historical_csv
2018-03-08,Green Chilli,153.33,Kg,historical_csv
2018-03-15,Green Chilli,140.89,Kg,historical_csv
2018-03-22,Green Chilli,132.32,Kg,historical_csv
2018-03-29,Green Chilli,129.82,Kg,historical_csv
2018-04-05,Green Chilli,122.5,Kg,historical_csv
2018-04-12,Green Chilli,124.11,Kg,historical_csv
2018-04-19,Green Chilli,128.04,Kg,historical_csv
2018-04-26,Green Chilli,129.82,Kg,historical_csv
2018-05-03,Green Chilli,125.54,Kg,historical_csv
2018-05-10,Green Chilli,121.96,Kg,historical_csv
2018-05-17,Green Chilli,122.68,Kg,historical_csv
2018-05-24,Green Chilli,125.89,Kg,historical_csv
2018-05-31,Green Chilli,122.32,Kg,historical_csv
2018-06-07,Green Chilli,123.04,Kg,historical_csv
2018-06-14,Green Chilli,122.07,Kg,historical_csv
2018-06-21,Green Chilli,126.96,Kg,historical_csv
2018-06-28,Green Chilli,129.46,Kg,historical_csv
2018-07-05,Green Chilli,134.64,Kg,historical_csv
2018-07-12,Green Chilli,141.43,Kg,historical_csv
2018-07-19,Green Chilli,145.18,Kg,historical_csv
2018-07-26,Green Chilli,140.36,Kg,historical_csv
2018-08-02,Green Chilli,133.39,Kg,historical_csv
2018-08-09,Green Chilli,132.5,Kg,historical_csv
2018-08-16,Green Chilli,131.25,Kg,historical_csv
2018-08-23,Green Chilli,152.68,Kg,historical_csv
2018-08-30,Green Chilli,153.93,Kg,historical_csv
2018-09-06,Green Chilli,158.04,Kg,historical_csv
2018-09-13,Green Chilli,154.82,Kg,historical_csv
2018-09-20,Green Chilli,162.32,Kg,historical_csv
2018-09-27,Green Chilli,158.39,Kg,historical_csv
2018-10-04,Green Chilli,151.79,Kg,historical_csv
2018-10-11,Green Chilli,149.11,Kg,historical_csv
2018-10-18,Green Chilli,151.96,Kg,historical_csv
2018-10-25,Green Chilli,147.68,Kg,historical_csv
2018-11-01,Green Chilli,138.39,Kg,historical_csv
2018-11-08,Green Chilli,134.29,Kg,historical_csv
2018-11-15,Green Chilli,134.29,Kg,historical_csv
2018-11-22,Green Chilli,133.93,Kg,historical_csv
2018-11-29,Green Chilli,128.04,Kg,historical_csv
2018-12-06,Green Chilli,126.43,Kg,historical_csv
2018-12-13,Green Chilli,130.18,Kg,historical_csv
2018-12-20,Green Chilli,128.75,Kg,historical_csv
2018-12-27,Green Chilli,131.61,Kg,historical_csv
2019-01-03,Green Chilli,134.46,Kg,historical_csv
2019-01-10,Green Chilli,131.61,Kg,historical_csv
2019-01-17,Green Chilli,133.29,Kg,historical_csv
2019-01-24,Green Chilli,130.21,Kg,historical_csv
2019-01-31,Green Chilli,133.04,Kg,historical_csv
2019-02-07,Green Chilli,129.82,Kg,historical_csv
2019-02-14,Green Chilli,132.14,Kg,historical_csv
2019-02-21,Green Chilli,137.86,Kg,historical_csv
2019-02-28,Green Chilli,133.57,Kg,historical_csv
2019-03-07,Green Chilli,138.75,Kg,historical_csv
2019-03-14,Green Chilli,140.54,Kg,historical_csv
2019-03-21,Green Chilli,146.61,Kg,historical_csv
2019-03-28,Green Chilli,146.25,Kg,historical_csv
2019-04-04,Green Chilli,141.96,Kg,historical_csv
2019-04-11,Green Chilli,145.54,Kg,historical_csv
2019-04-18,Green Chilli,149.64,Kg,historical_csv
2019-04-25,Green Chilli,162.86,Kg,historical_csv
2019-05-02,Green Chilli,147.86,Kg,historical_csv
2019-05-09,Green Chilli,144.64,Kg,historical_csv
2019-05-16,Green Chilli,155.18,Kg,historical_csv
2019-05-23,Green Chilli,174.5,Kg,historical_csv
2019-05-30,Green Chilli,183.57,Kg,historical_csv
2019-06-06,Green Chilli,165.36,Kg,historical_csv
2019-06-13,Green Chilli,140.06,Kg,historical_csv
2019-06-20,Green Chilli,131.79,Kg,historical_csv
2019-06-27,Green Chilli,125.45,Kg,historical_csv
2019-07-04,Green Chilli,124.79,Kg,historical_csv
2019-07-11,Green Chilli,121.34,Kg,historical_csv
2019-07-18,Green Chilli,137.77,Kg,historical_csv
2019-07-25,Green Chilli,143.48,Kg,historical_csv
2019-08-01,Green Chilli,145.48,Kg,historical_csv
2019-08-08,Green Chilli,139.46,Kg,historical_csv
2019-08-15,Green Chilli,145.54,Kg,historical_csv
2019-08-22,Green Chilli,147.41,Kg,historical_csv
2019-08-29,Green Chilli,156.61,Kg,historical_csv
2019-09-05,Green Chilli,133.78,Kg,historical_csv
2019-09-12,Green Chilli,137.98,Kg,historical_csv
2019-09-19,Green Chilli,170.12,Kg,historical_csv
2019-09-26,Green Chilli,187.23,Kg,historical_csv
2019-10-03,Green Chilli,213.75,Kg,historical_csv
2019-10-10,Green Chilli,248.65,Kg,historical_csv
2019-10-17,Green Chilli,215.54,Kg,historical_csv
2019-10-24,Green Chilli,193.48,Kg,historical_csv
2019-10-31,Green Chilli,172.95,Kg,historical_csv
2019-11-07,Green Chilli,174.38,Kg,historical_csv
2019-11-14,Green Chilli,175.09,Kg,historical_csv
2019-11-21,Green Chilli,175.54,Kg,historical_csv
2019-11-28,Green Chilli,170.71,Kg,historical_csv
2019-12-05,Green Chilli,158.57,Kg,historical_csv
2019-12-12,Green Chilli,162.86,Kg,historical_csv
2019-12-19,Green Chilli,170.0,Kg,historical_csv
2019-12-26,Green Chilli,173.93,Kg,historical_csv
2020-01-02,Green Chilli,145.98,Kg,historical_csv
2020-01-09,Green Chilli,138.93,Kg,historical_csv
2020-01-16,Green Chilli,137.32,Kg,historical_csv
2020-01-23,Green Chilli,142.14,Kg,historical_csv
2020-01-30,Green Chilli,140.27,Kg,historical_csv
2020-02-06,Green Chilli,141.61,Kg,historical_csv
2020-02-13,Green Chilli,140.54,Kg,historical_csv
2020-02-20,Green Chilli,172.02,Kg,historical_csv
2020-02-27,Green Chilli,150.45,Kg,historical_csv
2020-03-05,Green Chilli,146.56,Kg,historical_csv
2020-03-12,Green Chilli,148.48,Kg,historical_csv
2020-03-19,Green Chilli,153.3,Kg,historical_csv
2020-03-26,Green Chilli,179.62,Kg,historical_csv
2020-04-02,Green Chilli,225.0,Kg,historical_csv
2020-04-09,Green Chilli,150.0,Kg,historical_csv
2020-04-16,Green Chilli,142.03,Kg,historical_csv
2020-04-23,Green Chilli,133.38,Kg,historical_csv
2020-04-30,Green Chilli,131.34,Kg,historical_csv
2020-05-07,Green Chilli,130.09,Kg,historical_csv
2020-05-14,Green Chilli,130.8,Kg,historical_csv
2020-05-21,Green Chilli,133.48,Kg,historical_csv
2020-05-28,Green Chilli,122.23,Kg,historical_csv
2020-06-04,Green Chilli,126.61,Kg,historical_csv
2020-06-11,Green Chilli,134.23,Kg,historical_csv
2020-06-18,Green Chilli,115.89,Kg,historical_csv
2020-06-25,Green Chilli,113.21,Kg,historical_csv
2020-07-02,Green Chilli,106.76,Kg,historical_csv
2020-07-09,Green Chilli,118.12,Kg,historical_csv
2020-07-16,Green Chilli,133.02,Kg,historical_csv
2020-07-23,Green Chilli,139.61,Kg,historical_csv
2020-07-30,Green Chilli,149.32,Kg,historical_csv
2020-08-06,Green Chilli,157.38,Kg,historical_csv
2020-08-13,Green Chilli,163.18,Kg,historical_csv
2020-08-20,Green Chilli,174.1,Kg,historical_csv
2020-08-27,Green Chilli,160.68,Kg,historical_csv
2020-09-03,Green Chilli,173.81,Kg,historical_csv
2020-09-10,Green Chilli,170.6,Kg,historical_csv
2020-09-17,Green Chilli,182.5,Kg,historical_csv
2020-09-24,Green Chilli,169.61,Kg,historical_csv
2020-10-01,Green Chilli,196.55,Kg,historical_csv
2020-10-08,Green Chilli,207.5,Kg,historical_csv
2020-10-15,Green Chilli,217.86,Kg,historical_csv
2020-10-22,Green Chilli,265.62,Kg,historical_csv
2020-10-29,Green Chilli,270.0,Kg,historical_csv
2020-11-05,Green Chilli,215.89,Kg,historical_csv
2020-11-12,Green Chilli,200.95,Kg,historical_csv
2020-11-19,Green Chilli,213.85,Kg,historical_csv
2020-11-26,Green Chilli,203.72,Kg,historical_csv
2020-12-03,Green Chilli,172.89,Kg,historical_csv
2020-12-10,Green Chilli,185.06,Kg,historical_csv
2020-12-17,Green Chilli,198.45,Kg,historical_csv
2020-12-24,Green Chilli,198.45,Kg,historical_csv
2020-12-31,Green Chilli,206.82,Kg,historical_csv
2021-01-07,Green Chilli,167.14,Kg,historical_csv
2021-01-14,Green Chilli,185.6,Kg,historical_csv
2021-01-21,Green Chilli,136.16,Kg,historical_csv
2021-01-28,Green Chilli,161.52,Kg,historical_csv
2021-02-04,Green Chilli,133.93,Kg,historical_csv
2021-02-11,Green Chilli,145.36,Kg,historical_csv
2021-02-18,Green Chilli,140.71,Kg,historical_csv
2021-02-25,Green Chilli,151.99,Kg,historical_csv
2021-03-04,Green Chilli,139.58,Kg,historical_csv
2021-03-11,Green Chilli,181.37,Kg,historical_csv
2021-03-18,Green Chilli,139.11,Kg,historical_csv
2021-03-25,Green Chilli,172.92,Kg,historical_csv
2021-04-01,Green Chilli,180.69,Kg,historical_csv
2021-04-22,Green Chilli,155.14,Kg,historical_csv
2021-04-29,Green Chilli,146.01,Kg,historical_csv
2021-05-06,Green Chilli,147.8,Kg,historical_csv
2021-05-13,Green Chilli,145.36,Kg,historical_csv
2025-04-03,Green Chilli,191.17,Kg,historical_csv
2025-04-10,Green Chilli,164.58,Kg,historical_csv
2025-04-17,Green Chilli,159.31,Kg,historical_csv
2026-04-02,Green Chilli,168.1,Kg,historical_csv
2013-08-15,Guava,37.5,Kg,historical_csv
2013-08-22,Guava,37.5,Kg,historical_csv
2013-08-29,Guava,33.5,Kg,historical_csv
2013-09-05,Guava,27.5,Kg,historical_csv
2013-09-12,Guava,27.5,Kg,historical_csv
2013-09-19,Guava,27.5,Kg,historical_csv
2013-09-26,Guava,27.5,Kg,historical_csv
2013-10-03,Guava,36.67,Kg,historical_csv
2013-10-10,Guava,34.17,Kg,historical_csv
2013-10-17,Guava,35.0,Kg,historical_csv
2013-10-24,Guava,37.5,Kg,historical_csv
2013-10-31,Guava,37.5,Kg,historical_csv
2013-11-07,Guava,46.67,Kg,historical_csv
2013-12-05,Guava,55.0,Kg,historical_csv
2013-12-12,Guava,56.25,Kg,historical_csv
2014-02-20,Guava,57.5,Kg,historical_csv
2014-08-14,Guava,39.58,Kg,historical_csv
2014-08-21,Guava,47.0,Kg,historical_csv
2014-08-28,Guava,36.07,Kg,historical_csv
2014-09-04,Guava,32.92,Kg,historical_csv
2014-09-11,Guava,35.0,Kg,historical_csv
2014-09-18,Guava,36.67,Kg,historical_csv
2014-09-25,Guava,35.0,Kg,historical_csv
2014-10-02,Guava,35.0,Kg,historical_csv
2014-10-09,Guava,35.0,Kg,historical_csv
2014-10-16,Guava,33.5,Kg,historical_csv
2014-10-23,Guava,30.5,Kg,historical_csv
2014-10-30,Guava,31.25,Kg,historical_csv
2014-11-06,Guava,31.5,Kg,historical_csv
2014-11-13,Guava,42.5,Kg,historical_csv
2015-03-05,Guava,115.0,Kg,historical_csv
2015-07-30,Guava,62.5,Kg,historical_csv
2015-09-03,Guava,37.5,Kg,historical_csv
2015-09-10,Guava,27.5,Kg,historical_csv
2015-09-17,Guava,28.5,Kg,historical_csv
2015-09-24,Guava,25.86,Kg,historical_csv
2015-10-01,Guava,40.36,Kg,historical_csv
2015-10-08,Guava,43.0,Kg,historical_csv
2015-10-15,Guava,44.64,Kg,historical_csv
2015-10-22,Guava,44.0,Kg,historical_csv
2015-10-29,Guava,53.75,Kg,historical_csv
2016-09-08,Guava,51.07,Kg,historical_csv
2016-09-15,Guava,47.86,Kg,historical_csv
2016-09-22,Guava,38.93,Kg,historical_csv
2016-09-29,Guava,34.64,Kg,historical_csv
2016-10-06,Guava,32.5,Kg,historical_csv
2016-10-13,Guava,32.5,Kg,historical_csv
2016-10-20,Guava,32.5,Kg,historical_csv
2016-10-27,Guava,32.5,Kg,historical_csv
2017-09-21,Guava,47.92,Kg,historical_csv
2017-09-28,Guava,38.93,Kg,historical_csv
2017-10-05,Guava,49.58,Kg,historical_csv
2017-10-12,Guava,50.42,Kg,historical_csv
2018-08-30,Guava,32.5,Kg,historical_csv
2018-10-11,Guava,50.5,Kg,historical_csv
2018-10-18,Guava,41.07,Kg,historical_csv
2018-10-25,Guava,46.88,Kg,historical_csv
2019-09-26,Guava,58.12,Kg,historical_csv
2020-10-08,Guava,32.5,Kg,historical_csv
2020-10-15,Guava,38.21,Kg,historical_csv
2020-10-22,Guava,58.12,Kg,historical_csv
2020-10-29,Guava,73.21,Kg,historical_csv
2020-11-05,Guava,68.93,Kg,historical_csv
2020-11-12,Guava,70.71,Kg,historical_csv
2020-11-19,Guava,75.0,Kg,historical_csv
2020-12-03,Guava,75.0,Kg,historical_csv
2020-12-10,Guava,75.0,Kg,historical_csv
2020-12-17,Guava,75.0,Kg,historical_csv
2020-12-24,Guava,85.71,Kg,historical_csv
2020-12-31,Guava,93.57,Kg,historical_csv
2021-01-07,Guava,96.43,Kg,historical_csv
2021-01-14,Guava,114.29,Kg,historical_csv
2021-01-21,Guava,105.0,Kg,historical_csv
2021-01-28,Guava,102.86,Kg,historical_csv
2021-02-04,Guava,87.86,Kg,historical_csv
2021-02-11,Guava,95.0,Kg,historical_csv
2021-02-18,Guava,95.0,Kg,historical_csv
2021-02-25,Guava,107.86,Kg,historical_csv
2021-03-04,Guava,140.0,Kg,historical_csv
2021-03-11,Guava,273.33,Kg,historical_csv
2021-03-18,Guava,115.0,Kg,historical_csv
2021-05-06,Guava,195.0,Kg,historical_csv
2021-05-13,Guava,195.0,Kg,historical_csv
2013-06-20,Jackfruit,22.5,Kg,historical_csv
2013-08-01,Jackfruit,16.5,Kg,historical_csv
2013-08-08,Jackfruit,16.7,Kg,historical_csv
2013-08-15,Jackfruit,16.5,Kg,historical_csv
2013-08-22,Jackfruit,17.38,Kg,historical_csv
2013-08-29,Jackfruit,21.8,Kg,historical_csv
2013-09-05,Jackfruit,22.5,Kg,historical_csv
2013-09-12,Jackfruit,27.5,Kg,historical_csv
2013-12-05,Jackfruit,95.0,Kg,historical_csv
2013-12-12,Jackfruit,135.0,Kg,historical_csv
2013-12-26,Jackfruit,89.0,Kg,historical_csv
2014-01-02,Jackfruit,92.5,Kg,historical_csv
2014-01-09,Jackfruit,78.33,Kg,historical_csv
2014-01-16,Jackfruit,83.0,Kg,historical_csv
2014-01-23,Jackfruit,64.17,Kg,historical_csv
2014-01-30,Jackfruit,73.0,Kg,historical_csv
2014-02-06,Jackfruit,57.0,Kg,historical_csv
2014-02-13,Jackfruit,59.17,Kg,historical_csv
2014-02-20,Jackfruit,61.0,Kg,historical_csv
2014-02-27,Jackfruit,65.0,Kg,historical_csv
2014-03-06,Jackfruit,65.0,Kg,historical_csv
2014-03-13,Jackfruit,70.0,Kg,historical_csv
2014-03-20,Jackfruit,71.0,Kg,historical_csv
2014-03-27,Jackfruit,65.0,Kg,historical_csv
2014-04-03,Jackfruit,64.5,Kg,historical_csv
2014-04-10,Jackfruit,52.0,Kg,historical_csv
2014-04-17,Jackfruit,47.0,Kg,historical_csv
2014-04-24,Jackfruit,49.0,Kg,historical_csv
2014-05-01,Jackfruit,53.0,Kg,historical_csv
2014-05-08,Jackfruit,42.08,Kg,historical_csv
2014-05-15,Jackfruit,41.5,Kg,historical_csv
2014-05-22,Jackfruit,31.67,Kg,historical_csv
2014-05-29,Jackfruit,26.3,Kg,historical_csv
2014-06-05,Jackfruit,27.92,Kg,historical_csv
2014-06-12,Jackfruit,30.83,Kg,historical_csv
2014-06-19,Jackfruit,31.25,Kg,historical_csv
2014-06-26,Jackfruit,28.5,Kg,historical_csv
2014-07-03,Jackfruit,26.67,Kg,historical_csv
2014-07-10,Jackfruit,23.57,Kg,historical_csv
2014-07-17,Jackfruit,23.14,Kg,historical_csv
2014-07-24,Jackfruit,20.36,Kg,historical_csv
2014-07-31,Jackfruit,16.93,Kg,historical_csv
2014-08-07,Jackfruit,20.14,Kg,historical_csv
2014-08-14,Jackfruit,22.5,Kg,historical_csv
2014-08-21,Jackfruit,24.83,Kg,historical_csv
2014-08-28,Jackfruit,31.29,Kg,historical_csv
2014-09-04,Jackfruit,42.5,Kg,historical_csv
2014-12-04,Jackfruit,77.5,Kg,historical_csv
2014-12-11,Jackfruit,75.0,Kg,historical_csv
2014-12-18,Jackfruit,75.0,Kg,historical_csv
2014-12-25,Jackfruit,78.12,Kg,historical_csv
2015-01-01,Jackfruit,85.0,Kg,historical_csv
2015-01-08,Jackfruit,90.42,Kg,historical_csv
2015-01-15,Jackfruit,89.0,Kg,historical_csv
2015-01-22,Jackfruit,90.42,Kg,historical_csv
2015-01-29,Jackfruit,77.92,Kg,historical_csv
2015-02-05,Jackfruit,63.75,Kg,historical_csv
2015-02-12,Jackfruit,60.36,Kg,historical_csv
2015-02-19,Jackfruit,60.0,Kg,historical_csv
2015-02-26,Jackfruit,65.83,Kg,historical_csv
2015-03-05,Jackfruit,67.5,Kg,historical_csv
2015-03-12,Jackfruit,80.0,Kg,historical_csv
2015-03-19,Jackfruit,65.0,Kg,historical_csv
2015-03-26,Jackfruit,58.57,Kg,historical_csv
2015-04-02,Jackfruit,57.5,Kg,historical_csv
2015-04-09,Jackfruit,53.33,Kg,historical_csv
2015-04-16,Jackfruit,47.25,Kg,historical_csv
2015-04-23,Jackfruit,43.57,Kg,historical_csv
2015-04-30,Jackfruit,45.71,Kg,historical_csv
2015-05-07,Jackfruit,36.57,Kg,historical_csv
2015-05-14,Jackfruit,35.83,Kg,historical_csv
2015-05-21,Jackfruit,32.5,Kg,historical_csv
2015-05-28,Jackfruit,30.21,Kg,historical_csv
2015-06-04,Jackfruit,23.71,Kg,historical_csv
2015-06-11,Jackfruit,31.36,Kg,historical_csv
2015-06-18,Jackfruit,28.38,Kg,historical_csv
2015-06-25,Jackfruit,24.23,Kg,historical_csv
2015-07-02,Jackfruit,27.81,Kg,historical_csv
2015-07-09,Jackfruit,22.68,Kg,historical_csv
2015-07-16,Jackfruit,21.12,Kg,historical_csv
2015-07-23,Jackfruit,20.38,Kg,historical_csv
2015-07-30,Jackfruit,25.73,Kg,historical_csv
2015-08-06,Jackfruit,19.71,Kg,historical_csv
2015-08-13,Jackfruit,20.36,Kg,historical_csv
2015-08-20,Jackfruit,21.86,Kg,historical_csv
2015-08-27,Jackfruit,20.93,Kg,historical_csv
2015-09-03,Jackfruit,22.0,Kg,historical_csv
2015-09-10,Jackfruit,23.93,Kg,historical_csv
2015-09-17,Jackfruit,24.17,Kg,historical_csv
2016-01-28,Jackfruit,80.83,Kg,historical_csv
2016-02-04,Jackfruit,73.21,Kg,historical_csv
2016-02-11,Jackfruit,76.43,Kg,historical_csv
2016-02-18,Jackfruit,75.0,Kg,historical_csv
2016-02-25,Jackfruit,73.57,Kg,historical_csv
2016-03-03,Jackfruit,75.0,Kg,historical_csv
2016-03-10,Jackfruit,76.43,Kg,historical_csv
2016-03-17,Jackfruit,66.67,Kg,historical_csv
2016-03-24,Jackfruit,70.71,Kg,historical_csv
2016-03-31,Jackfruit,60.71,Kg,historical_csv
2016-04-07,Jackfruit,50.36,Kg,historical_csv
2016-04-14,Jackfruit,52.5,Kg,historical_csv
2016-04-21,Jackfruit,53.57,Kg,historical_csv
2016-04-28,Jackfruit,53.57,Kg,historical_csv
2016-05-05,Jackfruit,52.5,Kg,historical_csv
2016-05-12,Jackfruit,35.71,Kg,historical_csv
2016-05-19,Jackfruit,33.93,Kg,historical_csv
2016-05-26,Jackfruit,26.79,Kg,historical_csv
2016-06-02,Jackfruit,18.93,Kg,historical_csv
2016-06-09,Jackfruit,17.5,Kg,historical_csv
2016-06-16,Jackfruit,17.5,Kg,historical_csv
2016-06-23,Jackfruit,21.07,Kg,historical_csv
2016-06-30,Jackfruit,26.07,Kg,historical_csv
2016-07-07,Jackfruit,19.14,Kg,historical_csv
2016-07-14,Jackfruit,21.07,Kg,historical_csv
2016-07-21,Jackfruit,22.5,Kg,historical_csv
2016-07-28,Jackfruit,20.36,Kg,historical_csv
2016-08-04,Jackfruit,19.64,Kg,historical_csv
2016-08-11,Jackfruit,22.5,Kg,historical_csv
2016-08-18,Jackfruit,22.5,Kg,historical_csv
2016-08-25,Jackfruit,22.86,Kg,historical_csv
2016-09-01,Jackfruit,22.5,Kg,historical_csv
2017-02-09,Jackfruit,70.83,Kg,historical_csv
2017-02-16,Jackfruit,59.64,Kg,historical_csv
2017-02-23,Jackfruit,55.0,Kg,historical_csv
2017-03-02,Jackfruit,55.0,Kg,historical_csv
2017-03-09,Jackfruit,63.33,Kg,historical_csv
2017-03-16,Jackfruit,55.42,Kg,historical_csv
2017-03-23,Jackfruit,59.29,Kg,historical_csv
2017-03-30,Jackfruit,54.64,Kg,historical_csv
2017-04-06,Jackfruit,57.86,Kg,historical_csv
2017-04-13,Jackfruit,61.79,Kg,historical_csv
2017-04-20,Jackfruit,42.14,Kg,historical_csv
2017-04-27,Jackfruit,33.21,Kg,historical_csv
2017-05-04,Jackfruit,59.64,Kg,historical_csv
2017-05-11,Jackfruit,43.93,Kg,historical_csv
2017-05-18,Jackfruit,40.0,Kg,historical_csv
2017-05-25,Jackfruit,31.07,Kg,historical_csv
2017-06-01,Jackfruit,34.64,Kg,historical_csv
2017-06-08,Jackfruit,36.07,Kg,historical_csv
2017-06-15,Jackfruit,37.5,Kg,historical_csv
2017-06-22,Jackfruit,37.5,Kg,historical_csv
2017-06-29,Jackfruit,36.79,Kg,historical_csv
2017-07-06,Jackfruit,31.07,Kg,historical_csv
2017-07-13,Jackfruit,26.07,Kg,historical_csv
2017-07-20,Jackfruit,27.5,Kg,historical_csv
2017-07-27,Jackfruit,26.79,Kg,historical_csv
2017-08-03,Jackfruit,24.64,Kg,historical_csv
2017-08-10,Jackfruit,23.57,Kg,historical_csv
2017-08-17,Jackfruit,28.33,Kg,historical_csv
2017-08-24,Jackfruit,27.5,Kg,historical_csv
2018-02-01,Jackfruit,75.83,Kg,historical_csv
2018-02-08,Jackfruit,75.0,Kg,historical_csv
2018-02-15,Jackfruit,73.57,Kg,historical_csv
2018-02-22,Jackfruit,66.43,Kg,historical_csv
2018-03-01,Jackfruit,65.0,Kg,historical_csv
2018-03-08,Jackfruit,65.0,Kg,historical_csv
2018-03-15,Jackfruit,84.5,Kg,historical_csv
2018-03-22,Jackfruit,83.57,Kg,historical_csv
2018-03-29,Jackfruit,75.0,Kg,historical_csv
2018-04-05,Jackfruit,75.0,Kg,historical_csv
2018-04-12,Jackfruit,66.43,Kg,historical_csv
2018-04-19,Jackfruit,65.0,Kg,historical_csv
2018-04-26,Jackfruit,60.71,Kg,historical_csv
2018-05-03,Jackfruit,55.0,Kg,historical_csv
2018-05-10,Jackfruit,53.21,Kg,historical_csv
2018-05-17,Jackfruit,49.64,Kg,historical_csv
2018-05-24,Jackfruit,45.0,Kg,historical_csv
2018-05-31,Jackfruit,44.29,Kg,historical_csv
2018-06-07,Jackfruit,47.5,Kg,historical_csv
2018-06-14,Jackfruit,52.5,Kg,historical_csv
2018-06-21,Jackfruit,55.0,Kg,historical_csv
2019-01-17,Jackfruit,67.5,Kg,historical_csv
2019-01-24,Jackfruit,61.07,Kg,historical_csv
2019-01-31,Jackfruit,58.93,Kg,historical_csv
2019-02-07,Jackfruit,67.86,Kg,historical_csv
2019-02-21,Jackfruit,72.5,Kg,historical_csv
2019-02-28,Jackfruit,78.33,Kg,historical_csv
2019-03-07,Jackfruit,81.25,Kg,historical_csv
2019-03-14,Jackfruit,85.0,Kg,historical_csv
2019-03-21,Jackfruit,85.0,Kg,historical_csv
2019-03-28,Jackfruit,95.0,Kg,historical_csv
2019-04-04,Jackfruit,75.0,Kg,historical_csv
2019-04-11,Jackfruit,65.0,Kg,historical_csv
2019-04-18,Jackfruit,65.0,Kg,historical_csv
2019-04-25,Jackfruit,65.36,Kg,historical_csv
2019-05-02,Jackfruit,51.07,Kg,historical_csv
2019-05-09,Jackfruit,47.5,Kg,historical_csv
2019-05-16,Jackfruit,48.57,Kg,historical_csv
2019-05-23,Jackfruit,46.43,Kg,historical_csv
2019-05-30,Jackfruit,41.43,Kg,historical_csv
2019-06-06,Jackfruit,39.64,Kg,historical_csv
2019-06-13,Jackfruit,36.43,Kg,historical_csv
2019-06-20,Jackfruit,36.79,Kg,historical_csv
2019-06-27,Jackfruit,32.86,Kg,historical_csv
2019-07-04,Jackfruit,34.64,Kg,historical_csv
2019-07-11,Jackfruit,32.5,Kg,historical_csv
2019-07-18,Jackfruit,33.75,Kg,historical_csv
2019-07-25,Jackfruit,27.92,Kg,historical_csv
2019-08-01,Jackfruit,35.36,Kg,historical_csv
2019-08-08,Jackfruit,35.0,Kg,historical_csv
2019-08-15,Jackfruit,37.5,Kg,historical_csv
2020-02-13,Jackfruit,75.0,Kg,historical_csv
2020-02-20,Jackfruit,75.0,Kg,historical_csv
2020-02-27,Jackfruit,75.0,Kg,historical_csv
2020-03-05,Jackfruit,78.33,Kg,historical_csv
2020-03-12,Jackfruit,75.0,Kg,historical_csv
2020-03-19,Jackfruit,76.43,Kg,historical_csv
2020-03-26,Jackfruit,80.0,Kg,historical_csv
2020-04-30,Jackfruit,75.0,Kg,historical_csv
2020-05-07,Jackfruit,65.0,Kg,historical_csv
2020-05-14,Jackfruit,65.0,Kg,historical_csv
2020-05-21,Jackfruit,63.33,Kg,historical_csv
2020-05-28,Jackfruit,56.67,Kg,historical_csv
2020-06-04,Jackfruit,55.0,Kg,historical_csv
2020-06-11,Jackfruit,43.93,Kg,historical_csv
2020-06-18,Jackfruit,27.5,Kg,historical_csv
2020-06-25,Jackfruit,27.5,Kg,historical_csv
2020-07-02,Jackfruit,31.5,Kg,historical_csv
2020-07-09,Jackfruit,33.5,Kg,historical_csv
2020-07-16,Jackfruit,36.5,Kg,historical_csv
2020-07-23,Jackfruit,37.5,Kg,historical_csv
2020-07-30,Jackfruit,39.17,Kg,historical_csv
2020-08-06,Jackfruit,37.5,Kg,historical_csv
2020-08-13,Jackfruit,37.5,Kg,historical_csv
2020-08-20,Jackfruit,37.5,Kg,historical_csv
2020-08-27,Jackfruit,36.79,Kg,historical_csv
2020-09-03,Jackfruit,36.5,Kg,historical_csv
2020-09-10,Jackfruit,37.5,Kg,historical_csv
2020-09-17,Jackfruit,37.5,Kg,historical_csv
2020-12-03,Jackfruit,108.33,Kg,historical_csv
2020-12-10,Jackfruit,90.0,Kg,historical_csv
2020-12-17,Jackfruit,85.0,Kg,historical_csv
2020-12-24,Jackfruit,95.0,Kg,historical_csv
2020-12-31,Jackfruit,95.0,Kg,historical_csv
2021-01-14,Jackfruit,105.0,Kg,historical_csv
2021-01-21,Jackfruit,93.57,Kg,historical_csv
2021-01-28,Jackfruit,81.43,Kg,historical_csv
2021-02-04,Jackfruit,82.14,Kg,historical_csv
2021-02-11,Jackfruit,89.29,Kg,historical_csv
2021-02-18,Jackfruit,85.0,Kg,historical_csv
2021-02-25,Jackfruit,83.57,Kg,historical_csv
2021-03-04,Jackfruit,83.33,Kg,historical_csv
2021-03-11,Jackfruit,85.0,Kg,historical_csv
2021-03-18,Jackfruit,76.43,Kg,historical_csv
2021-03-25,Jackfruit,76.43,Kg,historical_csv
2021-04-01,Jackfruit,75.0,Kg,historical_csv
2021-04-22,Jackfruit,69.0,Kg,historical_csv
2021-04-29,Jackfruit,57.14,Kg,historical_csv
2021-05-06,Jackfruit,52.08,Kg,historical_csv
2021-05-13,Jackfruit,51.43,Kg,historical_csv
2025-04-03,Jackfruit,85.0,Kg,historical_csv
2025-04-10,Jackfruit,73.57,Kg,historical_csv
2025-04-17,Jackfruit,71.67,Kg,historical_csv
2026-04-02,Jackfruit,75.0,Kg,historical_csv
2020-10-22,Kiwi,245.0,Kg,historical_csv
2020-10-29,Kiwi,273.0,Kg,historical_csv
2020-11-05,Kiwi,235.0,Kg,historical_csv
2020-11-12,Kiwi,217.86,Kg,historical_csv
2020-11-19,Kiwi,192.86,Kg,historical_csv
2020-11-26,Kiwi,190.0,Kg,historical_csv
2020-12-03,Kiwi,190.0,Kg,historical_csv
2020-12-10,Kiwi,185.0,Kg,historical_csv
2020-12-17,Kiwi,190.0,Kg,historical_csv
2020-12-24,Kiwi,190.0,Kg,historical_csv
2020-12-31,Kiwi,192.86,Kg,historical_csv
2021-01-07,Kiwi,235.0,Kg,historical_csv
2021-01-14,Kiwi,235.0,Kg,historical_csv
2021-01-21,Kiwi,222.86,Kg,historical_csv
2021-01-28,Kiwi,277.14,Kg,historical_csv
2021-02-04,Kiwi,281.43,Kg,historical_csv
2021-02-11,Kiwi,290.0,Kg,historical_csv
2021-02-18,Kiwi,357.86,Kg,historical_csv
2021-02-25,Kiwi,348.57,Kg,historical_csv
2021-03-04,Kiwi,327.5,Kg,historical_csv
2021-03-11,Kiwi,355.71,Kg,historical_csv
2021-03-18,Kiwi,333.57,Kg,historical_csv
2021-03-25,Kiwi,367.86,Kg,historical_csv
2021-04-01,Kiwi,391.67,Kg,historical_csv
2021-04-22,Kiwi,429.17,Kg,historical_csv
2021-04-29,Kiwi,487.5,Kg,historical_csv
2025-04-03,Kiwi,425.0,Kg,historical_csv
2025-04-10,Kiwi,420.0,Kg,historical_csv
2025-04-17,Kiwi,416.67,Kg,historical_csv
2026-04-02,Kiwi,375.0,Kg,historical_csv
2013-06-20,Lemon,300.0,Kg,historical_csv
2013-08-01,Lemon,350.0,Kg,historical_csv
2013-08-08,Lemon,350.0,Kg,historical_csv
2013-08-15,Lemon,325.0,Kg,historical_csv
2013-08-22,Lemon,305.0,Kg,historical_csv
2013-08-29,Lemon,400.0,Kg,historical_csv
2013-09-05,Lemon,383.33,Kg,historical_csv
2013-09-12,Lemon,271.88,Kg,historical_csv
2013-09-19,Lemon,318.25,Kg,historical_csv
2013-09-26,Lemon,215.21,Kg,historical_csv
2013-10-03,Lemon,188.75,Kg,historical_csv
2013-10-10,Lemon,178.75,Kg,historical_csv
2013-10-17,Lemon,301.79,Kg,historical_csv
2013-10-24,Lemon,255.25,Kg,historical_csv
2013-10-31,Lemon,191.67,Kg,historical_csv
2013-11-07,Lemon,202.36,Kg,historical_csv
2013-11-14,Lemon,310.0,Kg,historical_csv
2013-11-21,Lemon,308.33,Kg,historical_csv
2013-11-28,Lemon,350.0,Kg,historical_csv
2013-12-05,Lemon,195.21,Kg,historical_csv
2013-12-12,Lemon,195.83,Kg,historical_csv
2013-12-19,Lemon,191.75,Kg,historical_csv
2013-12-26,Lemon,223.0,Kg,historical_csv
2014-01-02,Lemon,223.0,Kg,historical_csv
2014-01-09,Lemon,191.25,Kg,historical_csv
2014-01-16,Lemon,191.25,Kg,historical_csv
2014-01-23,Lemon,192.08,Kg,historical_csv
2014-01-30,Lemon,181.5,Kg,historical_csv
2014-02-06,Lemon,191.25,Kg,historical_csv
2014-02-13,Lemon,239.46,Kg,historical_csv
2014-02-20,Lemon,196.25,Kg,historical_csv
2014-02-27,Lemon,195.75,Kg,historical_csv
2014-03-06,Lemon,193.12,Kg,historical_csv
2014-03-13,Lemon,193.54,Kg,historical_csv
2014-03-20,Lemon,256.75,Kg,historical_csv
2014-03-27,Lemon,350.0,Kg,historical_csv
2014-04-03,Lemon,437.5,Kg,historical_csv
2014-04-10,Lemon,410.0,Kg,historical_csv
2014-04-17,Lemon,350.0,Kg,historical_csv
2014-04-24,Lemon,390.0,Kg,historical_csv
2014-05-01,Lemon,650.0,Kg,historical_csv
2014-05-08,Lemon,650.0,Kg,historical_csv
2014-05-15,Lemon,650.0,Kg,historical_csv
2014-05-22,Lemon,633.33,Kg,historical_csv
2014-05-29,Lemon,550.0,Kg,historical_csv
2014-06-05,Lemon,475.0,Kg,historical_csv
2014-06-12,Lemon,450.0,Kg,historical_csv
2014-06-19,Lemon,450.0,Kg,historical_csv
2014-06-26,Lemon,400.0,Kg,historical_csv
2014-07-03,Lemon,291.67,Kg,historical_csv
2014-07-10,Lemon,285.71,Kg,historical_csv
2014-07-17,Lemon,291.67,Kg,historical_csv
2014-07-24,Lemon,291.67,Kg,historical_csv
2014-07-31,Lemon,314.29,Kg,historical_csv
2014-08-07,Lemon,350.0,Kg,historical_csv
2014-08-14,Lemon,350.0,Kg,historical_csv
2014-08-21,Lemon,371.43,Kg,historical_csv
2014-08-28,Lemon,350.0,Kg,historical_csv
2014-09-04,Lemon,366.67,Kg,historical_csv
2014-09-11,Lemon,348.86,Kg,historical_csv
2014-09-18,Lemon,345.36,Kg,historical_csv
2014-09-25,Lemon,314.17,Kg,historical_csv
2014-10-02,Lemon,343.75,Kg,historical_csv
2014-10-09,Lemon,725.0,Kg,historical_csv
2014-10-16,Lemon,600.0,Kg,historical_csv
2014-10-23,Lemon,239.93,Kg,historical_csv
2014-10-30,Lemon,309.46,Kg,historical_csv
2014-11-06,Lemon,420.54,Kg,historical_csv
2014-11-13,Lemon,340.29,Kg,historical_csv
2014-11-20,Lemon,166.61,Kg,historical_csv
2014-11-27,Lemon,171.96,Kg,historical_csv
2014-12-04,Lemon,185.89,Kg,historical_csv
2014-12-11,Lemon,249.64,Kg,historical_csv
2014-12-18,Lemon,197.54,Kg,historical_csv
2014-12-25,Lemon,191.25,Kg,historical_csv
2015-01-01,Lemon,191.25,Kg,historical_csv
2015-01-08,Lemon,191.25,Kg,historical_csv
2015-01-15,Lemon,244.17,Kg,historical_csv
2015-01-22,Lemon,213.93,Kg,historical_csv
2015-01-29,Lemon,191.25,Kg,historical_csv
2015-02-05,Lemon,217.71,Kg,historical_csv
2015-02-12,Lemon,259.29,Kg,historical_csv
2015-02-19,Lemon,350.0,Kg,historical_csv
2015-02-26,Lemon,350.0,Kg,historical_csv
2015-03-05,Lemon,350.0,Kg,historical_csv
2015-03-12,Lemon,350.0,Kg,historical_csv
2015-03-19,Lemon,408.33,Kg,historical_csv
2015-03-26,Lemon,450.0,Kg,historical_csv
2015-04-02,Lemon,532.14,Kg,historical_csv
2015-04-09,Lemon,450.0,Kg,historical_csv
2015-04-16,Lemon,554.17,Kg,historical_csv
2015-04-23,Lemon,550.0,Kg,historical_csv
2015-04-30,Lemon,553.57,Kg,historical_csv
2015-05-07,Lemon,517.86,Kg,historical_csv
2015-05-14,Lemon,526.67,Kg,historical_csv
2015-05-21,Lemon,571.43,Kg,historical_csv
2015-05-28,Lemon,571.43,Kg,historical_csv
2015-06-04,Lemon,575.0,Kg,historical_csv
2015-06-11,Lemon,575.0,Kg,historical_csv
2015-06-18,Lemon,543.75,Kg,historical_csv
2015-06-25,Lemon,465.91,Kg,historical_csv
2015-07-02,Lemon,432.98,Kg,historical_csv
2015-07-09,Lemon,468.18,Kg,historical_csv
2015-07-16,Lemon,482.69,Kg,historical_csv
2015-07-23,Lemon,469.23,Kg,historical_csv
2015-07-30,Lemon,475.0,Kg,historical_csv
2015-08-06,Lemon,500.0,Kg,historical_csv
2015-08-13,Lemon,428.57,Kg,historical_csv
2015-08-20,Lemon,432.14,Kg,historical_csv
2015-08-27,Lemon,439.29,Kg,historical_csv
2015-09-03,Lemon,432.14,Kg,historical_csv
2015-09-10,Lemon,425.0,Kg,historical_csv
2015-09-17,Lemon,428.57,Kg,historical_csv
2015-09-24,Lemon,379.18,Kg,historical_csv
2015-10-01,Lemon,239.0,Kg,historical_csv
2015-10-08,Lemon,231.86,Kg,historical_csv
2015-10-15,Lemon,235.54,Kg,historical_csv
2015-10-22,Lemon,286.61,Kg,historical_csv
2015-10-29,Lemon,425.0,Kg,historical_csv
2015-11-05,Lemon,428.57,Kg,historical_csv
2015-11-12,Lemon,324.46,Kg,historical_csv
2015-11-19,Lemon,231.25,Kg,historical_csv
2015-11-26,Lemon,230.71,Kg,historical_csv
2015-12-03,Lemon,231.61,Kg,historical_csv
2015-12-10,Lemon,229.11,Kg,historical_csv
2015-12-17,Lemon,228.93,Kg,historical_csv
2015-12-24,Lemon,228.39,Kg,historical_csv
2015-12-31,Lemon,230.71,Kg,historical_csv
2016-01-07,Lemon,228.75,Kg,historical_csv
2016-01-14,Lemon,228.93,Kg,historical_csv
2016-01-21,Lemon,229.11,Kg,historical_csv
2016-01-28,Lemon,285.89,Kg,historical_csv
2016-02-04,Lemon,228.75,Kg,historical_csv
2016-02-11,Lemon,257.14,Kg,historical_csv
2016-02-18,Lemon,257.5,Kg,historical_csv
2016-02-25,Lemon,425.0,Kg,historical_csv
2016-03-03,Lemon,425.0,Kg,historical_csv
2016-03-10,Lemon,428.57,Kg,historical_csv
2016-03-17,Lemon,425.0,Kg,historical_csv
2016-03-24,Lemon,425.0,Kg,historical_csv
2016-03-31,Lemon,432.14,Kg,historical_csv
2016-04-07,Lemon,428.57,Kg,historical_csv
2016-04-14,Lemon,442.86,Kg,historical_csv
2016-04-21,Lemon,425.0,Kg,historical_csv
2016-04-28,Lemon,425.0,Kg,historical_csv
2016-05-05,Lemon,425.0,Kg,historical_csv
2016-05-12,Lemon,425.0,Kg,historical_csv
2016-05-19,Lemon,377.86,Kg,historical_csv
2016-05-26,Lemon,425.0,Kg,historical_csv
2016-06-02,Lemon,432.14,Kg,historical_csv
2016-06-09,Lemon,425.0,Kg,historical_csv
2016-06-16,Lemon,425.0,Kg,historical_csv
2016-06-23,Lemon,425.0,Kg,historical_csv
2016-06-30,Lemon,425.0,Kg,historical_csv
2016-07-07,Lemon,425.0,Kg,historical_csv
2016-07-14,Lemon,425.0,Kg,historical_csv
2016-07-21,Lemon,425.0,Kg,historical_csv
2016-07-28,Lemon,425.0,Kg,historical_csv
2016-08-04,Lemon,425.0,Kg,historical_csv
2016-08-11,Lemon,425.0,Kg,historical_csv
2016-08-18,Lemon,425.0,Kg,historical_csv
2016-08-25,Lemon,425.0,Kg,historical_csv
2016-09-01,Lemon,425.0,Kg,historical_csv
2016-09-08,Lemon,425.0,Kg,historical_csv
2016-09-15,Lemon,428.57,Kg,historical_csv
2016-09-22,Lemon,425.0,Kg,historical_csv
2016-09-29,Lemon,397.32,Kg,historical_csv
2016-10-06,Lemon,229.46,Kg,historical_csv
2016-10-13,Lemon,228.75,Kg,historical_csv
2016-10-20,Lemon,228.75,Kg,historical_csv
2016-10-27,Lemon,229.43,Kg,historical_csv
2016-11-03,Lemon,229.11,Kg,historical_csv
2016-11-10,Lemon,229.82,Kg,historical_csv
2016-11-17,Lemon,233.93,Kg,historical_csv
2016-11-24,Lemon,370.36,Kg,historical_csv
2016-12-01,Lemon,261.07,Kg,historical_csv
2016-12-08,Lemon,231.43,Kg,historical_csv
2016-12-15,Lemon,232.86,Kg,historical_csv
2016-12-22,Lemon,234.46,Kg,historical_csv
2016-12-29,Lemon,234.46,Kg,historical_csv
2017-01-05,Lemon,236.79,Kg,historical_csv
2017-01-12,Lemon,235.0,Kg,historical_csv
2017-01-19,Lemon,432.14,Kg,historical_csv
2017-01-26,Lemon,425.0,Kg,historical_csv
2017-02-02,Lemon,425.0,Kg,historical_csv
2017-02-09,Lemon,425.0,Kg,historical_csv
2017-02-16,Lemon,425.0,Kg,historical_csv
2017-02-23,Lemon,425.0,Kg,historical_csv
2017-03-02,Lemon,425.0,Kg,historical_csv
2017-03-09,Lemon,425.0,Kg,historical_csv
2017-03-16,Lemon,450.0,Kg,historical_csv
2017-03-23,Lemon,475.0,Kg,historical_csv
2017-03-30,Lemon,500.0,Kg,historical_csv
2017-04-06,Lemon,610.71,Kg,historical_csv
2017-04-13,Lemon,625.0,Kg,historical_csv
2017-04-20,Lemon,625.0,Kg,historical_csv
2017-04-27,Lemon,625.0,Kg,historical_csv
2017-05-04,Lemon,625.0,Kg,historical_csv
2017-05-11,Lemon,625.0,Kg,historical_csv
2017-05-18,Lemon,625.0,Kg,historical_csv
2017-05-25,Lemon,471.43,Kg,historical_csv
2017-06-01,Lemon,475.0,Kg,historical_csv
2017-06-08,Lemon,475.0,Kg,historical_csv
2017-06-15,Lemon,475.0,Kg,historical_csv
2017-06-22,Lemon,482.14,Kg,historical_csv
2017-06-29,Lemon,525.0,Kg,historical_csv
2017-07-06,Lemon,525.0,Kg,historical_csv
2017-07-13,Lemon,525.0,Kg,historical_csv
2017-07-20,Lemon,525.0,Kg,historical_csv
2017-07-27,Lemon,525.0,Kg,historical_csv
2017-08-03,Lemon,525.0,Kg,historical_csv
2017-08-10,Lemon,525.0,Kg,historical_csv
2017-08-17,Lemon,525.0,Kg,historical_csv
2017-08-24,Lemon,489.36,Kg,historical_csv
2017-08-31,Lemon,525.0,Kg,historical_csv
2017-09-07,Lemon,546.43,Kg,historical_csv
2017-09-14,Lemon,575.0,Kg,historical_csv
2017-09-21,Lemon,575.0,Kg,historical_csv
2017-09-28,Lemon,689.29,Kg,historical_csv
2017-10-05,Lemon,675.0,Kg,historical_csv
2017-10-12,Lemon,675.0,Kg,historical_csv
2017-10-19,Lemon,675.0,Kg,historical_csv
2017-10-26,Lemon,660.71,Kg,historical_csv
2017-11-02,Lemon,525.0,Kg,historical_csv
2017-11-09,Lemon,525.0,Kg,historical_csv
2017-11-16,Lemon,525.0,Kg,historical_csv
2017-11-23,Lemon,525.0,Kg,historical_csv
2017-11-30,Lemon,525.0,Kg,historical_csv
2017-12-07,Lemon,525.0,Kg,historical_csv
2017-12-14,Lemon,517.86,Kg,historical_csv
2017-12-21,Lemon,367.29,Kg,historical_csv
2017-12-28,Lemon,256.25,Kg,historical_csv
2018-01-04,Lemon,318.75,Kg,historical_csv
2018-01-11,Lemon,475.0,Kg,historical_csv
2018-01-18,Lemon,475.0,Kg,historical_csv
2018-01-25,Lemon,475.0,Kg,historical_csv
2018-02-01,Lemon,256.25,Kg,historical_csv
2018-02-08,Lemon,349.11,Kg,historical_csv
2018-02-15,Lemon,373.57,Kg,historical_csv
2018-02-22,Lemon,425.0,Kg,historical_csv
2018-03-01,Lemon,425.0,Kg,historical_csv
2018-03-08,Lemon,483.33,Kg,historical_csv
2018-03-15,Lemon,532.14,Kg,historical_csv
2018-03-22,Lemon,853.57,Kg,historical_csv
2018-03-29,Lemon,1253.57,Kg,historical_csv
2018-04-05,Lemon,975.0,Kg,historical_csv
2018-04-12,Lemon,1421.43,Kg,historical_csv
2018-04-19,Lemon,409.29,Kg,historical_csv
2018-04-26,Lemon,225.0,Kg,historical_csv
2018-05-03,Lemon,225.0,Kg,historical_csv
2018-05-10,Lemon,217.86,Kg,historical_csv
2018-05-17,Lemon,189.29,Kg,historical_csv
2018-05-24,Lemon,175.0,Kg,historical_csv
2018-05-31,Lemon,173.57,Kg,historical_csv
2018-06-07,Lemon,170.71,Kg,historical_csv
2018-06-14,Lemon,165.0,Kg,historical_csv
2018-06-21,Lemon,159.29,Kg,historical_csv
2018-06-28,Lemon,165.0,Kg,historical_csv
2018-07-05,Lemon,165.0,Kg,historical_csv
2018-07-12,Lemon,165.0,Kg,historical_csv
2018-07-19,Lemon,160.83,Kg,historical_csv
2018-07-26,Lemon,190.71,Kg,historical_csv
2018-08-02,Lemon,205.0,Kg,historical_csv
2018-08-09,Lemon,181.43,Kg,historical_csv
2018-08-16,Lemon,166.43,Kg,historical_csv
2018-08-23,Lemon,172.14,Kg,historical_csv
2018-08-30,Lemon,196.43,Kg,historical_csv
2018-09-06,Lemon,186.43,Kg,historical_csv
2018-09-13,Lemon,200.0,Kg,historical_csv
2018-09-20,Lemon,260.71,Kg,historical_csv
2018-09-27,Lemon,205.71,Kg,historical_csv
2018-10-04,Lemon,190.0,Kg,historical_csv
2018-10-11,Lemon,190.0,Kg,historical_csv
2018-10-18,Lemon,186.43,Kg,historical_csv
2018-10-25,Lemon,190.0,Kg,historical_csv
2018-11-01,Lemon,174.29,Kg,historical_csv
2018-11-08,Lemon,167.86,Kg,historical_csv
2018-11-15,Lemon,165.71,Kg,historical_csv
2018-11-22,Lemon,165.0,Kg,historical_csv
2018-11-29,Lemon,165.0,Kg,historical_csv
2018-12-06,Lemon,165.0,Kg,historical_csv
2018-12-13,Lemon,150.71,Kg,historical_csv
2018-12-20,Lemon,163.57,Kg,historical_csv
2018-12-27,Lemon,155.0,Kg,historical_csv
2019-01-03,Lemon,139.29,Kg,historical_csv
2019-01-10,Lemon,143.57,Kg,historical_csv
2019-01-17,Lemon,129.29,Kg,historical_csv
2019-01-24,Lemon,137.86,Kg,historical_csv
2019-01-31,Lemon,124.29,Kg,historical_csv
2019-02-07,Lemon,124.29,Kg,historical_csv
2019-02-14,Lemon,122.86,Kg,historical_csv
2019-02-21,Lemon,119.29,Kg,historical_csv
2019-02-28,Lemon,142.14,Kg,historical_csv
2019-03-07,Lemon,155.83,Kg,historical_csv
2019-03-14,Lemon,160.0,Kg,historical_csv
2019-03-21,Lemon,181.43,Kg,historical_csv
2019-03-28,Lemon,192.86,Kg,historical_csv
2019-04-04,Lemon,201.43,Kg,historical_csv
2019-04-11,Lemon,212.86,Kg,historical_csv
2019-04-18,Lemon,276.67,Kg,historical_csv
2019-04-25,Lemon,284.29,Kg,historical_csv
2019-05-02,Lemon,269.29,Kg,historical_csv
2019-05-09,Lemon,260.71,Kg,historical_csv
2019-05-16,Lemon,274.29,Kg,historical_csv
2019-05-23,Lemon,287.14,Kg,historical_csv
2019-05-30,Lemon,267.86,Kg,historical_csv
2019-06-06,Lemon,257.14,Kg,historical_csv
2019-06-13,Lemon,255.71,Kg,historical_csv
2019-06-20,Lemon,260.0,Kg,historical_csv
2019-06-27,Lemon,280.71,Kg,historical_csv
2019-07-04,Lemon,262.14,Kg,historical_csv
2019-07-11,Lemon,240.71,Kg,historical_csv
2019-07-18,Lemon,240.0,Kg,historical_csv
2019-07-25,Lemon,262.14,Kg,historical_csv
2019-08-01,Lemon,265.0,Kg,historical_csv
2019-08-08,Lemon,253.57,Kg,historical_csv
2019-08-15,Lemon,261.43,Kg,historical_csv
2019-08-22,Lemon,283.0,Kg,historical_csv
2019-08-29,Lemon,278.57,Kg,historical_csv
2019-09-05,Lemon,277.5,Kg,historical_csv
2019-09-12,Lemon,307.86,Kg,historical_csv
2019-09-19,Lemon,292.14,Kg,historical_csv
2019-09-26,Lemon,302.86,Kg,historical_csv
2019-10-03,Lemon,271.43,Kg,historical_csv
2019-10-10,Lemon,272.14,Kg,historical_csv
2019-10-17,Lemon,273.57,Kg,historical_csv
2019-10-24,Lemon,252.14,Kg,historical_csv
2019-10-31,Lemon,190.0,Kg,historical_csv
2019-11-07,Lemon,177.86,Kg,historical_csv
2019-11-14,Lemon,167.14,Kg,historical_csv
2019-11-21,Lemon,130.0,Kg,historical_csv
2019-11-28,Lemon,133.57,Kg,historical_csv
2019-12-05,Lemon,137.86,Kg,historical_csv
2019-12-12,Lemon,113.57,Kg,historical_csv
2019-12-19,Lemon,105.0,Kg,historical_csv
2019-12-26,Lemon,105.0,Kg,historical_csv
2020-01-02,Lemon,105.0,Kg,historical_csv
2020-01-09,Lemon,105.0,Kg,historical_csv
2020-01-16,Lemon,105.0,Kg,historical_csv
2020-01-23,Lemon,105.0,Kg,historical_csv
2020-01-30,Lemon,105.0,Kg,historical_csv
2020-02-06,Lemon,105.0,Kg,historical_csv
2020-02-13,Lemon,107.86,Kg,historical_csv
2020-02-20,Lemon,119.29,Kg,historical_csv
2020-02-27,Lemon,117.86,Kg,historical_csv
2020-03-05,Lemon,121.67,Kg,historical_csv
2020-03-12,Lemon,115.0,Kg,historical_csv
2020-03-19,Lemon,115.0,Kg,historical_csv
2020-03-26,Lemon,145.0,Kg,historical_csv
2020-04-02,Lemon,208.33,Kg,historical_csv
2020-04-09,Lemon,319.0,Kg,historical_csv
2020-04-16,Lemon,275.0,Kg,historical_csv
2020-04-23,Lemon,255.0,Kg,historical_csv
2020-04-30,Lemon,216.43,Kg,historical_csv
2020-05-07,Lemon,185.71,Kg,historical_csv
2020-05-14,Lemon,133.33,Kg,historical_csv
2020-05-21,Lemon,122.14,Kg,historical_csv
2020-05-28,Lemon,110.71,Kg,historical_csv
2020-06-04,Lemon,120.71,Kg,historical_csv
2020-06-11,Lemon,122.14,Kg,historical_csv
2020-06-18,Lemon,122.14,Kg,historical_csv
2020-06-25,Lemon,107.86,Kg,historical_csv
2020-07-02,Lemon,87.86,Kg,historical_csv
2020-07-09,Lemon,97.86,Kg,historical_csv
2020-07-16,Lemon,85.0,Kg,historical_csv
2020-07-23,Lemon,97.86,Kg,historical_csv
2020-07-30,Lemon,102.14,Kg,historical_csv
2020-08-06,Lemon,140.71,Kg,historical_csv
2020-08-13,Lemon,149.29,Kg,historical_csv
2020-08-20,Lemon,172.14,Kg,historical_csv
2020-08-27,Lemon,246.67,Kg,historical_csv
2020-09-03,Lemon,145.71,Kg,historical_csv
2020-09-10,Lemon,181.67,Kg,historical_csv
2020-09-17,Lemon,155.0,Kg,historical_csv
2020-09-24,Lemon,145.0,Kg,historical_csv
2020-10-01,Lemon,152.14,Kg,historical_csv
2020-10-08,Lemon,153.33,Kg,historical_csv
2020-10-15,Lemon,151.67,Kg,historical_csv
2020-10-22,Lemon,132.71,Kg,historical_csv
2020-10-29,Lemon,109.82,Kg,historical_csv
2020-11-05,Lemon,90.18,Kg,historical_csv
2020-11-12,Lemon,74.05,Kg,historical_csv
2020-11-19,Lemon,75.06,Kg,historical_csv
2020-11-26,Lemon,68.75,Kg,historical_csv
2020-12-03,Lemon,64.82,Kg,historical_csv
2020-12-10,Lemon,70.54,Kg,historical_csv
2020-12-17,Lemon,78.93,Kg,historical_csv
2020-12-24,Lemon,70.89,Kg,historical_csv
2020-12-31,Lemon,83.21,Kg,historical_csv
2021-01-07,Lemon,97.86,Kg,historical_csv
2021-01-14,Lemon,102.14,Kg,historical_csv
2021-01-21,Lemon,121.43,Kg,historical_csv
2021-01-28,Lemon,101.79,Kg,historical_csv
2021-02-04,Lemon,90.71,Kg,historical_csv
2021-02-11,Lemon,92.5,Kg,historical_csv
2021-02-18,Lemon,97.68,Kg,historical_csv
2021-02-25,Lemon,98.93,Kg,historical_csv
2021-03-04,Lemon,96.25,Kg,historical_csv
2021-03-11,Lemon,106.79,Kg,historical_csv
2021-03-18,Lemon,121.43,Kg,historical_csv
2021-03-25,Lemon,131.79,Kg,historical_csv
2021-04-01,Lemon,175.0,Kg,historical_csv
2021-04-22,Lemon,248.33,Kg,historical_csv
2021-04-29,Lemon,232.14,Kg,historical_csv
2021-05-06,Lemon,240.0,Kg,historical_csv
2021-05-13,Lemon,217.14,Kg,historical_csv
2025-04-03,Lemon,260.0,Kg,historical_csv
2025-04-10,Lemon,257.5,Kg,historical_csv
2025-04-17,Lemon,248.33,Kg,historical_csv
2026-04-02,Lemon,195.0,Kg,historical_csv
2013-06-20,Lettuce,52.5,Kg,historical_csv
2013-08-01,Lettuce,54.17,Kg,historical_csv
2013-08-08,Lettuce,53.75,Kg,historical_csv
2013-08-15,Lettuce,42.5,Kg,historical_csv
2013-08-22,Lettuce,51.25,Kg,historical_csv
2013-08-29,Lettuce,55.0,Kg,historical_csv
2013-09-05,Lettuce,55.83,Kg,historical_csv
2013-09-12,Lettuce,53.33,Kg,historical_csv
2013-09-19,Lettuce,47.5,Kg,historical_csv
2013-09-26,Lettuce,46.67,Kg,historical_csv
2013-10-03,Lettuce,47.5,Kg,historical_csv
2013-10-10,Lettuce,45.83,Kg,historical_csv
2013-10-17,Lettuce,50.0,Kg,historical_csv
2013-10-24,Lettuce,49.5,Kg,historical_csv
2013-10-31,Lettuce,57.5,Kg,historical_csv
2013-11-07,Lettuce,55.0,Kg,historical_csv
2013-11-14,Lettuce,127.0,Kg,historical_csv
2013-11-21,Lettuce,118.75,Kg,historical_csv
2013-11-28,Lettuce,55.83,Kg,historical_csv
2013-12-05,Lettuce,57.5,Kg,historical_csv
2013-12-12,Lettuce,48.33,Kg,historical_csv
2013-12-19,Lettuce,51.5,Kg,historical_csv
2013-12-26,Lettuce,48.5,Kg,historical_csv
2014-01-02,Lettuce,45.5,Kg,historical_csv
2014-01-09,Lettuce,45.83,Kg,historical_csv
2014-01-16,Lettuce,50.5,Kg,historical_csv
2014-01-23,Lettuce,45.0,Kg,historical_csv
2014-01-30,Lettuce,38.0,Kg,historical_csv
2014-02-06,Lettuce,32.5,Kg,historical_csv
2014-02-13,Lettuce,32.17,Kg,historical_csv
2014-02-20,Lettuce,33.5,Kg,historical_csv
2014-02-27,Lettuce,32.5,Kg,historical_csv
2014-03-06,Lettuce,32.5,Kg,historical_csv
2014-03-13,Lettuce,32.5,Kg,historical_csv
2014-03-20,Lettuce,31.5,Kg,historical_csv
2014-03-27,Lettuce,36.83,Kg,historical_csv
2014-04-03,Lettuce,37.5,Kg,historical_csv
2014-04-10,Lettuce,40.0,Kg,historical_csv
2014-04-17,Lettuce,53.0,Kg,historical_csv
2014-04-24,Lettuce,73.5,Kg,historical_csv
2014-05-01,Lettuce,65.5,Kg,historical_csv
2014-05-08,Lettuce,70.0,Kg,historical_csv
2014-05-15,Lettuce,87.5,Kg,historical_csv
2014-05-22,Lettuce,87.5,Kg,historical_csv
2014-05-29,Lettuce,82.0,Kg,historical_csv
2014-06-05,Lettuce,85.42,Kg,historical_csv
2014-06-12,Lettuce,81.25,Kg,historical_csv
2014-06-19,Lettuce,70.83,Kg,historical_csv
2014-06-26,Lettuce,57.5,Kg,historical_csv
2014-07-03,Lettuce,62.5,Kg,historical_csv
2014-07-10,Lettuce,63.21,Kg,historical_csv
2014-07-17,Lettuce,72.5,Kg,historical_csv
2014-07-24,Lettuce,58.93,Kg,historical_csv
2014-07-31,Lettuce,71.43,Kg,historical_csv
2014-08-07,Lettuce,57.5,Kg,historical_csv
2014-08-21,Lettuce,57.5,Kg,historical_csv
2014-08-28,Lettuce,57.5,Kg,historical_csv
2014-09-04,Lettuce,55.83,Kg,historical_csv
2014-09-11,Lettuce,58.93,Kg,historical_csv
2014-09-18,Lettuce,57.5,Kg,historical_csv
2014-09-25,Lettuce,57.5,Kg,historical_csv
2014-10-02,Lettuce,57.5,Kg,historical_csv
2014-10-09,Lettuce,57.5,Kg,historical_csv
2014-10-16,Lettuce,57.5,Kg,historical_csv
2014-10-23,Lettuce,59.17,Kg,historical_csv
2014-10-30,Lettuce,68.12,Kg,historical_csv
2014-11-06,Lettuce,80.42,Kg,historical_csv
2014-11-13,Lettuce,85.0,Kg,historical_csv
2014-11-20,Lettuce,79.64,Kg,historical_csv
2014-11-27,Lettuce,74.29,Kg,historical_csv
2014-12-04,Lettuce,68.57,Kg,historical_csv
2014-12-11,Lettuce,70.36,Kg,historical_csv
2014-12-18,Lettuce,57.5,Kg,historical_csv
2014-12-25,Lettuce,57.5,Kg,historical_csv
2015-01-01,Lettuce,57.5,Kg,historical_csv
2015-01-08,Lettuce,57.5,Kg,historical_csv
2015-01-15,Lettuce,55.83,Kg,historical_csv
2015-01-22,Lettuce,87.86,Kg,historical_csv
2015-01-29,Lettuce,85.0,Kg,historical_csv
2015-02-05,Lettuce,86.67,Kg,historical_csv
2015-02-12,Lettuce,85.0,Kg,historical_csv
2015-02-19,Lettuce,83.33,Kg,historical_csv
2015-02-26,Lettuce,85.0,Kg,historical_csv
2015-03-05,Lettuce,87.5,Kg,historical_csv
2015-03-12,Lettuce,113.0,Kg,historical_csv
2015-03-19,Lettuce,45.42,Kg,historical_csv
2015-03-26,Lettuce,39.64,Kg,historical_csv
2015-04-02,Lettuce,45.36,Kg,historical_csv
2015-04-09,Lettuce,44.17,Kg,historical_csv
2015-04-16,Lettuce,45.0,Kg,historical_csv
2015-04-23,Lettuce,47.86,Kg,historical_csv
2015-04-30,Lettuce,49.64,Kg,historical_csv
2015-05-07,Lettuce,46.07,Kg,historical_csv
2015-05-14,Lettuce,42.08,Kg,historical_csv
2015-05-21,Lettuce,42.5,Kg,historical_csv
2015-05-28,Lettuce,42.5,Kg,historical_csv
2015-06-04,Lettuce,47.14,Kg,historical_csv
2015-06-11,Lettuce,44.29,Kg,historical_csv
2015-06-18,Lettuce,41.88,Kg,historical_csv
2015-06-25,Lettuce,44.77,Kg,historical_csv
2015-07-02,Lettuce,45.58,Kg,historical_csv
2015-07-09,Lettuce,46.14,Kg,historical_csv
2015-07-16,Lettuce,50.96,Kg,historical_csv
2015-07-23,Lettuce,53.46,Kg,historical_csv
2015-07-30,Lettuce,53.12,Kg,historical_csv
2015-08-06,Lettuce,109.64,Kg,historical_csv
2015-08-13,Lettuce,185.0,Kg,historical_csv
2015-08-20,Lettuce,163.71,Kg,historical_csv
2015-08-27,Lettuce,106.43,Kg,historical_csv
2015-09-03,Lettuce,103.57,Kg,historical_csv
2015-09-10,Lettuce,105.0,Kg,historical_csv
2015-09-17,Lettuce,105.0,Kg,historical_csv
2015-09-24,Lettuce,95.0,Kg,historical_csv
2015-10-01,Lettuce,87.86,Kg,historical_csv
2015-10-08,Lettuce,96.43,Kg,historical_csv
2015-10-15,Lettuce,93.57,Kg,historical_csv
2015-10-22,Lettuce,87.5,Kg,historical_csv
2015-10-29,Lettuce,90.71,Kg,historical_csv
2015-11-05,Lettuce,75.0,Kg,historical_csv
2015-11-12,Lettuce,73.57,Kg,historical_csv
2015-11-19,Lettuce,70.0,Kg,historical_csv
2015-11-26,Lettuce,66.43,Kg,historical_csv
2015-12-03,Lettuce,64.29,Kg,historical_csv
2015-12-10,Lettuce,65.0,Kg,historical_csv
2015-12-17,Lettuce,65.0,Kg,historical_csv
2015-12-24,Lettuce,69.29,Kg,historical_csv
2015-12-31,Lettuce,67.86,Kg,historical_csv
2016-01-07,Lettuce,62.14,Kg,historical_csv
2016-01-14,Lettuce,55.0,Kg,historical_csv
2016-01-21,Lettuce,55.0,Kg,historical_csv
2016-01-28,Lettuce,55.0,Kg,historical_csv
2016-02-04,Lettuce,55.36,Kg,historical_csv
2016-02-11,Lettuce,55.36,Kg,historical_csv
2016-02-18,Lettuce,54.64,Kg,historical_csv
2016-02-25,Lettuce,56.07,Kg,historical_csv
2016-03-03,Lettuce,50.0,Kg,historical_csv
2016-03-10,Lettuce,43.93,Kg,historical_csv
2016-03-17,Lettuce,40.0,Kg,historical_csv
2016-03-24,Lettuce,37.5,Kg,historical_csv
2016-03-31,Lettuce,38.93,Kg,historical_csv
2016-04-07,Lettuce,48.57,Kg,historical_csv
2016-04-14,Lettuce,62.14,Kg,historical_csv
2016-04-21,Lettuce,68.93,Kg,historical_csv
2016-04-28,Lettuce,68.21,Kg,historical_csv
2016-05-05,Lettuce,76.07,Kg,historical_csv
2016-05-12,Lettuce,76.07,Kg,historical_csv
2016-05-19,Lettuce,73.93,Kg,historical_csv
2016-05-26,Lettuce,72.5,Kg,historical_csv
2016-06-02,Lettuce,72.5,Kg,historical_csv
2016-06-09,Lettuce,66.07,Kg,historical_csv
2016-06-16,Lettuce,62.5,Kg,historical_csv
2016-06-23,Lettuce,49.64,Kg,historical_csv
2016-06-30,Lettuce,42.5,Kg,historical_csv
2016-07-07,Lettuce,45.36,Kg,historical_csv
2016-07-14,Lettuce,47.5,Kg,historical_csv
2016-07-21,Lettuce,47.5,Kg,historical_csv
2016-07-28,Lettuce,47.5,Kg,historical_csv
2016-08-04,Lettuce,47.5,Kg,historical_csv
2016-08-11,Lettuce,82.5,Kg,historical_csv
2016-08-18,Lettuce,82.5,Kg,historical_csv
2016-08-25,Lettuce,82.86,Kg,historical_csv
2016-09-01,Lettuce,79.64,Kg,historical_csv
2016-09-08,Lettuce,72.5,Kg,historical_csv
2016-09-15,Lettuce,72.5,Kg,historical_csv
2016-09-22,Lettuce,72.5,Kg,historical_csv
2016-09-29,Lettuce,73.21,Kg,historical_csv
2016-10-06,Lettuce,65.36,Kg,historical_csv
2016-10-13,Lettuce,62.5,Kg,historical_csv
2016-10-20,Lettuce,62.5,Kg,historical_csv
2016-10-27,Lettuce,62.5,Kg,historical_csv
2016-11-03,Lettuce,62.5,Kg,historical_csv
2016-11-10,Lettuce,59.64,Kg,historical_csv
2016-11-17,Lettuce,62.5,Kg,historical_csv
2016-11-24,Lettuce,62.5,Kg,historical_csv
2016-12-01,Lettuce,62.5,Kg,historical_csv
2016-12-08,Lettuce,62.5,Kg,historical_csv
2016-12-15,Lettuce,62.5,Kg,historical_csv
2016-12-22,Lettuce,62.5,Kg,historical_csv
2016-12-29,Lettuce,42.5,Kg,historical_csv
2017-01-05,Lettuce,40.0,Kg,historical_csv
2017-01-12,Lettuce,42.5,Kg,historical_csv
2017-01-19,Lettuce,43.93,Kg,historical_csv
2017-01-26,Lettuce,42.5,Kg,historical_csv
2017-02-02,Lettuce,42.5,Kg,historical_csv
2017-02-09,Lettuce,41.79,Kg,historical_csv
2017-02-16,Lettuce,37.14,Kg,historical_csv
2017-02-23,Lettuce,37.5,Kg,historical_csv
2017-03-02,Lettuce,37.5,Kg,historical_csv
2017-03-09,Lettuce,37.5,Kg,historical_csv
2017-03-16,Lettuce,37.5,Kg,historical_csv
2017-03-23,Lettuce,37.5,Kg,historical_csv
2017-03-30,Lettuce,38.93,Kg,historical_csv
2017-04-06,Lettuce,47.5,Kg,historical_csv
2017-04-13,Lettuce,47.5,Kg,historical_csv
2017-04-20,Lettuce,47.5,Kg,historical_csv
2017-04-27,Lettuce,47.5,Kg,historical_csv
2017-05-04,Lettuce,47.5,Kg,historical_csv
2017-05-11,Lettuce,53.57,Kg,historical_csv
2017-05-18,Lettuce,57.5,Kg,historical_csv
2017-05-25,Lettuce,57.14,Kg,historical_csv
2017-06-01,Lettuce,57.5,Kg,historical_csv
2017-06-08,Lettuce,57.5,Kg,historical_csv
2017-06-15,Lettuce,57.5,Kg,historical_csv
2017-06-22,Lettuce,56.79,Kg,historical_csv
2017-06-29,Lettuce,52.86,Kg,historical_csv
2017-07-06,Lettuce,53.21,Kg,historical_csv
2017-07-13,Lettuce,57.5,Kg,historical_csv
2017-07-20,Lettuce,57.5,Kg,historical_csv
2017-07-27,Lettuce,56.07,Kg,historical_csv
2017-08-03,Lettuce,57.5,Kg,historical_csv
2017-08-10,Lettuce,57.5,Kg,historical_csv
2017-08-17,Lettuce,57.5,Kg,historical_csv
2017-08-24,Lettuce,57.5,Kg,historical_csv
2017-08-31,Lettuce,57.5,Kg,historical_csv
2017-09-07,Lettuce,64.29,Kg,historical_csv
2017-09-14,Lettuce,57.5,Kg,historical_csv
2017-09-21,Lettuce,57.5,Kg,historical_csv
2017-09-28,Lettuce,57.5,Kg,historical_csv
2017-10-05,Lettuce,57.5,Kg,historical_csv
2017-10-12,Lettuce,57.5,Kg,historical_csv
2017-10-19,Lettuce,56.79,Kg,historical_csv
2017-10-26,Lettuce,66.79,Kg,historical_csv
2017-11-02,Lettuce,59.64,Kg,historical_csv
2017-11-09,Lettuce,92.5,Kg,historical_csv
2017-11-16,Lettuce,92.5,Kg,historical_csv
2017-11-23,Lettuce,90.36,Kg,historical_csv
2017-11-30,Lettuce,79.29,Kg,historical_csv
2017-12-07,Lettuce,104.17,Kg,historical_csv
2017-12-14,Lettuce,105.0,Kg,historical_csv
2017-12-21,Lettuce,105.0,Kg,historical_csv
2017-12-28,Lettuce,105.0,Kg,historical_csv
2018-01-04,Lettuce,105.0,Kg,historical_csv
2018-01-11,Lettuce,105.0,Kg,historical_csv
2018-01-18,Lettuce,90.0,Kg,historical_csv
2018-01-25,Lettuce,58.21,Kg,historical_csv
2018-02-01,Lettuce,51.79,Kg,historical_csv
2018-02-08,Lettuce,48.93,Kg,historical_csv
2018-02-15,Lettuce,48.21,Kg,historical_csv
2018-02-22,Lettuce,47.5,Kg,historical_csv
2018-03-01,Lettuce,47.5,Kg,historical_csv
2018-03-08,Lettuce,42.5,Kg,historical_csv
2018-03-15,Lettuce,43.21,Kg,historical_csv
2018-03-22,Lettuce,48.93,Kg,historical_csv
2018-03-29,Lettuce,60.36,Kg,historical_csv
2018-04-05,Lettuce,75.36,Kg,historical_csv
2018-04-12,Lettuce,90.0,Kg,historical_csv
2018-04-19,Lettuce,92.5,Kg,historical_csv
2018-04-26,Lettuce,92.5,Kg,historical_csv
2018-05-03,Lettuce,92.5,Kg,historical_csv
2018-05-10,Lettuce,92.5,Kg,historical_csv
2018-05-17,Lettuce,92.5,Kg,historical_csv
2018-05-24,Lettuce,91.07,Kg,historical_csv
2018-05-31,Lettuce,75.36,Kg,historical_csv
2018-06-07,Lettuce,71.79,Kg,historical_csv
2018-06-14,Lettuce,62.5,Kg,historical_csv
2018-06-21,Lettuce,60.0,Kg,historical_csv
2018-06-28,Lettuce,62.5,Kg,historical_csv
2018-07-05,Lettuce,63.21,Kg,historical_csv
2018-07-12,Lettuce,61.79,Kg,historical_csv
2018-07-19,Lettuce,61.07,Kg,historical_csv
2018-07-26,Lettuce,82.5,Kg,historical_csv
2018-08-02,Lettuce,106.79,Kg,historical_csv
2018-08-09,Lettuce,145.0,Kg,historical_csv
2018-08-16,Lettuce,145.0,Kg,historical_csv
2018-08-23,Lettuce,175.0,Kg,historical_csv
2018-08-30,Lettuce,177.86,Kg,historical_csv
2018-09-06,Lettuce,175.0,Kg,historical_csv
2018-09-13,Lettuce,175.0,Kg,historical_csv
2018-09-20,Lettuce,175.0,Kg,historical_csv
2018-09-27,Lettuce,175.0,Kg,historical_csv
2018-10-04,Lettuce,109.29,Kg,historical_csv
2018-10-11,Lettuce,77.86,Kg,historical_csv
2018-10-18,Lettuce,65.0,Kg,historical_csv
2018-10-25,Lettuce,95.0,Kg,historical_csv
2018-11-01,Lettuce,77.86,Kg,historical_csv
2018-11-08,Lettuce,65.0,Kg,historical_csv
2018-11-15,Lettuce,60.71,Kg,historical_csv
2018-11-22,Lettuce,55.0,Kg,historical_csv
2018-11-29,Lettuce,54.64,Kg,historical_csv
2018-12-06,Lettuce,45.0,Kg,historical_csv
2018-12-13,Lettuce,45.0,Kg,historical_csv
2018-12-20,Lettuce,45.0,Kg,historical_csv
2018-12-27,Lettuce,76.43,Kg,historical_csv
2019-01-03,Lettuce,95.0,Kg,historical_csv
2019-01-10,Lettuce,95.0,Kg,historical_csv
2019-01-17,Lettuce,103.57,Kg,historical_csv
2019-01-24,Lettuce,93.57,Kg,historical_csv
2019-01-31,Lettuce,72.14,Kg,historical_csv
2019-02-07,Lettuce,55.0,Kg,historical_csv
2019-02-14,Lettuce,55.0,Kg,historical_csv
2019-02-21,Lettuce,41.07,Kg,historical_csv
2019-02-28,Lettuce,37.5,Kg,historical_csv
2019-03-07,Lettuce,40.0,Kg,historical_csv
2019-03-14,Lettuce,38.93,Kg,historical_csv
2019-03-21,Lettuce,43.93,Kg,historical_csv
2019-03-28,Lettuce,43.93,Kg,historical_csv
2019-04-04,Lettuce,47.5,Kg,historical_csv
2019-04-11,Lettuce,51.79,Kg,historical_csv
2019-04-18,Lettuce,70.0,Kg,historical_csv
2019-04-25,Lettuce,54.64,Kg,historical_csv
2019-05-02,Lettuce,71.43,Kg,historical_csv
2019-05-09,Lettuce,73.57,Kg,historical_csv
2019-05-16,Lettuce,73.57,Kg,historical_csv
2019-05-23,Lettuce,75.0,Kg,historical_csv
2019-05-30,Lettuce,60.71,Kg,historical_csv
2019-06-06,Lettuce,55.0,Kg,historical_csv
2019-06-13,Lettuce,57.86,Kg,historical_csv
2019-06-20,Lettuce,65.0,Kg,historical_csv
2019-06-27,Lettuce,62.14,Kg,historical_csv
2019-07-04,Lettuce,65.0,Kg,historical_csv
2019-07-11,Lettuce,66.43,Kg,historical_csv
2019-07-18,Lettuce,72.14,Kg,historical_csv
2019-07-25,Lettuce,87.86,Kg,historical_csv
2019-08-01,Lettuce,95.0,Kg,historical_csv
2019-08-08,Lettuce,100.71,Kg,historical_csv
2019-08-15,Lettuce,96.67,Kg,historical_csv
2019-08-22,Lettuce,95.0,Kg,historical_csv
2019-08-29,Lettuce,95.0,Kg,historical_csv
2019-09-05,Lettuce,95.0,Kg,historical_csv
2019-09-12,Lettuce,95.0,Kg,historical_csv
2019-09-19,Lettuce,95.0,Kg,historical_csv
2019-09-26,Lettuce,95.0,Kg,historical_csv
2019-10-03,Lettuce,123.0,Kg,historical_csv
2019-10-10,Lettuce,243.57,Kg,historical_csv
2019-10-17,Lettuce,245.0,Kg,historical_csv
2019-10-24,Lettuce,245.0,Kg,historical_csv
2019-10-31,Lettuce,230.71,Kg,historical_csv
2019-11-07,Lettuce,149.29,Kg,historical_csv
2019-11-14,Lettuce,105.0,Kg,historical_csv
2019-11-21,Lettuce,105.0,Kg,historical_csv
2019-11-28,Lettuce,76.43,Kg,historical_csv
2019-12-05,Lettuce,55.0,Kg,historical_csv
2019-12-12,Lettuce,59.29,Kg,historical_csv
2019-12-19,Lettuce,65.0,Kg,historical_csv
2019-12-26,Lettuce,65.0,Kg,historical_csv
2020-01-02,Lettuce,65.0,Kg,historical_csv
2020-01-09,Lettuce,65.0,Kg,historical_csv
2020-01-16,Lettuce,65.0,Kg,historical_csv
2020-01-23,Lettuce,65.0,Kg,historical_csv
2020-01-30,Lettuce,65.0,Kg,historical_csv
2020-02-06,Lettuce,63.57,Kg,historical_csv
2020-02-13,Lettuce,65.0,Kg,historical_csv
2020-02-20,Lettuce,65.0,Kg,historical_csv
2020-02-27,Lettuce,65.0,Kg,historical_csv
2020-03-05,Lettuce,66.67,Kg,historical_csv
2020-03-12,Lettuce,47.86,Kg,historical_csv
2020-03-19,Lettuce,44.64,Kg,historical_csv
2020-03-26,Lettuce,44.38,Kg,historical_csv
2020-04-02,Lettuce,31.88,Kg,historical_csv
2020-04-09,Lettuce,28.5,Kg,historical_csv
2020-04-16,Lettuce,37.5,Kg,historical_csv
2020-04-23,Lettuce,37.5,Kg,historical_csv
2020-08-06,Lettuce,89.29,Kg,historical_csv
2020-08-13,Lettuce,93.33,Kg,historical_csv
2020-08-20,Lettuce,116.43,Kg,historical_csv
2020-08-27,Lettuce,112.14,Kg,historical_csv
2020-09-03,Lettuce,76.43,Kg,historical_csv
2020-09-10,Lettuce,68.33,Kg,historical_csv
2020-09-17,Lettuce,52.14,Kg,historical_csv
2020-09-24,Lettuce,60.71,Kg,historical_csv
2020-10-01,Lettuce,76.67,Kg,historical_csv
2020-10-08,Lettuce,83.0,Kg,historical_csv
2020-10-22,Lettuce,325.0,Kg,historical_csv
2020-10-29,Lettuce,215.0,Kg,historical_csv
2020-11-05,Lettuce,185.71,Kg,historical_csv
2020-11-12,Lettuce,195.83,Kg,historical_csv
2020-11-19,Lettuce,125.0,Kg,historical_csv
2020-11-26,Lettuce,52.14,Kg,historical_csv
2020-12-03,Lettuce,56.43,Kg,historical_csv
2020-12-10,Lettuce,63.57,Kg,historical_csv
2020-12-17,Lettuce,60.71,Kg,historical_csv
2020-12-24,Lettuce,57.86,Kg,historical_csv
2020-12-31,Lettuce,59.29,Kg,historical_csv
2021-01-07,Lettuce,56.43,Kg,historical_csv
2021-01-14,Lettuce,55.0,Kg,historical_csv
2021-01-21,Lettuce,67.0,Kg,historical_csv
2021-01-28,Lettuce,77.86,Kg,historical_csv
2021-02-04,Lettuce,73.33,Kg,historical_csv
2021-02-11,Lettuce,83.57,Kg,historical_csv
2021-02-18,Lettuce,82.14,Kg,historical_csv
2021-02-25,Lettuce,73.57,Kg,historical_csv
2021-03-04,Lettuce,55.0,Kg,historical_csv
2021-03-11,Lettuce,50.71,Kg,historical_csv
2021-03-18,Lettuce,65.0,Kg,historical_csv
2021-03-25,Lettuce,55.0,Kg,historical_csv
2021-04-01,Lettuce,55.0,Kg,historical_csv
2021-04-22,Lettuce,76.67,Kg,historical_csv
2021-04-29,Lettuce,55.0,Kg,historical_csv
2021-05-06,Lettuce,53.57,Kg,historical_csv
2021-05-13,Lettuce,53.57,Kg,historical_csv
2025-04-03,Lettuce,55.0,Kg,historical_csv
2025-04-10,Lettuce,65.0,Kg,historical_csv
2025-04-17,Lettuce,70.0,Kg,historical_csv
2026-04-02,Lettuce,68.33,Kg,historical_csv
2014-05-29,Litchi,158.33,Kg,historical_csv
2014-06-12,Litchi,86.67,Kg,historical_csv
2014-06-19,Litchi,93.33,Kg,historical_csv
2014-06-26,Litchi,91.0,Kg,historical_csv
2014-07-03,Litchi,93.33,Kg,historical_csv
2014-07-10,Litchi,113.33,Kg,historical_csv
2015-02-26,Litchi,45.0,Kg,historical_csv
2015-06-04,Litchi,175.0,Kg,historical_csv
2015-06-11,Litchi,134.17,Kg,historical_csv
2015-06-18,Litchi,80.42,Kg,historical_csv
2015-06-25,Litchi,75.36,Kg,historical_csv
2015-07-02,Litchi,75.36,Kg,historical_csv
2015-07-09,Litchi,92.14,Kg,historical_csv
2015-07-16,Litchi,94.17,Kg,historical_csv
2015-07-23,Litchi,85.0,Kg,historical_csv
2015-08-27,Litchi,62.5,Kg,historical_csv
2016-03-10,Litchi,47.5,Kg,historical_csv
2016-03-17,Litchi,57.5,Kg,historical_csv
2016-05-26,Litchi,190.0,Kg,historical_csv
2016-06-02,Litchi,165.71,Kg,historical_csv
2016-06-09,Litchi,132.14,Kg,historical_csv
2016-06-16,Litchi,100.71,Kg,historical_csv
2016-06-23,Litchi,99.29,Kg,historical_csv
2016-06-30,Litchi,96.43,Kg,historical_csv
2016-07-07,Litchi,98.33,Kg,historical_csv
2017-06-01,Litchi,187.0,Kg,historical_csv
2017-06-08,Litchi,137.86,Kg,historical_csv
2017-06-15,Litchi,100.71,Kg,historical_csv
2017-06-22,Litchi,105.0,Kg,historical_csv
2017-06-29,Litchi,115.0,Kg,historical_csv
2018-06-07,Litchi,152.14,Kg,historical_csv
2018-06-14,Litchi,152.86,Kg,historical_csv
2018-06-21,Litchi,135.0,Kg,historical_csv
2018-06-28,Litchi,140.0,Kg,historical_csv
2019-05-30,Litchi,139.0,Kg,historical_csv
2019-06-06,Litchi,128.57,Kg,historical_csv
2019-06-13,Litchi,159.29,Kg,historical_csv
2019-06-20,Litchi,153.75,Kg,historical_csv
2019-07-11,Litchi,85.0,Kg,historical_csv
2020-06-04,Litchi,152.5,Kg,historical_csv
2020-06-11,Litchi,122.14,Kg,historical_csv
2020-06-18,Litchi,100.0,Kg,historical_csv
2020-06-25,Litchi,95.18,Kg,historical_csv
2020-07-02,Litchi,72.14,Kg,historical_csv
2020-07-09,Litchi,65.0,Kg,historical_csv
2020-07-16,Litchi,78.33,Kg,historical_csv
2025-05-15,Maize,88.96,1 Kg,synthetic
2025-07-17,Maize,94.08,1 Kg,synthetic
2025-07-24,Maize,95.54,1 Kg,synthetic
2025-07-31,Maize,96.9,1 Kg,synthetic
2025-10-16,Maize,88.29,1 Kg,synthetic
2025-10-23,Maize,90.16,1 Kg,synthetic
2025-10-30,Maize,96.21,1 Kg,synthetic
2025-11-06,Maize,95.29,1 Kg,synthetic
2025-11-13,Maize,92.93,1 Kg,synthetic
2025-11-20,Maize,95.9,1 Kg,synthetic
2025-11-27,Maize,93.63,1 Kg,synthetic
2025-12-11,Maize,93.8,1 Kg,synthetic
2025-12-18,Maize,95.59,1 Kg,synthetic
2026-01-01,Maize,90.22,1 Kg,synthetic
2026-01-08,Maize,90.68,1 Kg,synthetic
2026-01-15,Maize,93.59,1 Kg,synthetic
2026-01-22,Maize,92.44,1 Kg,synthetic
2026-01-29,Maize,95.72,1 Kg,synthetic
2026-02-12,Maize,92.4,1 Kg,synthetic
2026-02-19,Maize,90.8,1 Kg,synthetic
2026-02-26,Maize,97.4,1 Kg,synthetic
2026-03-05,Maize,92.23,1 Kg,synthetic
2026-03-26,Maize,87.89,1 Kg,synthetic
2026-04-02,Maize,82.18,1 Kg,synthetic
2026-04-09,Maize,82.75,1 Kg,synthetic
2026-04-16,Maize,83.43,1 Kg,synthetic
2026-04-23,Maize,80.21,1 Kg,synthetic
2026-04-30,Maize,84.86,1 Kg,synthetic
2026-05-07,Maize,83.98,1 Kg,synthetic
2026-05-14,Maize,86.7,1 Kg,synthetic
2026-05-21,Maize,87.93,1 Kg,synthetic
2026-06-04,Maize,97.25,1 Kg,synthetic
2026-06-11,Maize,93.58,1 Kg,synthetic
2026-06-18,Maize,91.6,1 Kg,synthetic
2026-07-02,Maize,96.78,1 Kg,synthetic
2026-07-09,Maize,91.64,1 Kg,synthetic
2013-06-20,Mango,55.0,Kg,historical_csv
2013-08-01,Mango,68.33,Kg,historical_csv
2013-08-08,Mango,81.67,Kg,historical_csv
2013-08-15,Mango,111.67,Kg,historical_csv
2013-08-22,Mango,138.33,Kg,historical_csv
2013-08-29,Mango,145.0,Kg,historical_csv
2014-04-10,Mango,105.0,Kg,historical_csv
2014-04-17,Mango,97.0,Kg,historical_csv
2014-04-24,Mango,87.5,Kg,historical_csv
2014-05-01,Mango,83.0,Kg,historical_csv
2014-05-08,Mango,70.83,Kg,historical_csv
2014-05-15,Mango,75.0,Kg,historical_csv
2014-05-22,Mango,70.0,Kg,historical_csv
2014-05-29,Mango,66.0,Kg,historical_csv
2014-06-05,Mango,66.25,Kg,historical_csv
2014-06-12,Mango,62.5,Kg,historical_csv
2014-06-19,Mango,57.5,Kg,historical_csv
2014-06-26,Mango,78.5,Kg,historical_csv
2014-07-03,Mango,81.67,Kg,historical_csv
2014-07-10,Mango,76.67,Kg,historical_csv
2014-07-17,Mango,80.71,Kg,historical_csv
2014-07-24,Mango,74.64,Kg,historical_csv
2014-07-31,Mango,75.0,Kg,historical_csv
2014-08-07,Mango,91.79,Kg,historical_csv
2014-08-14,Mango,92.14,Kg,historical_csv
2014-08-21,Mango,84.29,Kg,historical_csv
2014-08-28,Mango,102.5,Kg,historical_csv
2014-09-04,Mango,172.5,Kg,historical_csv
2015-04-16,Mango,180.0,Kg,historical_csv
2015-04-23,Mango,149.29,Kg,historical_csv
2015-04-30,Mango,107.86,Kg,historical_csv
2015-05-07,Mango,92.86,Kg,historical_csv
2015-05-14,Mango,85.0,Kg,historical_csv
2015-05-21,Mango,90.36,Kg,historical_csv
2015-05-28,Mango,80.36,Kg,historical_csv
2015-06-04,Mango,83.57,Kg,historical_csv
2015-06-11,Mango,73.57,Kg,historical_csv
2015-06-18,Mango,61.88,Kg,historical_csv
2015-06-25,Mango,60.0,Kg,historical_csv
2015-07-02,Mango,61.54,Kg,historical_csv
2015-07-09,Mango,66.59,Kg,historical_csv
2015-07-16,Mango,90.19,Kg,historical_csv
2015-07-23,Mango,73.65,Kg,historical_csv
2015-07-30,Mango,68.54,Kg,historical_csv
2015-08-06,Mango,79.64,Kg,historical_csv
2015-08-13,Mango,98.57,Kg,historical_csv
2015-08-20,Mango,103.21,Kg,historical_csv
2015-08-27,Mango,109.38,Kg,historical_csv
2016-04-07,Mango,155.0,Kg,historical_csv
2016-04-14,Mango,161.67,Kg,historical_csv
2016-04-21,Mango,145.0,Kg,historical_csv
2016-04-28,Mango,125.0,Kg,historical_csv
2016-05-05,Mango,126.67,Kg,historical_csv
2016-05-12,Mango,130.71,Kg,historical_csv
2016-05-19,Mango,133.21,Kg,historical_csv
2016-05-26,Mango,119.29,Kg,historical_csv
2016-06-02,Mango,92.86,Kg,historical_csv
2016-06-09,Mango,69.29,Kg,historical_csv
2016-06-16,Mango,70.71,Kg,historical_csv
2016-06-23,Mango,57.86,Kg,historical_csv
2016-06-30,Mango,65.0,Kg,historical_csv
2016-07-07,Mango,71.43,Kg,historical_csv
2016-07-14,Mango,77.5,Kg,historical_csv
2016-07-21,Mango,80.36,Kg,historical_csv
2016-07-28,Mango,77.14,Kg,historical_csv
2016-08-04,Mango,95.0,Kg,historical_csv
2016-08-11,Mango,133.57,Kg,historical_csv
2016-08-18,Mango,142.5,Kg,historical_csv
2017-04-20,Mango,135.0,Kg,historical_csv
2017-04-27,Mango,97.86,Kg,historical_csv
2017-05-04,Mango,80.71,Kg,historical_csv
2017-05-11,Mango,79.29,Kg,historical_csv
2017-05-18,Mango,75.0,Kg,historical_csv
2017-05-25,Mango,75.0,Kg,historical_csv
2017-06-01,Mango,75.0,Kg,historical_csv
2017-06-08,Mango,75.0,Kg,historical_csv
2017-06-15,Mango,82.14,Kg,historical_csv
2017-06-22,Mango,75.0,Kg,historical_csv
2017-06-29,Mango,95.0,Kg,historical_csv
2017-07-06,Mango,99.29,Kg,historical_csv
2017-07-13,Mango,105.0,Kg,historical_csv
2017-07-20,Mango,109.29,Kg,historical_csv
2017-07-27,Mango,116.43,Kg,historical_csv
2017-08-03,Mango,125.0,Kg,historical_csv
2017-08-10,Mango,150.71,Kg,historical_csv
2018-04-19,Mango,161.67,Kg,historical_csv
2018-04-26,Mango,159.29,Kg,historical_csv
2018-05-03,Mango,160.71,Kg,historical_csv
2018-05-10,Mango,143.57,Kg,historical_csv
2018-05-17,Mango,142.14,Kg,historical_csv
2018-05-24,Mango,126.43,Kg,historical_csv
2018-05-31,Mango,114.29,Kg,historical_csv
2018-06-07,Mango,80.36,Kg,historical_csv
2018-06-14,Mango,57.14,Kg,historical_csv
2018-06-21,Mango,50.0,Kg,historical_csv
2018-06-28,Mango,53.57,Kg,historical_csv
2018-07-05,Mango,53.57,Kg,historical_csv
2018-07-12,Mango,69.29,Kg,historical_csv
2018-07-19,Mango,79.29,Kg,historical_csv
2018-07-26,Mango,85.0,Kg,historical_csv
2018-08-02,Mango,117.86,Kg,historical_csv
2018-08-09,Mango,135.0,Kg,historical_csv
2018-08-16,Mango,135.0,Kg,historical_csv
2019-04-25,Mango,142.5,Kg,historical_csv
2019-05-02,Mango,132.14,Kg,historical_csv
2019-05-09,Mango,117.86,Kg,historical_csv
2019-05-16,Mango,115.0,Kg,historical_csv
2019-05-23,Mango,115.0,Kg,historical_csv
2019-05-30,Mango,115.0,Kg,historical_csv
2019-06-06,Mango,93.57,Kg,historical_csv
2019-06-13,Mango,82.14,Kg,historical_csv
2019-06-20,Mango,84.29,Kg,historical_csv
2019-06-27,Mango,87.86,Kg,historical_csv
2019-07-04,Mango,90.0,Kg,historical_csv
2019-07-11,Mango,90.0,Kg,historical_csv
2019-07-18,Mango,130.0,Kg,historical_csv
2019-07-25,Mango,145.0,Kg,historical_csv
2019-08-01,Mango,135.0,Kg,historical_csv
2019-08-08,Mango,143.93,Kg,historical_csv
2019-08-15,Mango,150.71,Kg,historical_csv
2019-08-22,Mango,171.0,Kg,historical_csv
2020-05-28,Mango,95.0,Kg,historical_csv
2020-06-04,Mango,85.0,Kg,historical_csv
2020-06-11,Mango,72.14,Kg,historical_csv
2020-06-18,Mango,63.57,Kg,historical_csv
2020-06-25,Mango,60.0,Kg,historical_csv
2020-07-02,Mango,60.71,Kg,historical_csv
2020-07-09,Mango,66.43,Kg,historical_csv
2020-07-16,Mango,85.0,Kg,historical_csv
2020-07-23,Mango,121.0,Kg,historical_csv
2020-07-30,Mango,115.0,Kg,historical_csv
2020-08-06,Mango,117.5,Kg,historical_csv
2020-08-13,Mango,131.67,Kg,historical_csv
2020-08-20,Mango,145.0,Kg,historical_csv
2021-04-22,Mango,131.67,Kg,historical_csv
2021-04-29,Mango,108.75,Kg,historical_csv
2021-05-06,Mango,101.43,Kg,historical_csv
2021-05-13,Mango,111.9,Kg,historical_csv
2025-05-15,Mango,143.13,1 Kg,synthetic
2025-07-17,Mango,96.84,1 Kg,synthetic
2025-07-24,Mango,105.04,1 Kg,synthetic
2025-07-31,Mango,127.41,1 Kg,synthetic
2025-10-16,Mango,148.21,1 Kg,synthetic
2025-10-23,Mango,155.71,1 Kg,synthetic
2025-10-30,Mango,153.79,1 Kg,synthetic
2025-11-06,Mango,149.42,1 Kg,synthetic
2025-11-13,Mango,143.23,1 Kg,synthetic
2025-11-20,Mango,137.88,1 Kg,synthetic
2025-11-27,Mango,146.43,1 Kg,synthetic
2025-12-11,Mango,156.85,1 Kg,synthetic
2025-12-18,Mango,151.71,1 Kg,synthetic
2026-01-01,Mango,140.03,1 Kg,synthetic
2026-01-08,Mango,151.39,1 Kg,synthetic
2026-01-15,Mango,153.08,1 Kg,synthetic
2026-01-22,Mango,142.93,1 Kg,synthetic
2026-01-29,Mango,151.23,1 Kg,synthetic
2026-02-12,Mango,150.47,1 Kg,synthetic
2026-02-19,Mango,140.86,1 Kg,synthetic
2026-02-26,Mango,152.86,1 Kg,synthetic
2026-03-05,Mango,154.49,1 Kg,synthetic
2026-03-26,Mango,158.62,1 Kg,synthetic
2026-04-02,Mango,158.31,1 Kg,synthetic
2026-04-09,Mango,138.66,1 Kg,synthetic
2026-04-16,Mango,141.75,1 Kg,synthetic
2026-04-23,Mango,152.47,1 Kg,synthetic
2026-04-30,Mango,150.74,1 Kg,synthetic
2026-05-07,Mango,147.78,1 Kg,synthetic
2026-05-14,Mango,169.78,1 Kg,synthetic
2026-05-21,Mango,136.8,1 Kg,synthetic
2026-06-04,Mango,122.69,1 Kg,synthetic
2026-06-11,Mango,111.33,1 Kg,synthetic
2026-06-18,Mango,100.75,1 Kg,synthetic
2026-07-02,Mango,87.91,1 Kg,synthetic
2026-07-09,Mango,100.68,1 Kg,synthetic
2013-06-20,Mint,125.0,Kg,historical_csv
2013-08-01,Mint,125.0,Kg,historical_csv
2013-08-08,Mint,128.33,Kg,historical_csv
2013-08-15,Mint,125.0,Kg,historical_csv
2013-08-22,Mint,125.0,Kg,historical_csv
2013-08-29,Mint,125.0,Kg,historical_csv
2013-09-05,Mint,131.67,Kg,historical_csv
2013-09-12,Mint,130.0,Kg,historical_csv
2013-09-19,Mint,150.0,Kg,historical_csv
2013-09-26,Mint,150.0,Kg,historical_csv
2013-10-03,Mint,135.0,Kg,historical_csv
2013-10-10,Mint,131.0,Kg,historical_csv
2013-10-17,Mint,135.0,Kg,historical_csv
2013-10-24,Mint,125.0,Kg,historical_csv
2013-10-31,Mint,125.0,Kg,historical_csv
2013-11-07,Mint,125.0,Kg,historical_csv
2013-11-14,Mint,208.33,Kg,historical_csv
2013-11-21,Mint,153.75,Kg,historical_csv
2013-11-28,Mint,133.33,Kg,historical_csv
2013-12-05,Mint,131.67,Kg,historical_csv
2013-12-12,Mint,125.0,Kg,historical_csv
2013-12-19,Mint,133.0,Kg,historical_csv
2013-12-26,Mint,139.0,Kg,historical_csv
2014-01-02,Mint,145.0,Kg,historical_csv
2014-01-09,Mint,133.33,Kg,historical_csv
2014-01-16,Mint,133.0,Kg,historical_csv
2014-01-23,Mint,143.33,Kg,historical_csv
2014-01-30,Mint,139.5,Kg,historical_csv
2014-02-06,Mint,131.0,Kg,historical_csv
2014-02-13,Mint,126.25,Kg,historical_csv
2014-02-20,Mint,141.0,Kg,historical_csv
2014-02-27,Mint,141.0,Kg,historical_csv
2014-03-06,Mint,147.5,Kg,historical_csv
2014-03-13,Mint,173.33,Kg,historical_csv
2014-03-20,Mint,155.0,Kg,historical_csv
2014-03-27,Mint,160.0,Kg,historical_csv
2014-04-03,Mint,186.5,Kg,historical_csv
2014-04-10,Mint,183.0,Kg,historical_csv
2014-04-17,Mint,195.0,Kg,historical_csv
2014-04-24,Mint,197.0,Kg,historical_csv
2014-05-01,Mint,119.0,Kg,historical_csv
2014-05-08,Mint,118.75,Kg,historical_csv
2014-05-15,Mint,145.0,Kg,historical_csv
2014-05-22,Mint,138.33,Kg,historical_csv
2014-05-29,Mint,143.0,Kg,historical_csv
2014-06-05,Mint,158.33,Kg,historical_csv
2014-06-12,Mint,153.33,Kg,historical_csv
2014-06-19,Mint,146.67,Kg,historical_csv
2014-06-26,Mint,145.0,Kg,historical_csv
2014-07-03,Mint,145.0,Kg,historical_csv
2014-07-10,Mint,148.33,Kg,historical_csv
2014-07-17,Mint,95.0,Kg,historical_csv
2014-07-24,Mint,95.0,Kg,historical_csv
2014-07-31,Mint,112.14,Kg,historical_csv
2014-08-07,Mint,136.43,Kg,historical_csv
2014-08-14,Mint,122.14,Kg,historical_csv
2014-08-21,Mint,141.67,Kg,historical_csv
2014-08-28,Mint,145.0,Kg,historical_csv
2014-09-04,Mint,133.33,Kg,historical_csv
2014-09-11,Mint,120.71,Kg,historical_csv
2014-09-18,Mint,120.71,Kg,historical_csv
2014-09-25,Mint,121.67,Kg,historical_csv
2014-10-02,Mint,120.0,Kg,historical_csv
2014-10-09,Mint,125.0,Kg,historical_csv
2014-10-16,Mint,117.0,Kg,historical_csv
2014-10-23,Mint,115.0,Kg,historical_csv
2014-10-30,Mint,115.0,Kg,historical_csv
2014-11-06,Mint,143.33,Kg,historical_csv
2014-11-13,Mint,155.71,Kg,historical_csv
2014-11-20,Mint,192.14,Kg,historical_csv
2014-11-27,Mint,191.43,Kg,historical_csv
2014-12-04,Mint,195.0,Kg,historical_csv
2014-12-11,Mint,197.5,Kg,historical_csv
2014-12-18,Mint,193.57,Kg,historical_csv
2014-12-25,Mint,195.0,Kg,historical_csv
2015-01-01,Mint,195.0,Kg,historical_csv
2015-01-08,Mint,192.86,Kg,historical_csv
2015-01-15,Mint,195.0,Kg,historical_csv
2015-01-22,Mint,195.0,Kg,historical_csv
2015-01-29,Mint,172.08,Kg,historical_csv
2015-02-05,Mint,195.0,Kg,historical_csv
2015-02-12,Mint,195.0,Kg,historical_csv
2015-02-19,Mint,195.0,Kg,historical_csv
2015-02-26,Mint,195.0,Kg,historical_csv
2015-03-05,Mint,195.0,Kg,historical_csv
2015-03-12,Mint,195.0,Kg,historical_csv
2015-03-19,Mint,188.33,Kg,historical_csv
2015-03-26,Mint,163.57,Kg,historical_csv
2015-04-02,Mint,162.86,Kg,historical_csv
2015-04-09,Mint,156.67,Kg,historical_csv
2015-04-16,Mint,105.0,Kg,historical_csv
2015-04-23,Mint,95.0,Kg,historical_csv
2015-04-30,Mint,106.43,Kg,historical_csv
2015-05-07,Mint,100.71,Kg,historical_csv
2015-05-14,Mint,86.67,Kg,historical_csv
2015-05-21,Mint,82.14,Kg,historical_csv
2015-05-28,Mint,75.0,Kg,historical_csv
2015-06-04,Mint,75.0,Kg,historical_csv
2015-06-11,Mint,75.0,Kg,historical_csv
2015-06-18,Mint,82.19,Kg,historical_csv
2015-06-25,Mint,93.18,Kg,historical_csv
2015-07-02,Mint,95.58,Kg,historical_csv
2015-07-09,Mint,93.86,Kg,historical_csv
2015-07-16,Mint,98.08,Kg,historical_csv
2015-07-23,Mint,99.62,Kg,historical_csv
2015-07-30,Mint,95.83,Kg,historical_csv
2015-08-06,Mint,75.36,Kg,historical_csv
2015-08-13,Mint,76.43,Kg,historical_csv
2015-08-20,Mint,75.0,Kg,historical_csv
2015-08-27,Mint,75.0,Kg,historical_csv
2015-09-03,Mint,88.57,Kg,historical_csv
2015-09-10,Mint,85.0,Kg,historical_csv
2015-09-17,Mint,85.0,Kg,historical_csv
2015-09-24,Mint,85.0,Kg,historical_csv
2015-10-01,Mint,93.57,Kg,historical_csv
2015-10-08,Mint,96.43,Kg,historical_csv
2015-10-15,Mint,90.71,Kg,historical_csv
2015-10-22,Mint,96.43,Kg,historical_csv
2015-10-29,Mint,97.14,Kg,historical_csv
2015-11-05,Mint,95.0,Kg,historical_csv
2015-11-12,Mint,95.0,Kg,historical_csv
2015-11-19,Mint,91.67,Kg,historical_csv
2015-11-26,Mint,90.71,Kg,historical_csv
2015-12-03,Mint,95.0,Kg,historical_csv
2015-12-10,Mint,95.0,Kg,historical_csv
2015-12-17,Mint,95.0,Kg,historical_csv
2015-12-24,Mint,95.0,Kg,historical_csv
2015-12-31,Mint,95.0,Kg,historical_csv
2016-01-07,Mint,92.14,Kg,historical_csv
2016-01-14,Mint,85.0,Kg,historical_csv
2016-01-21,Mint,85.0,Kg,historical_csv
2016-01-28,Mint,85.0,Kg,historical_csv
2016-02-04,Mint,82.14,Kg,historical_csv
2016-02-11,Mint,82.14,Kg,historical_csv
2016-02-18,Mint,78.93,Kg,historical_csv
2016-02-25,Mint,79.29,Kg,historical_csv
2016-03-03,Mint,81.67,Kg,historical_csv
2016-03-10,Mint,72.14,Kg,historical_csv
2016-03-17,Mint,67.08,Kg,historical_csv
2016-03-24,Mint,63.21,Kg,historical_csv
2016-03-31,Mint,64.64,Kg,historical_csv
2016-04-07,Mint,68.93,Kg,historical_csv
2016-04-14,Mint,65.71,Kg,historical_csv
2016-04-21,Mint,68.57,Kg,historical_csv
2016-04-28,Mint,69.64,Kg,historical_csv
2016-05-05,Mint,76.07,Kg,historical_csv
2016-05-12,Mint,76.07,Kg,historical_csv
2016-05-19,Mint,73.93,Kg,historical_csv
2016-05-26,Mint,72.5,Kg,historical_csv
2016-06-02,Mint,72.5,Kg,historical_csv
2016-06-09,Mint,66.07,Kg,historical_csv
2016-06-16,Mint,62.5,Kg,historical_csv
2016-06-23,Mint,61.07,Kg,historical_csv
2016-06-30,Mint,62.5,Kg,historical_csv
2016-07-07,Mint,63.57,Kg,historical_csv
2016-07-14,Mint,62.5,Kg,historical_csv
2016-07-21,Mint,62.5,Kg,historical_csv
2016-07-28,Mint,62.5,Kg,historical_csv
2016-08-04,Mint,62.5,Kg,historical_csv
2016-08-11,Mint,92.5,Kg,historical_csv
2016-08-18,Mint,92.5,Kg,historical_csv
2016-08-25,Mint,92.5,Kg,historical_csv
2016-09-01,Mint,89.64,Kg,historical_csv
2016-09-08,Mint,82.5,Kg,historical_csv
2016-09-15,Mint,82.5,Kg,historical_csv
2016-09-22,Mint,82.5,Kg,historical_csv
2016-09-29,Mint,82.5,Kg,historical_csv
2016-10-06,Mint,82.5,Kg,historical_csv
2016-10-13,Mint,82.5,Kg,historical_csv
2016-10-20,Mint,82.5,Kg,historical_csv
2016-10-27,Mint,82.5,Kg,historical_csv
2016-11-03,Mint,82.5,Kg,historical_csv
2016-11-10,Mint,74.64,Kg,historical_csv
2016-11-17,Mint,62.5,Kg,historical_csv
2016-11-24,Mint,62.5,Kg,historical_csv
2016-12-01,Mint,62.5,Kg,historical_csv
2016-12-08,Mint,62.5,Kg,historical_csv
2016-12-15,Mint,76.43,Kg,historical_csv
2016-12-22,Mint,95.0,Kg,historical_csv
2016-12-29,Mint,88.57,Kg,historical_csv
2017-01-05,Mint,95.0,Kg,historical_csv
2017-01-12,Mint,95.0,Kg,historical_csv
2017-01-19,Mint,96.43,Kg,historical_csv
2017-01-26,Mint,96.43,Kg,historical_csv
2017-02-02,Mint,95.0,Kg,historical_csv
2017-02-09,Mint,95.0,Kg,historical_csv
2017-02-16,Mint,95.0,Kg,historical_csv
2017-02-23,Mint,95.0,Kg,historical_csv
2017-03-02,Mint,95.0,Kg,historical_csv
2017-03-09,Mint,95.0,Kg,historical_csv
2017-03-16,Mint,95.0,Kg,historical_csv
2017-03-23,Mint,96.43,Kg,historical_csv
2017-03-30,Mint,95.0,Kg,historical_csv
2017-04-06,Mint,95.0,Kg,historical_csv
2017-04-13,Mint,95.0,Kg,historical_csv
2017-04-20,Mint,95.0,Kg,historical_csv
2017-04-27,Mint,95.0,Kg,historical_csv
2017-05-04,Mint,95.0,Kg,historical_csv
2017-05-11,Mint,95.0,Kg,historical_csv
2017-05-18,Mint,95.0,Kg,historical_csv
2017-05-25,Mint,95.0,Kg,historical_csv
2017-06-01,Mint,95.0,Kg,historical_csv
2017-06-08,Mint,95.0,Kg,historical_csv
2017-06-15,Mint,95.0,Kg,historical_csv
2017-06-22,Mint,95.0,Kg,historical_csv
2017-06-29,Mint,97.86,Kg,historical_csv
2017-07-06,Mint,105.0,Kg,historical_csv
2017-07-13,Mint,105.0,Kg,historical_csv
2017-07-20,Mint,105.0,Kg,historical_csv
2017-07-27,Mint,105.0,Kg,historical_csv
2017-08-03,Mint,105.0,Kg,historical_csv
2017-08-10,Mint,105.0,Kg,historical_csv
2017-08-17,Mint,105.0,Kg,historical_csv
2017-08-24,Mint,105.0,Kg,historical_csv
2017-08-31,Mint,105.0,Kg,historical_csv
2017-09-07,Mint,105.0,Kg,historical_csv
2017-09-14,Mint,105.0,Kg,historical_csv
2017-09-21,Mint,105.0,Kg,historical_csv
2017-09-28,Mint,105.0,Kg,historical_csv
2017-10-05,Mint,105.0,Kg,historical_csv
2017-10-12,Mint,105.0,Kg,historical_csv
2017-10-19,Mint,105.0,Kg,historical_csv
2017-10-26,Mint,105.0,Kg,historical_csv
2017-11-02,Mint,105.0,Kg,historical_csv
2017-11-09,Mint,105.0,Kg,historical_csv
2017-11-16,Mint,105.0,Kg,historical_csv
2017-11-23,Mint,100.71,Kg,historical_csv
2017-11-30,Mint,105.0,Kg,historical_csv
2017-12-28,Mint,125.0,Kg,historical_csv
2018-01-04,Mint,125.0,Kg,historical_csv
2018-01-11,Mint,125.0,Kg,historical_csv
2018-01-18,Mint,125.0,Kg,historical_csv
2018-01-25,Mint,125.0,Kg,historical_csv
2018-02-01,Mint,125.0,Kg,historical_csv
2018-02-08,Mint,125.0,Kg,historical_csv
2018-02-15,Mint,125.0,Kg,historical_csv
2018-02-22,Mint,125.0,Kg,historical_csv
2018-03-01,Mint,125.0,Kg,historical_csv
2018-03-08,Mint,105.0,Kg,historical_csv
2018-03-15,Mint,106.43,Kg,historical_csv
2018-03-22,Mint,105.0,Kg,historical_csv
2018-03-29,Mint,105.0,Kg,historical_csv
2018-04-05,Mint,117.86,Kg,historical_csv
2018-04-12,Mint,155.0,Kg,historical_csv
2018-04-19,Mint,155.0,Kg,historical_csv
2018-04-26,Mint,145.0,Kg,historical_csv
2018-05-03,Mint,145.0,Kg,historical_csv
2018-05-10,Mint,145.0,Kg,historical_csv
2018-05-17,Mint,145.0,Kg,historical_csv
2018-05-24,Mint,136.79,Kg,historical_csv
2018-05-31,Mint,75.36,Kg,historical_csv
2018-06-07,Mint,71.79,Kg,historical_csv
2018-06-14,Mint,69.64,Kg,historical_csv
2018-06-21,Mint,75.0,Kg,historical_csv
2018-06-28,Mint,75.0,Kg,historical_csv
2018-07-05,Mint,75.0,Kg,historical_csv
2018-07-12,Mint,75.0,Kg,historical_csv
2018-07-19,Mint,75.0,Kg,historical_csv
2018-07-26,Mint,103.57,Kg,historical_csv
2018-08-02,Mint,120.71,Kg,historical_csv
2018-08-09,Mint,145.0,Kg,historical_csv
2018-08-16,Mint,145.0,Kg,historical_csv
2018-08-23,Mint,175.0,Kg,historical_csv
2018-08-30,Mint,223.57,Kg,historical_csv
2018-09-06,Mint,175.0,Kg,historical_csv
2018-09-13,Mint,175.0,Kg,historical_csv
2018-09-20,Mint,175.0,Kg,historical_csv
2018-09-27,Mint,175.0,Kg,historical_csv
2018-10-04,Mint,175.0,Kg,historical_csv
2018-10-11,Mint,177.14,Kg,historical_csv
2018-10-18,Mint,175.0,Kg,historical_csv
2018-10-25,Mint,177.14,Kg,historical_csv
2018-11-01,Mint,166.43,Kg,historical_csv
2018-11-08,Mint,182.14,Kg,historical_csv
2018-11-15,Mint,190.0,Kg,historical_csv
2018-11-22,Mint,190.0,Kg,historical_csv
2018-11-29,Mint,190.0,Kg,historical_csv
2018-12-06,Mint,190.0,Kg,historical_csv
2018-12-13,Mint,190.0,Kg,historical_csv
2018-12-20,Mint,190.0,Kg,historical_csv
2018-12-27,Mint,227.14,Kg,historical_csv
2019-01-03,Mint,249.29,Kg,historical_csv
2019-01-10,Mint,247.86,Kg,historical_csv
2019-01-17,Mint,265.0,Kg,historical_csv
2019-01-24,Mint,262.14,Kg,historical_csv
2019-01-31,Mint,259.29,Kg,historical_csv
2019-02-07,Mint,255.0,Kg,historical_csv
2019-02-14,Mint,255.0,Kg,historical_csv
2019-02-21,Mint,219.29,Kg,historical_csv
2019-02-28,Mint,225.0,Kg,historical_csv
2019-03-07,Mint,225.0,Kg,historical_csv
2019-03-14,Mint,216.43,Kg,historical_csv
2019-03-21,Mint,205.0,Kg,historical_csv
2019-03-28,Mint,205.0,Kg,historical_csv
2019-04-04,Mint,205.0,Kg,historical_csv
2019-04-11,Mint,205.0,Kg,historical_csv
2019-04-18,Mint,209.29,Kg,historical_csv
2019-04-25,Mint,215.0,Kg,historical_csv
2019-05-02,Mint,215.0,Kg,historical_csv
2019-05-09,Mint,172.14,Kg,historical_csv
2019-05-16,Mint,116.43,Kg,historical_csv
2019-05-23,Mint,133.57,Kg,historical_csv
2019-05-30,Mint,113.57,Kg,historical_csv
2019-06-06,Mint,115.0,Kg,historical_csv
2019-06-13,Mint,115.0,Kg,historical_csv
2019-06-20,Mint,119.29,Kg,historical_csv
2019-06-27,Mint,115.0,Kg,historical_csv
2019-07-04,Mint,122.14,Kg,historical_csv
2019-07-11,Mint,123.57,Kg,historical_csv
2019-07-18,Mint,135.0,Kg,historical_csv
2019-07-25,Mint,118.33,Kg,historical_csv
2019-08-01,Mint,117.86,Kg,historical_csv
2019-08-08,Mint,115.0,Kg,historical_csv
2019-08-15,Mint,115.0,Kg,historical_csv
2019-08-22,Mint,115.0,Kg,historical_csv
2019-08-29,Mint,195.0,Kg,historical_csv
2019-09-05,Mint,255.0,Kg,historical_csv
2019-09-12,Mint,255.0,Kg,historical_csv
2019-09-19,Mint,255.0,Kg,historical_csv
2019-09-26,Mint,255.0,Kg,historical_csv
2019-10-03,Mint,255.0,Kg,historical_csv
2019-10-10,Mint,246.43,Kg,historical_csv
2019-10-17,Mint,245.0,Kg,historical_csv
2019-10-24,Mint,245.0,Kg,historical_csv
2019-10-31,Mint,245.0,Kg,historical_csv
2019-11-07,Mint,247.86,Kg,historical_csv
2019-11-14,Mint,245.0,Kg,historical_csv
2019-11-21,Mint,245.0,Kg,historical_csv
2019-11-28,Mint,245.0,Kg,historical_csv
2019-12-05,Mint,245.0,Kg,historical_csv
2019-12-12,Mint,245.0,Kg,historical_csv
2019-12-19,Mint,266.43,Kg,historical_csv
2019-12-26,Mint,275.0,Kg,historical_csv
2020-01-02,Mint,275.0,Kg,historical_csv
2020-01-09,Mint,275.0,Kg,historical_csv
2020-01-16,Mint,275.0,Kg,historical_csv
2020-01-23,Mint,276.43,Kg,historical_csv
2020-01-30,Mint,276.43,Kg,historical_csv
2020-02-06,Mint,276.43,Kg,historical_csv
2020-02-13,Mint,275.0,Kg,historical_csv
2020-02-20,Mint,275.0,Kg,historical_csv
2020-02-27,Mint,275.0,Kg,historical_csv
2020-03-05,Mint,281.67,Kg,historical_csv
2020-03-12,Mint,275.0,Kg,historical_csv
2020-03-19,Mint,275.0,Kg,historical_csv
2020-03-26,Mint,275.0,Kg,historical_csv
2020-04-02,Mint,205.0,Kg,historical_csv
2020-04-09,Mint,205.0,Kg,historical_csv
2020-05-21,Mint,65.0,Kg,historical_csv
2020-05-28,Mint,61.79,Kg,historical_csv
2020-06-04,Mint,69.0,Kg,historical_csv
2020-06-11,Mint,78.33,Kg,historical_csv
2020-06-18,Mint,85.0,Kg,historical_csv
2020-06-25,Mint,85.0,Kg,historical_csv
2020-07-02,Mint,85.0,Kg,historical_csv
2020-07-09,Mint,85.0,Kg,historical_csv
2020-07-16,Mint,85.0,Kg,historical_csv
2020-07-23,Mint,85.0,Kg,historical_csv
2020-07-30,Mint,85.0,Kg,historical_csv
2020-08-06,Mint,105.0,Kg,historical_csv
2020-08-13,Mint,120.0,Kg,historical_csv
2020-08-20,Mint,130.71,Kg,historical_csv
2020-08-27,Mint,145.0,Kg,historical_csv
2020-09-03,Mint,145.0,Kg,historical_csv
2020-09-10,Mint,145.0,Kg,historical_csv
2020-09-17,Mint,145.0,Kg,historical_csv
2020-09-24,Mint,143.57,Kg,historical_csv
2020-10-01,Mint,145.0,Kg,historical_csv
2020-10-08,Mint,145.0,Kg,historical_csv
2020-10-15,Mint,145.0,Kg,historical_csv
2020-10-22,Mint,150.0,Kg,historical_csv
2020-10-29,Mint,145.0,Kg,historical_csv
2020-11-05,Mint,185.0,Kg,historical_csv
2020-11-12,Mint,224.17,Kg,historical_csv
2020-11-19,Mint,235.0,Kg,historical_csv
2020-11-26,Mint,274.29,Kg,historical_csv
2020-12-03,Mint,276.43,Kg,historical_csv
2020-12-10,Mint,272.14,Kg,historical_csv
2020-12-17,Mint,275.0,Kg,historical_csv
2020-12-24,Mint,275.0,Kg,historical_csv
2020-12-31,Mint,256.43,Kg,historical_csv
2021-01-07,Mint,235.0,Kg,historical_csv
2021-01-14,Mint,235.0,Kg,historical_csv
2021-01-21,Mint,235.0,Kg,historical_csv
2021-01-28,Mint,235.0,Kg,historical_csv
2021-02-04,Mint,235.0,Kg,historical_csv
2021-02-11,Mint,235.0,Kg,historical_csv
2021-02-18,Mint,235.0,Kg,historical_csv
2021-02-25,Mint,212.14,Kg,historical_csv
2021-03-04,Mint,214.17,Kg,historical_csv
2021-03-11,Mint,197.86,Kg,historical_csv
2021-03-18,Mint,176.43,Kg,historical_csv
2021-03-25,Mint,127.86,Kg,historical_csv
2021-04-01,Mint,145.0,Kg,historical_csv
2021-04-22,Mint,125.0,Kg,historical_csv
2021-04-29,Mint,111.43,Kg,historical_csv
2021-05-06,Mint,111.67,Kg,historical_csv
2021-05-13,Mint,105.0,Kg,historical_csv
2025-04-03,Mint,135.0,Kg,historical_csv
2025-04-10,Mint,137.14,Kg,historical_csv
2025-04-17,Mint,151.67,Kg,historical_csv
2026-04-02,Mint,133.75,Kg,historical_csv
2013-06-20,Mushroom,172.5,Kg,historical_csv
2013-08-01,Mushroom,171.67,Kg,historical_csv
2013-08-08,Mushroom,213.33,Kg,historical_csv
2013-08-15,Mushroom,186.25,Kg,historical_csv
2013-08-22,Mushroom,198.75,Kg,historical_csv
2013-08-29,Mushroom,173.8,Kg,historical_csv
2013-09-05,Mushroom,205.0,Kg,historical_csv
2013-09-12,Mushroom,191.25,Kg,historical_csv
2013-09-19,Mushroom,165.0,Kg,historical_csv
2013-09-26,Mushroom,155.83,Kg,historical_csv
2013-10-03,Mushroom,155.0,Kg,historical_csv
2013-10-10,Mushroom,155.0,Kg,historical_csv
2013-10-17,Mushroom,165.0,Kg,historical_csv
2013-10-24,Mushroom,139.0,Kg,historical_csv
2013-10-31,Mushroom,135.83,Kg,historical_csv
2013-11-07,Mushroom,156.67,Kg,historical_csv
2013-11-14,Mushroom,133.0,Kg,historical_csv
2013-11-21,Mushroom,180.42,Kg,historical_csv
2013-11-28,Mushroom,157.5,Kg,historical_csv
2013-12-05,Mushroom,134.17,Kg,historical_csv
2013-12-12,Mushroom,158.33,Kg,historical_csv
2013-12-19,Mushroom,170.0,Kg,historical_csv
2013-12-26,Mushroom,180.0,Kg,historical_csv
2014-01-02,Mushroom,170.0,Kg,historical_csv
2014-01-09,Mushroom,150.0,Kg,historical_csv
2014-01-16,Mushroom,140.0,Kg,historical_csv
2014-01-23,Mushroom,111.67,Kg,historical_csv
2014-01-30,Mushroom,111.0,Kg,historical_csv
2014-02-06,Mushroom,103.5,Kg,historical_csv
2014-02-13,Mushroom,100.0,Kg,historical_csv
2014-02-20,Mushroom,105.0,Kg,historical_csv
2014-02-27,Mushroom,95.0,Kg,historical_csv
2014-03-06,Mushroom,82.5,Kg,historical_csv
2014-03-13,Mushroom,91.67,Kg,historical_csv
2014-03-20,Mushroom,86.5,Kg,historical_csv
2014-03-27,Mushroom,98.33,Kg,historical_csv
2014-04-03,Mushroom,117.5,Kg,historical_csv
2014-04-10,Mushroom,110.5,Kg,historical_csv
2014-04-17,Mushroom,146.0,Kg,historical_csv
2014-04-24,Mushroom,138.0,Kg,historical_csv
2014-05-01,Mushroom,131.0,Kg,historical_csv
2014-05-08,Mushroom,135.0,Kg,historical_csv
2014-05-15,Mushroom,160.0,Kg,historical_csv
2014-05-22,Mushroom,160.0,Kg,historical_csv
2014-05-29,Mushroom,168.0,Kg,historical_csv
2014-06-05,Mushroom,158.33,Kg,historical_csv
2014-06-12,Mushroom,161.67,Kg,historical_csv
2014-06-19,Mushroom,191.67,Kg,historical_csv
2014-06-26,Mushroom,191.0,Kg,historical_csv
2014-07-03,Mushroom,192.08,Kg,historical_csv
2014-07-10,Mushroom,166.43,Kg,historical_csv
2014-07-17,Mushroom,152.86,Kg,historical_csv
2014-07-24,Mushroom,161.43,Kg,historical_csv
2014-07-31,Mushroom,162.86,Kg,historical_csv
2014-08-07,Mushroom,162.14,Kg,historical_csv
2014-08-14,Mushroom,165.71,Kg,historical_csv
2014-08-21,Mushroom,170.71,Kg,historical_csv
2014-08-28,Mushroom,194.29,Kg,historical_csv
2014-09-04,Mushroom,164.17,Kg,historical_csv
2014-09-11,Mushroom,169.29,Kg,historical_csv
2014-09-18,Mushroom,172.86,Kg,historical_csv
2014-09-25,Mushroom,171.67,Kg,historical_csv
2014-10-02,Mushroom,166.25,Kg,historical_csv
2014-10-09,Mushroom,125.0,Kg,historical_csv
2014-10-16,Mushroom,130.0,Kg,historical_csv
2014-10-23,Mushroom,133.33,Kg,historical_csv
2014-10-30,Mushroom,149.64,Kg,historical_csv
2014-11-06,Mushroom,130.71,Kg,historical_csv
2014-11-13,Mushroom,151.43,Kg,historical_csv
2014-11-20,Mushroom,137.14,Kg,historical_csv
2014-11-27,Mushroom,138.57,Kg,historical_csv
2014-12-04,Mushroom,160.0,Kg,historical_csv
2014-12-11,Mushroom,152.14,Kg,historical_csv
2014-12-18,Mushroom,148.57,Kg,historical_csv
2014-12-25,Mushroom,156.67,Kg,historical_csv
2015-01-01,Mushroom,144.29,Kg,historical_csv
2015-01-08,Mushroom,111.43,Kg,historical_csv
2015-01-15,Mushroom,109.17,Kg,historical_csv
2015-01-22,Mushroom,95.0,Kg,historical_csv
2015-01-29,Mushroom,95.83,Kg,historical_csv
2015-02-05,Mushroom,107.5,Kg,historical_csv
2015-02-12,Mushroom,89.64,Kg,historical_csv
2015-02-19,Mushroom,86.67,Kg,historical_csv
2015-02-26,Mushroom,81.67,Kg,historical_csv
2015-03-05,Mushroom,115.0,Kg,historical_csv
2015-03-12,Mushroom,104.0,Kg,historical_csv
2015-03-19,Mushroom,101.43,Kg,historical_csv
2015-03-26,Mushroom,112.5,Kg,historical_csv
2015-04-02,Mushroom,111.07,Kg,historical_csv
2015-04-09,Mushroom,146.67,Kg,historical_csv
2015-04-16,Mushroom,138.33,Kg,historical_csv
2015-04-23,Mushroom,127.92,Kg,historical_csv
2015-04-30,Mushroom,130.0,Kg,historical_csv
2015-05-07,Mushroom,109.29,Kg,historical_csv
2015-05-14,Mushroom,100.42,Kg,historical_csv
2015-05-21,Mushroom,118.21,Kg,historical_csv
2015-05-28,Mushroom,133.57,Kg,historical_csv
2015-06-04,Mushroom,137.14,Kg,historical_csv
2015-06-11,Mushroom,163.21,Kg,historical_csv
2015-06-18,Mushroom,165.0,Kg,historical_csv
2015-06-25,Mushroom,168.18,Kg,historical_csv
2015-07-02,Mushroom,165.0,Kg,historical_csv
2015-07-09,Mushroom,168.64,Kg,historical_csv
2015-07-16,Mushroom,184.62,Kg,historical_csv
2015-07-23,Mushroom,179.23,Kg,historical_csv
2015-07-30,Mushroom,171.67,Kg,historical_csv
2015-08-06,Mushroom,167.86,Kg,historical_csv
2015-08-13,Mushroom,164.29,Kg,historical_csv
2015-08-20,Mushroom,150.71,Kg,historical_csv
2015-08-27,Mushroom,166.43,Kg,historical_csv
2015-09-03,Mushroom,171.43,Kg,historical_csv
2015-09-10,Mushroom,169.29,Kg,historical_csv
2015-09-17,Mushroom,172.14,Kg,historical_csv
2015-09-24,Mushroom,153.57,Kg,historical_csv
2015-10-01,Mushroom,165.0,Kg,historical_csv
2015-10-08,Mushroom,173.57,Kg,historical_csv
2015-10-15,Mushroom,178.57,Kg,historical_csv
2015-10-22,Mushroom,200.71,Kg,historical_csv
2015-10-29,Mushroom,171.43,Kg,historical_csv
2015-11-05,Mushroom,152.14,Kg,historical_csv
2015-11-12,Mushroom,175.0,Kg,historical_csv
2015-11-19,Mushroom,173.57,Kg,historical_csv
2015-11-26,Mushroom,187.86,Kg,historical_csv
2015-12-03,Mushroom,229.29,Kg,historical_csv
2015-12-10,Mushroom,257.86,Kg,historical_csv
2015-12-17,Mushroom,247.86,Kg,historical_csv
2015-12-24,Mushroom,245.0,Kg,historical_csv
2015-12-31,Mushroom,250.0,Kg,historical_csv
2016-01-07,Mushroom,202.14,Kg,historical_csv
2016-01-14,Mushroom,146.43,Kg,historical_csv
2016-01-21,Mushroom,163.57,Kg,historical_csv
2016-01-28,Mushroom,175.0,Kg,historical_csv
2016-02-04,Mushroom,172.08,Kg,historical_csv
2016-02-11,Mushroom,120.71,Kg,historical_csv
2016-02-18,Mushroom,96.43,Kg,historical_csv
2016-02-25,Mushroom,97.86,Kg,historical_csv
2016-03-03,Mushroom,102.5,Kg,historical_csv
2016-03-10,Mushroom,106.43,Kg,historical_csv
2016-03-17,Mushroom,103.33,Kg,historical_csv
2016-03-24,Mushroom,105.0,Kg,historical_csv
2016-03-31,Mushroom,103.57,Kg,historical_csv
2016-04-07,Mushroom,106.43,Kg,historical_csv
2016-04-14,Mushroom,169.29,Kg,historical_csv
2016-04-21,Mushroom,140.71,Kg,historical_csv
2016-04-28,Mushroom,155.0,Kg,historical_csv
2016-05-05,Mushroom,141.43,Kg,historical_csv
2016-05-12,Mushroom,140.71,Kg,historical_csv
2016-05-19,Mushroom,133.57,Kg,historical_csv
2016-05-26,Mushroom,149.29,Kg,historical_csv
2016-06-02,Mushroom,167.86,Kg,historical_csv
2016-06-09,Mushroom,155.0,Kg,historical_csv
2016-06-16,Mushroom,120.0,Kg,historical_csv
2016-06-23,Mushroom,110.71,Kg,historical_csv
2016-06-30,Mushroom,127.86,Kg,historical_csv
2016-07-07,Mushroom,135.0,Kg,historical_csv
2016-07-14,Mushroom,150.71,Kg,historical_csv
2016-07-21,Mushroom,148.57,Kg,historical_csv
2016-07-28,Mushroom,157.14,Kg,historical_csv
2016-08-04,Mushroom,155.0,Kg,historical_csv
2016-08-11,Mushroom,155.0,Kg,historical_csv
2016-08-18,Mushroom,166.43,Kg,historical_csv
2016-08-25,Mushroom,165.0,Kg,historical_csv
2016-09-01,Mushroom,175.0,Kg,historical_csv
2016-09-08,Mushroom,176.43,Kg,historical_csv
2016-09-15,Mushroom,155.0,Kg,historical_csv
2016-09-22,Mushroom,175.0,Kg,historical_csv
2016-09-29,Mushroom,175.0,Kg,historical_csv
2016-10-06,Mushroom,156.43,Kg,historical_csv
2016-10-13,Mushroom,155.0,Kg,historical_csv
2016-10-20,Mushroom,155.0,Kg,historical_csv
2016-10-27,Mushroom,139.29,Kg,historical_csv
2016-11-03,Mushroom,118.57,Kg,historical_csv
2016-11-10,Mushroom,107.86,Kg,historical_csv
2016-11-17,Mushroom,106.43,Kg,historical_csv
2016-11-24,Mushroom,111.43,Kg,historical_csv
2016-12-01,Mushroom,115.0,Kg,historical_csv
2016-12-08,Mushroom,145.0,Kg,historical_csv
2016-12-15,Mushroom,179.29,Kg,historical_csv
2016-12-22,Mushroom,142.14,Kg,historical_csv
2016-12-29,Mushroom,125.0,Kg,historical_csv
2017-01-05,Mushroom,125.0,Kg,historical_csv
2017-01-12,Mushroom,129.29,Kg,historical_csv
2017-01-19,Mushroom,129.29,Kg,historical_csv
2017-01-26,Mushroom,117.86,Kg,historical_csv
2017-02-02,Mushroom,86.43,Kg,historical_csv
2017-02-09,Mushroom,77.86,Kg,historical_csv
2017-02-16,Mushroom,97.86,Kg,historical_csv
2017-02-23,Mushroom,80.71,Kg,historical_csv
2017-03-02,Mushroom,105.0,Kg,historical_csv
2017-03-09,Mushroom,118.75,Kg,historical_csv
2017-03-16,Mushroom,120.0,Kg,historical_csv
2017-03-23,Mushroom,120.71,Kg,historical_csv
2017-03-30,Mushroom,97.86,Kg,historical_csv
2017-04-06,Mushroom,125.0,Kg,historical_csv
2017-04-13,Mushroom,165.0,Kg,historical_csv
2017-04-20,Mushroom,160.71,Kg,historical_csv
2017-04-27,Mushroom,126.43,Kg,historical_csv
2017-05-04,Mushroom,179.29,Kg,historical_csv
2017-05-11,Mushroom,148.57,Kg,historical_csv
2017-05-18,Mushroom,118.33,Kg,historical_csv
2017-05-25,Mushroom,157.86,Kg,historical_csv
2017-06-01,Mushroom,156.43,Kg,historical_csv
2017-06-08,Mushroom,155.0,Kg,historical_csv
2017-06-15,Mushroom,124.29,Kg,historical_csv
2017-06-22,Mushroom,172.14,Kg,historical_csv
2017-06-29,Mushroom,188.57,Kg,historical_csv
2017-07-06,Mushroom,185.0,Kg,historical_csv
2017-07-13,Mushroom,173.57,Kg,historical_csv
2017-07-20,Mushroom,183.57,Kg,historical_csv
2017-07-27,Mushroom,172.14,Kg,historical_csv
2017-08-03,Mushroom,171.43,Kg,historical_csv
2017-08-10,Mushroom,178.57,Kg,historical_csv
2017-08-17,Mushroom,181.43,Kg,historical_csv
2017-08-24,Mushroom,195.0,Kg,historical_csv
2017-08-31,Mushroom,165.0,Kg,historical_csv
2017-09-07,Mushroom,165.0,Kg,historical_csv
2017-09-14,Mushroom,165.0,Kg,historical_csv
2017-09-21,Mushroom,161.67,Kg,historical_csv
2017-09-28,Mushroom,146.43,Kg,historical_csv
2017-10-05,Mushroom,162.86,Kg,historical_csv
2017-10-12,Mushroom,106.79,Kg,historical_csv
2017-10-19,Mushroom,122.86,Kg,historical_csv
2017-10-26,Mushroom,165.0,Kg,historical_csv
2017-11-02,Mushroom,169.29,Kg,historical_csv
2017-11-09,Mushroom,159.29,Kg,historical_csv
2017-11-16,Mushroom,157.86,Kg,historical_csv
2017-11-23,Mushroom,155.0,Kg,historical_csv
2017-11-30,Mushroom,190.0,Kg,historical_csv
2017-12-07,Mushroom,171.67,Kg,historical_csv
2017-12-14,Mushroom,135.0,Kg,historical_csv
2017-12-21,Mushroom,127.5,Kg,historical_csv
2017-12-28,Mushroom,95.0,Kg,historical_csv
2018-01-04,Mushroom,110.71,Kg,historical_csv
2018-01-11,Mushroom,132.14,Kg,historical_csv
2018-01-18,Mushroom,148.33,Kg,historical_csv
2018-01-25,Mushroom,125.0,Kg,historical_csv
2018-02-01,Mushroom,127.86,Kg,historical_csv
2018-02-08,Mushroom,129.29,Kg,historical_csv
2018-02-15,Mushroom,128.21,Kg,historical_csv
2018-02-22,Mushroom,116.07,Kg,historical_csv
2018-03-01,Mushroom,97.86,Kg,historical_csv
2018-03-08,Mushroom,104.58,Kg,historical_csv
2018-03-15,Mushroom,142.5,Kg,historical_csv
2018-03-22,Mushroom,170.71,Kg,historical_csv
2018-03-29,Mushroom,149.29,Kg,historical_csv
2018-04-05,Mushroom,160.71,Kg,historical_csv
2018-04-12,Mushroom,193.57,Kg,historical_csv
2018-04-19,Mushroom,210.71,Kg,historical_csv
2018-04-26,Mushroom,180.71,Kg,historical_csv
2018-05-03,Mushroom,230.71,Kg,historical_csv
2018-05-10,Mushroom,179.29,Kg,historical_csv
2018-05-17,Mushroom,199.29,Kg,historical_csv
2018-05-24,Mushroom,165.71,Kg,historical_csv
2018-05-31,Mushroom,196.43,Kg,historical_csv
2018-06-07,Mushroom,206.43,Kg,historical_csv
2018-06-14,Mushroom,175.0,Kg,historical_csv
2018-06-21,Mushroom,192.14,Kg,historical_csv
2018-06-28,Mushroom,217.86,Kg,historical_csv
2018-07-05,Mushroom,157.86,Kg,historical_csv
2018-07-12,Mushroom,155.0,Kg,historical_csv
2018-07-19,Mushroom,167.14,Kg,historical_csv
2018-07-26,Mushroom,179.29,Kg,historical_csv
2018-08-02,Mushroom,170.71,Kg,historical_csv
2018-08-09,Mushroom,175.0,Kg,historical_csv
2018-08-16,Mushroom,228.57,Kg,historical_csv
2018-08-23,Mushroom,188.33,Kg,historical_csv
2018-08-30,Mushroom,216.43,Kg,historical_csv
2018-09-06,Mushroom,217.86,Kg,historical_csv
2018-09-13,Mushroom,237.14,Kg,historical_csv
2018-09-20,Mushroom,176.43,Kg,historical_csv
2018-09-27,Mushroom,160.71,Kg,historical_csv
2018-10-04,Mushroom,160.71,Kg,historical_csv
2018-10-11,Mushroom,179.29,Kg,historical_csv
2018-10-18,Mushroom,172.14,Kg,historical_csv
2018-10-25,Mushroom,98.33,Kg,historical_csv
2018-11-01,Mushroom,96.43,Kg,historical_csv
2018-11-08,Mushroom,92.14,Kg,historical_csv
2018-11-15,Mushroom,79.29,Kg,historical_csv
2018-11-22,Mushroom,106.43,Kg,historical_csv
2018-11-29,Mushroom,122.14,Kg,historical_csv
2018-12-06,Mushroom,115.0,Kg,historical_csv
2018-12-13,Mushroom,186.43,Kg,historical_csv
2018-12-20,Mushroom,218.57,Kg,historical_csv
2018-12-27,Mushroom,157.14,Kg,historical_csv
2019-01-03,Mushroom,166.43,Kg,historical_csv
2019-01-10,Mushroom,175.0,Kg,historical_csv
2019-01-17,Mushroom,136.43,Kg,historical_csv
2019-01-24,Mushroom,109.29,Kg,historical_csv
2019-01-31,Mushroom,102.14,Kg,historical_csv
2019-02-07,Mushroom,127.86,Kg,historical_csv
2019-02-14,Mushroom,79.29,Kg,historical_csv
2019-02-21,Mushroom,80.71,Kg,historical_csv
2019-02-28,Mushroom,87.86,Kg,historical_csv
2019-03-07,Mushroom,118.33,Kg,historical_csv
2019-03-14,Mushroom,103.57,Kg,historical_csv
2019-03-21,Mushroom,80.71,Kg,historical_csv
2019-03-28,Mushroom,94.29,Kg,historical_csv
2019-04-04,Mushroom,93.57,Kg,historical_csv
2019-04-11,Mushroom,117.86,Kg,historical_csv
2019-04-18,Mushroom,126.43,Kg,historical_csv
2019-04-25,Mushroom,210.0,Kg,historical_csv
2019-05-02,Mushroom,163.57,Kg,historical_csv
2019-05-09,Mushroom,232.86,Kg,historical_csv
2019-05-16,Mushroom,230.71,Kg,historical_csv
2019-05-23,Mushroom,136.43,Kg,historical_csv
2019-05-30,Mushroom,143.57,Kg,historical_csv
2019-06-06,Mushroom,245.0,Kg,historical_csv
2019-06-13,Mushroom,225.71,Kg,historical_csv
2019-06-20,Mushroom,311.79,Kg,historical_csv
2019-06-27,Mushroom,310.71,Kg,historical_csv
2019-07-04,Mushroom,303.21,Kg,historical_csv
2019-07-11,Mushroom,300.0,Kg,historical_csv
2019-07-18,Mushroom,308.93,Kg,historical_csv
2019-07-25,Mushroom,303.57,Kg,historical_csv
2019-08-01,Mushroom,311.79,Kg,historical_csv
2019-08-08,Mushroom,312.86,Kg,historical_csv
2019-08-15,Mushroom,307.5,Kg,historical_csv
2019-08-22,Mushroom,284.0,Kg,historical_csv
2019-08-29,Mushroom,356.43,Kg,historical_csv
2019-09-05,Mushroom,327.5,Kg,historical_csv
2019-09-12,Mushroom,322.5,Kg,historical_csv
2019-09-19,Mushroom,324.64,Kg,historical_csv
2019-09-26,Mushroom,322.14,Kg,historical_csv
2019-10-03,Mushroom,320.71,Kg,historical_csv
2019-10-10,Mushroom,405.36,Kg,historical_csv
2019-10-17,Mushroom,342.14,Kg,historical_csv
2019-10-24,Mushroom,292.32,Kg,historical_csv
2019-10-31,Mushroom,325.71,Kg,historical_csv
2019-11-07,Mushroom,305.71,Kg,historical_csv
2019-11-14,Mushroom,291.43,Kg,historical_csv
2019-11-21,Mushroom,284.29,Kg,historical_csv
2019-11-28,Mushroom,273.57,Kg,historical_csv
2019-12-05,Mushroom,297.14,Kg,historical_csv
2019-12-12,Mushroom,289.29,Kg,historical_csv
2019-12-19,Mushroom,246.79,Kg,historical_csv
2019-12-26,Mushroom,246.43,Kg,historical_csv
2020-01-02,Mushroom,240.71,Kg,historical_csv
2020-01-09,Mushroom,225.0,Kg,historical_csv
2020-01-16,Mushroom,192.68,Kg,historical_csv
2020-01-23,Mushroom,190.71,Kg,historical_csv
2020-01-30,Mushroom,221.43,Kg,historical_csv
2020-02-06,Mushroom,185.89,Kg,historical_csv
2020-02-13,Mushroom,192.86,Kg,historical_csv
2020-02-20,Mushroom,165.36,Kg,historical_csv
2020-02-27,Mushroom,181.07,Kg,historical_csv
2020-03-05,Mushroom,208.33,Kg,historical_csv
2020-03-12,Mushroom,191.43,Kg,historical_csv
2020-03-19,Mushroom,179.46,Kg,historical_csv
2020-03-26,Mushroom,169.38,Kg,historical_csv
2020-04-02,Mushroom,160.36,Kg,historical_csv
2020-04-09,Mushroom,169.17,Kg,historical_csv
2020-04-16,Mushroom,176.88,Kg,historical_csv
2020-04-23,Mushroom,170.0,Kg,historical_csv
2020-04-30,Mushroom,198.54,Kg,historical_csv
2020-05-07,Mushroom,207.14,Kg,historical_csv
2020-05-14,Mushroom,222.86,Kg,historical_csv
2020-05-21,Mushroom,221.67,Kg,historical_csv
2020-05-28,Mushroom,201.88,Kg,historical_csv
2020-06-04,Mushroom,230.71,Kg,historical_csv
2020-06-11,Mushroom,218.57,Kg,historical_csv
2020-06-18,Mushroom,227.14,Kg,historical_csv
2020-06-25,Mushroom,222.86,Kg,historical_csv
2020-07-02,Mushroom,242.14,Kg,historical_csv
2020-07-09,Mushroom,289.29,Kg,historical_csv
2020-07-16,Mushroom,311.67,Kg,historical_csv
2020-07-23,Mushroom,322.5,Kg,historical_csv
2020-07-30,Mushroom,329.64,Kg,historical_csv
2020-08-06,Mushroom,322.86,Kg,historical_csv
2020-08-13,Mushroom,319.0,Kg,historical_csv
2020-08-20,Mushroom,330.83,Kg,historical_csv
2020-08-27,Mushroom,271.92,Kg,historical_csv
2020-09-03,Mushroom,251.96,Kg,historical_csv
2020-09-10,Mushroom,232.32,Kg,historical_csv
2020-09-17,Mushroom,226.43,Kg,historical_csv
2020-09-24,Mushroom,224.0,Kg,historical_csv
2020-10-01,Mushroom,245.71,Kg,historical_csv
2020-10-08,Mushroom,277.92,Kg,historical_csv
2020-10-15,Mushroom,260.89,Kg,historical_csv
2020-10-22,Mushroom,253.33,Kg,historical_csv
2020-10-29,Mushroom,359.64,Kg,historical_csv
2020-11-05,Mushroom,233.21,Kg,historical_csv
2020-11-12,Mushroom,207.5,Kg,historical_csv
2020-11-19,Mushroom,294.64,Kg,historical_csv
2020-11-26,Mushroom,219.29,Kg,historical_csv
2020-12-03,Mushroom,226.79,Kg,historical_csv
2020-12-10,Mushroom,219.64,Kg,historical_csv
2020-12-17,Mushroom,202.14,Kg,historical_csv
2020-12-24,Mushroom,224.29,Kg,historical_csv
2020-12-31,Mushroom,235.36,Kg,historical_csv
2021-01-07,Mushroom,224.64,Kg,historical_csv
2021-01-14,Mushroom,182.32,Kg,historical_csv
2021-01-21,Mushroom,180.36,Kg,historical_csv
2021-01-28,Mushroom,195.38,Kg,historical_csv
2021-02-04,Mushroom,217.5,Kg,historical_csv
2021-02-11,Mushroom,212.86,Kg,historical_csv
2021-02-18,Mushroom,191.43,Kg,historical_csv
2021-02-25,Mushroom,193.93,Kg,historical_csv
2021-03-04,Mushroom,184.17,Kg,historical_csv
2021-03-11,Mushroom,234.64,Kg,historical_csv
2021-03-18,Mushroom,231.79,Kg,historical_csv
2021-03-25,Mushroom,219.64,Kg,historical_csv
2021-04-01,Mushroom,266.0,Kg,historical_csv
2021-04-22,Mushroom,245.0,Kg,historical_csv
2021-04-29,Mushroom,248.21,Kg,historical_csv
2021-05-06,Mushroom,196.07,Kg,historical_csv
2021-05-13,Mushroom,201.79,Kg,historical_csv
2025-04-03,Mushroom,243.0,Kg,historical_csv
2025-04-10,Mushroom,292.86,Kg,historical_csv
2025-04-17,Mushroom,259.58,Kg,historical_csv
2026-04-02,Mushroom,258.75,Kg,historical_csv
2014-12-11,Muskmelon,66.25,Kg,historical_csv
2015-02-26,Muskmelon,55.0,Kg,historical_csv
2015-04-02,Muskmelon,31.25,Kg,historical_csv
2015-04-23,Muskmelon,22.5,Kg,historical_csv
2015-05-21,Muskmelon,16.5,Kg,historical_csv
2015-05-28,Muskmelon,19.0,Kg,historical_csv
2015-06-04,Muskmelon,21.0,Kg,historical_csv
2020-11-26,Muskmelon,65.0,Kg,historical_csv
2013-06-20,Onion,29.25,Kg,historical_csv
2013-08-01,Onion,51.33,Kg,historical_csv
2013-08-08,Onion,58.5,Kg,historical_csv
2013-08-15,Onion,87.25,Kg,historical_csv
2013-08-22,Onion,83.38,Kg,historical_csv
2013-08-29,Onion,78.2,Kg,historical_csv
2013-09-05,Onion,79.0,Kg,historical_csv
2013-09-12,Onion,82.25,Kg,historical_csv
2013-09-19,Onion,97.2,Kg,historical_csv
2013-09-26,Onion,100.0,Kg,historical_csv
2013-10-03,Onion,93.33,Kg,historical_csv
2013-10-10,Onion,90.67,Kg,historical_csv
2013-10-17,Onion,96.43,Kg,historical_csv
2013-10-24,Onion,110.0,Kg,historical_csv
2013-10-31,Onion,104.17,Kg,historical_csv
2013-11-07,Onion,96.67,Kg,historical_csv
2013-11-14,Onion,105.7,Kg,historical_csv
2013-11-21,Onion,97.58,Kg,historical_csv
2013-11-28,Onion,66.25,Kg,historical_csv
2013-12-05,Onion,51.08,Kg,historical_csv
2013-12-12,Onion,48.25,Kg,historical_csv
2013-12-19,Onion,42.2,Kg,historical_csv
2013-12-26,Onion,35.3,Kg,historical_csv
2014-01-02,Onion,33.5,Kg,historical_csv
2014-01-09,Onion,34.33,Kg,historical_csv
2014-01-16,Onion,32.6,Kg,historical_csv
2014-01-23,Onion,29.75,Kg,historical_csv
2014-01-30,Onion,29.5,Kg,historical_csv
2014-02-06,Onion,27.7,Kg,historical_csv
2014-02-13,Onion,27.43,Kg,historical_csv
2014-02-20,Onion,23.6,Kg,historical_csv
2014-02-27,Onion,27.2,Kg,historical_csv
2014-03-06,Onion,29.12,Kg,historical_csv
2014-03-13,Onion,28.92,Kg,historical_csv
2014-03-20,Onion,29.2,Kg,historical_csv
2014-03-27,Onion,28.0,Kg,historical_csv
2014-04-03,Onion,27.1,Kg,historical_csv
2014-04-10,Onion,28.6,Kg,historical_csv
2014-04-17,Onion,27.8,Kg,historical_csv
2014-04-24,Onion,28.1,Kg,historical_csv
2014-05-01,Onion,30.7,Kg,historical_csv
2014-05-08,Onion,28.83,Kg,historical_csv
2014-05-15,Onion,28.3,Kg,historical_csv
2014-05-22,Onion,28.5,Kg,historical_csv
2014-05-29,Onion,29.3,Kg,historical_csv
2014-06-05,Onion,29.17,Kg,historical_csv
2014-06-12,Onion,31.08,Kg,historical_csv
2014-06-19,Onion,34.0,Kg,historical_csv
2014-06-26,Onion,37.9,Kg,historical_csv
2014-07-03,Onion,42.67,Kg,historical_csv
2014-07-10,Onion,47.0,Kg,historical_csv
2014-07-17,Onion,46.71,Kg,historical_csv
2014-07-24,Onion,46.07,Kg,historical_csv
2014-07-31,Onion,45.0,Kg,historical_csv
2014-08-07,Onion,44.07,Kg,historical_csv
2014-08-14,Onion,42.86,Kg,historical_csv
2014-08-21,Onion,41.29,Kg,historical_csv
2014-08-28,Onion,40.0,Kg,historical_csv
2014-09-04,Onion,40.17,Kg,historical_csv
2014-09-11,Onion,39.43,Kg,historical_csv
2014-09-18,Onion,38.86,Kg,historical_csv
2014-09-25,Onion,38.25,Kg,historical_csv
2014-10-02,Onion,37.5,Kg,historical_csv
2014-10-09,Onion,35.0,Kg,historical_csv
2014-10-16,Onion,39.08,Kg,historical_csv
2014-10-23,Onion,40.33,Kg,historical_csv
2014-10-30,Onion,39.93,Kg,historical_csv
2014-11-06,Onion,43.5,Kg,historical_csv
2014-11-13,Onion,42.07,Kg,historical_csv
2014-11-20,Onion,39.5,Kg,historical_csv
2014-11-27,Onion,38.43,Kg,historical_csv
2014-12-04,Onion,37.93,Kg,historical_csv
2014-12-11,Onion,39.64,Kg,historical_csv
2014-12-18,Onion,41.71,Kg,historical_csv
2014-12-25,Onion,44.58,Kg,historical_csv
2015-01-01,Onion,40.64,Kg,historical_csv
2015-01-08,Onion,38.71,Kg,historical_csv
2015-01-15,Onion,37.08,Kg,historical_csv
2015-01-22,Onion,36.36,Kg,historical_csv
2015-01-29,Onion,35.5,Kg,historical_csv
2015-02-05,Onion,38.75,Kg,historical_csv
2015-02-12,Onion,39.29,Kg,historical_csv
2015-02-19,Onion,41.08,Kg,historical_csv
2015-02-26,Onion,40.92,Kg,historical_csv
2015-03-05,Onion,39.38,Kg,historical_csv
2015-03-12,Onion,37.6,Kg,historical_csv
2015-03-19,Onion,38.5,Kg,historical_csv
2015-03-26,Onion,35.86,Kg,historical_csv
2015-04-02,Onion,33.21,Kg,historical_csv
2015-04-09,Onion,32.25,Kg,historical_csv
2015-04-16,Onion,36.83,Kg,historical_csv
2015-04-23,Onion,34.29,Kg,historical_csv
2015-04-30,Onion,35.79,Kg,historical_csv
2015-05-07,Onion,36.79,Kg,historical_csv
2015-05-14,Onion,36.75,Kg,historical_csv
2015-05-21,Onion,36.5,Kg,historical_csv
2015-05-28,Onion,36.5,Kg,historical_csv
2015-06-04,Onion,37.43,Kg,historical_csv
2015-06-11,Onion,40.14,Kg,historical_csv
2015-06-18,Onion,40.31,Kg,historical_csv
2015-06-25,Onion,39.09,Kg,historical_csv
2015-07-02,Onion,39.46,Kg,historical_csv
2015-07-09,Onion,42.0,Kg,historical_csv
2015-07-16,Onion,43.65,Kg,historical_csv
2015-07-23,Onion,48.73,Kg,historical_csv
2015-07-30,Onion,54.12,Kg,historical_csv
2015-08-06,Onion,66.29,Kg,historical_csv
2015-08-13,Onion,68.71,Kg,historical_csv
2015-08-20,Onion,77.43,Kg,historical_csv
2015-08-27,Onion,105.36,Kg,historical_csv
2015-09-03,Onion,104.93,Kg,historical_csv
2015-09-10,Onion,98.07,Kg,historical_csv
2015-09-17,Onion,99.07,Kg,historical_csv
2015-09-24,Onion,95.29,Kg,historical_csv
2015-10-01,Onion,115.43,Kg,historical_csv
2015-10-08,Onion,116.86,Kg,historical_csv
2015-10-15,Onion,117.5,Kg,historical_csv
2015-10-22,Onion,74.29,Kg,historical_csv
2015-10-29,Onion,64.64,Kg,historical_csv
2015-11-05,Onion,62.86,Kg,historical_csv
2015-11-12,Onion,63.29,Kg,historical_csv
2015-11-19,Onion,60.71,Kg,historical_csv
2015-11-26,Onion,61.71,Kg,historical_csv
2015-12-03,Onion,53.21,Kg,historical_csv
2015-12-10,Onion,40.79,Kg,historical_csv
2015-12-17,Onion,38.79,Kg,historical_csv
2015-12-24,Onion,37.79,Kg,historical_csv
2015-12-31,Onion,35.0,Kg,historical_csv
2016-01-07,Onion,36.14,Kg,historical_csv
2016-01-14,Onion,35.86,Kg,historical_csv
2016-01-21,Onion,31.79,Kg,historical_csv
2016-01-28,Onion,34.57,Kg,historical_csv
2016-02-04,Onion,31.21,Kg,historical_csv
2016-02-11,Onion,27.93,Kg,historical_csv
2016-02-18,Onion,25.36,Kg,historical_csv
2016-02-25,Onion,24.21,Kg,historical_csv
2016-03-03,Onion,22.92,Kg,historical_csv
2016-03-10,Onion,25.36,Kg,historical_csv
2016-03-17,Onion,26.33,Kg,historical_csv
2016-03-24,Onion,24.5,Kg,historical_csv
2016-03-31,Onion,24.93,Kg,historical_csv
2016-04-07,Onion,24.93,Kg,historical_csv
2016-04-14,Onion,24.86,Kg,historical_csv
2016-04-21,Onion,25.29,Kg,historical_csv
2016-04-28,Onion,25.0,Kg,historical_csv
2016-05-05,Onion,24.86,Kg,historical_csv
2016-05-12,Onion,25.0,Kg,historical_csv
2016-05-19,Onion,22.07,Kg,historical_csv
2016-05-26,Onion,21.57,Kg,historical_csv
2016-06-02,Onion,22.29,Kg,historical_csv
2016-06-09,Onion,21.86,Kg,historical_csv
2016-06-16,Onion,21.79,Kg,historical_csv
2016-06-23,Onion,22.57,Kg,historical_csv
2016-06-30,Onion,24.79,Kg,historical_csv
2016-07-07,Onion,24.0,Kg,historical_csv
2016-07-14,Onion,24.64,Kg,historical_csv
2016-07-21,Onion,28.36,Kg,historical_csv
2016-07-28,Onion,26.57,Kg,historical_csv
2016-08-04,Onion,26.0,Kg,historical_csv
2016-08-11,Onion,26.0,Kg,historical_csv
2016-08-18,Onion,25.36,Kg,historical_csv
2016-08-25,Onion,23.93,Kg,historical_csv
2016-09-01,Onion,24.0,Kg,historical_csv
2016-09-08,Onion,25.21,Kg,historical_csv
2016-09-15,Onion,23.14,Kg,historical_csv
2016-09-22,Onion,22.0,Kg,historical_csv
2016-09-29,Onion,22.0,Kg,historical_csv
2016-10-06,Onion,22.0,Kg,historical_csv
2016-10-13,Onion,21.93,Kg,historical_csv
2016-10-20,Onion,21.93,Kg,historical_csv
2016-10-27,Onion,22.93,Kg,historical_csv
2016-11-03,Onion,23.0,Kg,historical_csv
2016-11-10,Onion,24.14,Kg,historical_csv
2016-11-17,Onion,26.0,Kg,historical_csv
2016-11-24,Onion,29.0,Kg,historical_csv
2016-12-01,Onion,27.86,Kg,historical_csv
2016-12-08,Onion,25.0,Kg,historical_csv
2016-12-15,Onion,26.93,Kg,historical_csv
2016-12-22,Onion,26.64,Kg,historical_csv
2016-12-29,Onion,26.0,Kg,historical_csv
2017-01-05,Onion,25.64,Kg,historical_csv
2017-01-12,Onion,25.0,Kg,historical_csv
2017-01-19,Onion,27.86,Kg,historical_csv
2017-01-26,Onion,25.0,Kg,historical_csv
2017-02-02,Onion,25.0,Kg,historical_csv
2017-02-09,Onion,24.14,Kg,historical_csv
2017-02-16,Onion,23.29,Kg,historical_csv
2017-02-23,Onion,23.0,Kg,historical_csv
2017-03-02,Onion,23.0,Kg,historical_csv
2017-03-09,Onion,24.0,Kg,historical_csv
2017-03-16,Onion,25.0,Kg,historical_csv
2017-03-23,Onion,24.14,Kg,historical_csv
2017-03-30,Onion,23.07,Kg,historical_csv
2017-04-06,Onion,23.14,Kg,historical_csv
2017-04-13,Onion,24.0,Kg,historical_csv
2017-04-20,Onion,24.0,Kg,historical_csv
2017-04-27,Onion,23.93,Kg,historical_csv
2017-05-04,Onion,22.29,Kg,historical_csv
2017-05-11,Onion,21.0,Kg,historical_csv
2017-05-18,Onion,21.0,Kg,historical_csv
2017-05-25,Onion,21.0,Kg,historical_csv
2017-06-01,Onion,21.0,Kg,historical_csv
2017-06-08,Onion,21.14,Kg,historical_csv
2017-06-15,Onion,22.21,Kg,historical_csv
2017-06-22,Onion,25.43,Kg,historical_csv
2017-06-29,Onion,22.14,Kg,historical_csv
2017-07-06,Onion,22.64,Kg,historical_csv
2017-07-13,Onion,24.0,Kg,historical_csv
2017-07-20,Onion,24.0,Kg,historical_csv
2017-07-27,Onion,25.14,Kg,historical_csv
2017-08-03,Onion,32.79,Kg,historical_csv
2017-08-10,Onion,48.79,Kg,historical_csv
2017-08-17,Onion,53.79,Kg,historical_csv
2017-08-24,Onion,52.21,Kg,historical_csv
2017-08-31,Onion,47.71,Kg,historical_csv
2017-09-07,Onion,44.0,Kg,historical_csv
2017-09-14,Onion,42.0,Kg,historical_csv
2017-09-21,Onion,39.33,Kg,historical_csv
2017-09-28,Onion,41.0,Kg,historical_csv
2017-10-05,Onion,41.07,Kg,historical_csv
2017-10-12,Onion,51.36,Kg,historical_csv
2017-10-19,Onion,57.0,Kg,historical_csv
2017-10-26,Onion,59.86,Kg,historical_csv
2017-11-02,Onion,64.14,Kg,historical_csv
2017-11-09,Onion,65.64,Kg,historical_csv
2017-11-16,Onion,62.5,Kg,historical_csv
2017-11-23,Onion,67.43,Kg,historical_csv
2017-11-30,Onion,96.29,Kg,historical_csv
2017-12-07,Onion,92.83,Kg,historical_csv
2017-12-14,Onion,85.93,Kg,historical_csv
2017-12-21,Onion,81.42,Kg,historical_csv
2017-12-28,Onion,72.5,Kg,historical_csv
2018-01-04,Onion,74.5,Kg,historical_csv
2018-01-11,Onion,82.21,Kg,historical_csv
2018-01-18,Onion,78.33,Kg,historical_csv
2018-01-25,Onion,77.21,Kg,historical_csv
2018-02-01,Onion,72.21,Kg,historical_csv
2018-02-08,Onion,55.14,Kg,historical_csv
2018-02-15,Onion,52.29,Kg,historical_csv
2018-02-22,Onion,47.79,Kg,historical_csv
2018-03-01,Onion,43.5,Kg,historical_csv
2018-03-08,Onion,39.67,Kg,historical_csv
2018-03-15,Onion,37.57,Kg,historical_csv
2018-03-22,Onion,29.86,Kg,historical_csv
2018-03-29,Onion,28.14,Kg,historical_csv
2018-04-05,Onion,28.07,Kg,historical_csv
2018-04-12,Onion,26.57,Kg,historical_csv
2018-04-19,Onion,24.71,Kg,historical_csv
2018-04-26,Onion,24.14,Kg,historical_csv
2018-05-03,Onion,24.86,Kg,historical_csv
2018-05-10,Onion,24.79,Kg,historical_csv
2018-05-17,Onion,24.0,Kg,historical_csv
2018-05-24,Onion,24.0,Kg,historical_csv
2018-05-31,Onion,24.0,Kg,historical_csv
2018-06-07,Onion,24.71,Kg,historical_csv
2018-06-14,Onion,24.64,Kg,historical_csv
2018-06-21,Onion,28.14,Kg,historical_csv
2018-06-28,Onion,35.0,Kg,historical_csv
2018-07-05,Onion,36.57,Kg,historical_csv
2018-07-12,Onion,36.0,Kg,historical_csv
2018-07-19,Onion,34.14,Kg,historical_csv
2018-07-26,Onion,35.0,Kg,historical_csv
2018-08-02,Onion,35.43,Kg,historical_csv
2018-08-09,Onion,34.57,Kg,historical_csv
2018-08-16,Onion,33.71,Kg,historical_csv
2018-08-23,Onion,32.43,Kg,historical_csv
2018-08-30,Onion,31.36,Kg,historical_csv
2018-09-06,Onion,31.0,Kg,historical_csv
2018-09-13,Onion,31.0,Kg,historical_csv
2018-09-20,Onion,30.07,Kg,historical_csv
2018-09-27,Onion,30.14,Kg,historical_csv
2018-10-04,Onion,30.71,Kg,historical_csv
2018-10-11,Onion,31.0,Kg,historical_csv
2018-10-18,Onion,36.0,Kg,historical_csv
2018-10-25,Onion,43.21,Kg,historical_csv
2018-11-01,Onion,38.14,Kg,historical_csv
2018-11-08,Onion,34.86,Kg,historical_csv
2018-11-15,Onion,40.21,Kg,historical_csv
2018-11-22,Onion,37.36,Kg,historical_csv
2018-11-29,Onion,30.43,Kg,historical_csv
2018-12-06,Onion,29.86,Kg,historical_csv
2018-12-13,Onion,29.64,Kg,historical_csv
2018-12-20,Onion,28.29,Kg,historical_csv
2018-12-27,Onion,26.43,Kg,historical_csv
2019-01-03,Onion,30.64,Kg,historical_csv
2019-01-10,Onion,27.71,Kg,historical_csv
2019-01-17,Onion,26.43,Kg,historical_csv
2019-01-24,Onion,24.71,Kg,historical_csv
2019-01-31,Onion,23.86,Kg,historical_csv
2019-02-07,Onion,22.57,Kg,historical_csv
2019-02-14,Onion,22.0,Kg,historical_csv
2019-02-21,Onion,22.07,Kg,historical_csv
2019-02-28,Onion,22.0,Kg,historical_csv
2019-03-07,Onion,21.5,Kg,historical_csv
2019-03-14,Onion,23.93,Kg,historical_csv
2019-03-21,Onion,23.5,Kg,historical_csv
2019-03-28,Onion,23.79,Kg,historical_csv
2019-04-04,Onion,24.64,Kg,historical_csv
2019-04-11,Onion,23.71,Kg,historical_csv
2019-04-18,Onion,24.86,Kg,historical_csv
2019-04-25,Onion,26.71,Kg,historical_csv
2019-05-02,Onion,26.86,Kg,historical_csv
2019-05-09,Onion,26.43,Kg,historical_csv
2019-05-16,Onion,26.29,Kg,historical_csv
2019-05-23,Onion,26.14,Kg,historical_csv
2019-05-30,Onion,26.86,Kg,historical_csv
2019-06-06,Onion,29.0,Kg,historical_csv
2019-06-13,Onion,31.0,Kg,historical_csv
2019-06-20,Onion,33.07,Kg,historical_csv
2019-06-27,Onion,35.36,Kg,historical_csv
2019-07-04,Onion,35.07,Kg,historical_csv
2019-07-11,Onion,34.64,Kg,historical_csv
2019-07-18,Onion,36.86,Kg,historical_csv
2019-07-25,Onion,40.14,Kg,historical_csv
2019-08-01,Onion,36.93,Kg,historical_csv
2019-08-08,Onion,36.21,Kg,historical_csv
2019-08-15,Onion,37.07,Kg,historical_csv
2019-08-22,Onion,48.0,Kg,historical_csv
2019-08-29,Onion,55.93,Kg,historical_csv
2019-09-05,Onion,58.57,Kg,historical_csv
2019-09-12,Onion,57.86,Kg,historical_csv
2019-09-19,Onion,79.79,Kg,historical_csv
2019-09-26,Onion,99.57,Kg,historical_csv
2019-10-03,Onion,104.93,Kg,historical_csv
2019-10-10,Onion,105.36,Kg,historical_csv
2019-10-17,Onion,101.0,Kg,historical_csv
2019-10-24,Onion,86.07,Kg,historical_csv
2019-10-31,Onion,83.86,Kg,historical_csv
2019-11-07,Onion,110.07,Kg,historical_csv
2019-11-14,Onion,133.36,Kg,historical_csv
2019-11-21,Onion,153.93,Kg,historical_csv
2019-11-28,Onion,175.0,Kg,historical_csv
2019-12-05,Onion,168.57,Kg,historical_csv
2019-12-12,Onion,180.0,Kg,historical_csv
2019-12-19,Onion,185.0,Kg,historical_csv
2019-12-26,Onion,195.0,Kg,historical_csv
2020-01-02,Onion,163.57,Kg,historical_csv
2020-01-09,Onion,138.0,Kg,historical_csv
2020-01-16,Onion,104.5,Kg,historical_csv
2020-01-23,Onion,111.36,Kg,historical_csv
2020-01-30,Onion,118.43,Kg,historical_csv
2020-02-06,Onion,99.86,Kg,historical_csv
2020-02-13,Onion,75.07,Kg,historical_csv
2020-02-20,Onion,72.86,Kg,historical_csv
2020-02-27,Onion,69.57,Kg,historical_csv
2020-03-05,Onion,71.17,Kg,historical_csv
2020-03-12,Onion,69.07,Kg,historical_csv
2020-03-19,Onion,59.29,Kg,historical_csv
2020-03-26,Onion,46.92,Kg,historical_csv
2020-04-02,Onion,46.14,Kg,historical_csv
2020-04-09,Onion,43.0,Kg,historical_csv
2020-04-16,Onion,38.25,Kg,historical_csv
2020-04-23,Onion,33.1,Kg,historical_csv
2020-04-30,Onion,29.0,Kg,historical_csv
2020-05-07,Onion,27.29,Kg,historical_csv
2020-05-14,Onion,27.14,Kg,historical_csv
2020-05-21,Onion,26.57,Kg,historical_csv
2020-05-28,Onion,26.5,Kg,historical_csv
2020-06-04,Onion,25.14,Kg,historical_csv
2020-06-11,Onion,27.57,Kg,historical_csv
2020-06-18,Onion,29.57,Kg,historical_csv
2020-06-25,Onion,29.57,Kg,historical_csv
2020-07-02,Onion,31.14,Kg,historical_csv
2020-07-09,Onion,30.86,Kg,historical_csv
2020-07-16,Onion,30.67,Kg,historical_csv
2020-07-23,Onion,31.29,Kg,historical_csv
2020-07-30,Onion,32.14,Kg,historical_csv
2020-08-06,Onion,31.57,Kg,historical_csv
2020-08-13,Onion,30.71,Kg,historical_csv
2020-08-20,Onion,31.71,Kg,historical_csv
2020-08-27,Onion,38.71,Kg,historical_csv
2020-09-03,Onion,40.79,Kg,historical_csv
2020-09-10,Onion,51.0,Kg,historical_csv
2020-09-17,Onion,75.71,Kg,historical_csv
2020-09-24,Onion,108.71,Kg,historical_csv
2020-10-01,Onion,101.42,Kg,historical_csv
2020-10-08,Onion,110.2,Kg,historical_csv
2020-10-15,Onion,106.5,Kg,historical_csv
2020-10-22,Onion,119.0,Kg,historical_csv
2020-10-29,Onion,135.21,Kg,historical_csv
2020-11-05,Onion,126.07,Kg,historical_csv
2020-11-12,Onion,119.86,Kg,historical_csv
2020-11-19,Onion,106.79,Kg,historical_csv
2020-11-26,Onion,101.36,Kg,historical_csv
2020-12-03,Onion,99.43,Kg,historical_csv
2020-12-10,Onion,97.5,Kg,historical_csv
2020-12-17,Onion,89.57,Kg,historical_csv
2020-12-24,Onion,79.86,Kg,historical_csv
2020-12-31,Onion,69.29,Kg,historical_csv
2021-01-07,Onion,63.21,Kg,historical_csv
2021-01-14,Onion,72.0,Kg,historical_csv
2021-01-21,Onion,68.21,Kg,historical_csv
2021-01-28,Onion,63.93,Kg,historical_csv
2021-02-04,Onion,68.0,Kg,historical_csv
2021-02-11,Onion,74.64,Kg,historical_csv
2021-02-18,Onion,81.43,Kg,historical_csv
2021-02-25,Onion,82.5,Kg,historical_csv
2021-03-04,Onion,66.0,Kg,historical_csv
2021-03-11,Onion,57.0,Kg,historical_csv
2021-03-18,Onion,45.21,Kg,historical_csv
2021-03-25,Onion,39.07,Kg,historical_csv
2021-04-01,Onion,37.25,Kg,historical_csv
2021-04-22,Onion,35.92,Kg,historical_csv
2021-04-29,Onion,37.93,Kg,historical_csv
2021-05-06,Onion,40.5,Kg,historical_csv
2021-05-13,Onion,37.07,Kg,historical_csv
2025-04-03,Onion,36.17,Kg,historical_csv
2025-04-10,Onion,35.36,Kg,historical_csv
2025-04-17,Onion,35.08,Kg,historical_csv
2025-05-15,Onion,51.78,1 Kg,pbs_real
2025-07-17,Onion,65.13,1 Kg,pbs_real
2025-07-24,Onion,58.88,1 Kg,pbs_real
2025-07-31,Onion,59.84,1 Kg,pbs_real
2025-10-16,Onion,114.74,1 Kg,pbs_real
2025-10-23,Onion,114.66,1 Kg,pbs_real
2025-10-30,Onion,199.22,1 Kg,pbs_real
2025-11-06,Onion,189.59,1 Kg,pbs_real
2025-11-13,Onion,166.99,1 Kg,pbs_real
2025-11-20,Onion,145.83,1 Kg,pbs_real
2025-11-27,Onion,136.5,1 Kg,pbs_real
2025-12-11,Onion,117.45,1 Kg,pbs_real
2025-12-18,Onion,111.68,1 Kg,pbs_real
2026-01-01,Onion,89.0,1 Kg,pbs_real
2026-01-08,Onion,90.95,1 Kg,pbs_real
2026-01-15,Onion,86.56,1 Kg,pbs_real
2026-01-22,Onion,80.36,1 Kg,pbs_real
2026-01-29,Onion,72.7,1 Kg,pbs_real
2026-02-12,Onion,78.62,1 Kg,pbs_real
2026-02-19,Onion,76.66,1 Kg,pbs_real
2026-02-26,Onion,70.83,1 Kg,pbs_real
2026-03-05,Onion,68.89,1 Kg,pbs_real
2026-03-26,Onion,96.99,1 Kg,pbs_real
2026-04-02,Onion,89.55,1 Kg,pbs_real
2026-04-09,Onion,100.93,1 Kg,pbs_real
2026-04-16,Onion,90.92,1 Kg,pbs_real
2026-04-23,Onion,80.73,1 Kg,pbs_real
2026-04-30,Onion,80.49,1 Kg,pbs_real
2026-05-07,Onion,81.72,1 Kg,pbs_real
2026-05-14,Onion,82.72,1 Kg,pbs_real
2026-05-21,Onion,83.94,1 Kg,pbs_real
2026-06-04,Onion,105.58,1 Kg,pbs_real
2026-06-11,Onion,97.93,1 Kg,pbs_real
2026-06-18,Onion,98.82,1 Kg,pbs_real
2026-07-02,Onion,108.82,1 Kg,pbs_real
2026-07-09,Onion,116.16,1 Kg,pbs_real
2013-06-20,Orange,95.0,Kg,historical_csv
2013-08-01,Orange,87.5,Kg,historical_csv
2013-08-08,Orange,86.67,Kg,historical_csv
2013-08-15,Orange,85.83,Kg,historical_csv
2013-08-22,Orange,78.12,Kg,historical_csv
2013-08-29,Orange,87.0,Kg,historical_csv
2013-09-05,Orange,88.33,Kg,historical_csv
2013-09-12,Orange,83.33,Kg,historical_csv
2013-09-19,Orange,85.0,Kg,historical_csv
2013-09-26,Orange,83.54,Kg,historical_csv
2013-10-03,Orange,80.83,Kg,historical_csv
2013-10-10,Orange,75.83,Kg,historical_csv
2013-10-17,Orange,84.29,Kg,historical_csv
2013-10-24,Orange,87.0,Kg,historical_csv
2013-10-31,Orange,72.5,Kg,historical_csv
2013-11-07,Orange,70.56,Kg,historical_csv
2013-11-14,Orange,75.0,Kg,historical_csv
2013-11-21,Orange,76.04,Kg,historical_csv
2013-11-28,Orange,77.5,Kg,historical_csv
2013-12-05,Orange,72.29,Kg,historical_csv
2013-12-12,Orange,70.0,Kg,historical_csv
2013-12-19,Orange,71.25,Kg,historical_csv
2013-12-26,Orange,72.25,Kg,historical_csv
2014-01-02,Orange,66.0,Kg,historical_csv
2014-01-09,Orange,69.31,Kg,historical_csv
2014-01-16,Orange,73.0,Kg,historical_csv
2014-01-23,Orange,80.83,Kg,historical_csv
2014-01-30,Orange,79.75,Kg,historical_csv
2014-02-06,Orange,73.0,Kg,historical_csv
2014-02-13,Orange,73.57,Kg,historical_csv
2014-02-20,Orange,72.5,Kg,historical_csv
2014-02-27,Orange,70.25,Kg,historical_csv
2014-03-06,Orange,71.56,Kg,historical_csv
2014-03-13,Orange,72.71,Kg,historical_csv
2014-03-20,Orange,72.5,Kg,historical_csv
2014-03-27,Orange,79.38,Kg,historical_csv
2014-04-03,Orange,84.5,Kg,historical_csv
2014-04-10,Orange,94.25,Kg,historical_csv
2014-04-17,Orange,92.75,Kg,historical_csv
2014-04-24,Orange,99.25,Kg,historical_csv
2014-05-01,Orange,132.0,Kg,historical_csv
2014-05-08,Orange,95.0,Kg,historical_csv
2014-05-15,Orange,85.0,Kg,historical_csv
2014-05-22,Orange,96.67,Kg,historical_csv
2014-05-29,Orange,103.5,Kg,historical_csv
2014-06-05,Orange,105.0,Kg,historical_csv
2014-06-12,Orange,105.0,Kg,historical_csv
2014-06-19,Orange,105.0,Kg,historical_csv
2014-06-26,Orange,110.0,Kg,historical_csv
2014-07-03,Orange,116.0,Kg,historical_csv
2014-07-10,Orange,119.29,Kg,historical_csv
2014-07-17,Orange,120.71,Kg,historical_csv
2014-07-24,Orange,116.43,Kg,historical_csv
2014-07-31,Orange,124.29,Kg,historical_csv
2014-08-07,Orange,106.67,Kg,historical_csv
2014-08-14,Orange,95.0,Kg,historical_csv
2014-08-21,Orange,85.0,Kg,historical_csv
2014-08-28,Orange,86.43,Kg,historical_csv
2014-09-04,Orange,88.33,Kg,historical_csv
2014-09-11,Orange,84.11,Kg,historical_csv
2014-09-18,Orange,85.0,Kg,historical_csv
2014-09-25,Orange,85.0,Kg,historical_csv
2014-10-02,Orange,86.56,Kg,historical_csv
2014-10-09,Orange,75.62,Kg,historical_csv
2014-10-16,Orange,73.0,Kg,historical_csv
2014-10-23,Orange,76.18,Kg,historical_csv
2014-10-30,Orange,62.55,Kg,historical_csv
2014-11-06,Orange,67.43,Kg,historical_csv
2014-11-13,Orange,67.32,Kg,historical_csv
2014-11-20,Orange,68.27,Kg,historical_csv
2014-11-27,Orange,68.63,Kg,historical_csv
2014-12-04,Orange,74.52,Kg,historical_csv
2014-12-11,Orange,73.63,Kg,historical_csv
2014-12-18,Orange,70.36,Kg,historical_csv
2014-12-25,Orange,65.29,Kg,historical_csv
2015-01-01,Orange,68.39,Kg,historical_csv
2015-01-08,Orange,70.0,Kg,historical_csv
2015-01-15,Orange,75.0,Kg,historical_csv
2015-01-22,Orange,73.04,Kg,historical_csv
2015-01-29,Orange,75.62,Kg,historical_csv
2015-02-05,Orange,73.33,Kg,historical_csv
2015-02-12,Orange,70.0,Kg,historical_csv
2015-02-19,Orange,66.67,Kg,historical_csv
2015-02-26,Orange,69.38,Kg,historical_csv
2015-03-05,Orange,72.5,Kg,historical_csv
2015-03-12,Orange,77.0,Kg,historical_csv
2015-03-19,Orange,72.29,Kg,historical_csv
2015-03-26,Orange,72.14,Kg,historical_csv
2015-04-02,Orange,67.5,Kg,historical_csv
2015-04-09,Orange,78.12,Kg,historical_csv
2015-04-16,Orange,75.62,Kg,historical_csv
2015-04-23,Orange,77.86,Kg,historical_csv
2015-04-30,Orange,83.57,Kg,historical_csv
2015-05-07,Orange,91.07,Kg,historical_csv
2015-05-14,Orange,99.17,Kg,historical_csv
2015-05-21,Orange,102.14,Kg,historical_csv
2015-05-28,Orange,98.39,Kg,historical_csv
2015-06-04,Orange,100.71,Kg,historical_csv
2015-06-11,Orange,98.21,Kg,historical_csv
2015-06-18,Orange,96.25,Kg,historical_csv
2015-06-25,Orange,95.0,Kg,historical_csv
2015-07-02,Orange,96.54,Kg,historical_csv
2015-07-09,Orange,95.91,Kg,historical_csv
2015-07-16,Orange,94.81,Kg,historical_csv
2015-07-23,Orange,91.92,Kg,historical_csv
2015-07-30,Orange,91.88,Kg,historical_csv
2015-08-06,Orange,95.0,Kg,historical_csv
2015-08-13,Orange,92.14,Kg,historical_csv
2015-08-20,Orange,95.0,Kg,historical_csv
2015-08-27,Orange,90.71,Kg,historical_csv
2015-09-03,Orange,105.0,Kg,historical_csv
2015-09-10,Orange,97.86,Kg,historical_csv
2015-09-17,Orange,88.57,Kg,historical_csv
2015-09-24,Orange,87.5,Kg,historical_csv
2015-10-01,Orange,94.29,Kg,historical_csv
2015-10-08,Orange,102.14,Kg,historical_csv
2015-10-15,Orange,105.0,Kg,historical_csv
2015-10-22,Orange,70.71,Kg,historical_csv
2015-10-29,Orange,86.43,Kg,historical_csv
2015-11-05,Orange,84.29,Kg,historical_csv
2015-11-12,Orange,66.73,Kg,historical_csv
2015-11-19,Orange,66.49,Kg,historical_csv
2015-11-26,Orange,75.52,Kg,historical_csv
2015-12-03,Orange,76.07,Kg,historical_csv
2015-12-10,Orange,75.0,Kg,historical_csv
2015-12-17,Orange,77.5,Kg,historical_csv
2015-12-24,Orange,82.14,Kg,historical_csv
2015-12-31,Orange,80.18,Kg,historical_csv
2016-01-07,Orange,81.61,Kg,historical_csv
2016-01-14,Orange,85.0,Kg,historical_csv
2016-01-21,Orange,83.39,Kg,historical_csv
2016-01-28,Orange,77.86,Kg,historical_csv
2016-02-04,Orange,76.61,Kg,historical_csv
2016-02-11,Orange,89.11,Kg,historical_csv
2016-02-18,Orange,85.71,Kg,historical_csv
2016-02-25,Orange,81.67,Kg,historical_csv
2016-03-03,Orange,72.92,Kg,historical_csv
2016-03-10,Orange,78.87,Kg,historical_csv
2016-03-17,Orange,81.67,Kg,historical_csv
2016-03-24,Orange,82.98,Kg,historical_csv
2016-03-31,Orange,86.9,Kg,historical_csv
2016-04-07,Orange,89.76,Kg,historical_csv
2016-04-14,Orange,105.48,Kg,historical_csv
2016-04-21,Orange,127.86,Kg,historical_csv
2016-04-28,Orange,140.71,Kg,historical_csv
2016-05-05,Orange,137.86,Kg,historical_csv
2016-05-12,Orange,148.57,Kg,historical_csv
2016-05-19,Orange,153.57,Kg,historical_csv
2016-05-26,Orange,155.0,Kg,historical_csv
2016-06-02,Orange,155.0,Kg,historical_csv
2016-06-09,Orange,155.0,Kg,historical_csv
2016-06-16,Orange,154.29,Kg,historical_csv
2016-06-23,Orange,155.0,Kg,historical_csv
2016-06-30,Orange,155.0,Kg,historical_csv
2016-07-07,Orange,155.0,Kg,historical_csv
2016-07-14,Orange,147.86,Kg,historical_csv
2016-07-21,Orange,145.0,Kg,historical_csv
2016-07-28,Orange,109.29,Kg,historical_csv
2016-08-04,Orange,95.0,Kg,historical_csv
2016-08-11,Orange,100.71,Kg,historical_csv
2016-08-18,Orange,105.0,Kg,historical_csv
2016-08-25,Orange,99.29,Kg,historical_csv
2016-09-01,Orange,100.71,Kg,historical_csv
2016-09-08,Orange,118.57,Kg,historical_csv
2016-09-15,Orange,125.0,Kg,historical_csv
2016-09-22,Orange,112.14,Kg,historical_csv
2016-09-29,Orange,114.29,Kg,historical_csv
2016-10-06,Orange,110.0,Kg,historical_csv
2016-10-13,Orange,114.64,Kg,historical_csv
2016-10-20,Orange,110.71,Kg,historical_csv
2016-10-27,Orange,78.21,Kg,historical_csv
2016-11-03,Orange,62.14,Kg,historical_csv
2016-11-10,Orange,64.11,Kg,historical_csv
2016-11-17,Orange,79.11,Kg,historical_csv
2016-11-24,Orange,91.43,Kg,historical_csv
2016-12-01,Orange,90.0,Kg,historical_csv
2016-12-08,Orange,90.29,Kg,historical_csv
2016-12-15,Orange,93.93,Kg,historical_csv
2016-12-22,Orange,94.82,Kg,historical_csv
2016-12-29,Orange,93.57,Kg,historical_csv
2017-01-05,Orange,96.43,Kg,historical_csv
2017-01-12,Orange,98.21,Kg,historical_csv
2017-01-19,Orange,95.71,Kg,historical_csv
2017-01-26,Orange,92.14,Kg,historical_csv
2017-02-02,Orange,98.57,Kg,historical_csv
2017-02-09,Orange,96.96,Kg,historical_csv
2017-02-16,Orange,100.0,Kg,historical_csv
2017-02-23,Orange,93.75,Kg,historical_csv
2017-03-02,Orange,82.5,Kg,historical_csv
2017-03-09,Orange,80.0,Kg,historical_csv
2017-03-16,Orange,80.0,Kg,historical_csv
2017-03-23,Orange,80.18,Kg,historical_csv
2017-03-30,Orange,79.82,Kg,historical_csv
2017-04-06,Orange,84.29,Kg,historical_csv
2017-04-13,Orange,91.79,Kg,historical_csv
2017-04-20,Orange,92.14,Kg,historical_csv
2017-04-27,Orange,95.0,Kg,historical_csv
2017-05-04,Orange,99.29,Kg,historical_csv
2017-05-11,Orange,100.0,Kg,historical_csv
2017-05-18,Orange,100.83,Kg,historical_csv
2017-05-25,Orange,105.0,Kg,historical_csv
2017-06-01,Orange,105.0,Kg,historical_csv
2017-06-08,Orange,105.0,Kg,historical_csv
2017-06-15,Orange,105.0,Kg,historical_csv
2017-06-22,Orange,112.14,Kg,historical_csv
2017-06-29,Orange,115.0,Kg,historical_csv
2017-07-06,Orange,115.0,Kg,historical_csv
2017-07-13,Orange,115.0,Kg,historical_csv
2017-07-20,Orange,117.86,Kg,historical_csv
2017-07-27,Orange,115.0,Kg,historical_csv
2017-08-03,Orange,115.0,Kg,historical_csv
2017-08-10,Orange,115.0,Kg,historical_csv
2017-08-17,Orange,125.0,Kg,historical_csv
2017-08-24,Orange,125.0,Kg,historical_csv
2017-08-31,Orange,125.0,Kg,historical_csv
2017-09-07,Orange,125.0,Kg,historical_csv
2017-09-14,Orange,125.0,Kg,historical_csv
2017-09-21,Orange,125.0,Kg,historical_csv
2017-09-28,Orange,95.71,Kg,historical_csv
2017-10-05,Orange,56.07,Kg,historical_csv
2017-10-12,Orange,55.0,Kg,historical_csv
2017-10-19,Orange,75.0,Kg,historical_csv
2017-10-26,Orange,84.29,Kg,historical_csv
2017-11-02,Orange,74.29,Kg,historical_csv
2017-11-09,Orange,73.57,Kg,historical_csv
2017-11-16,Orange,75.71,Kg,historical_csv
2017-11-23,Orange,80.71,Kg,historical_csv
2017-11-30,Orange,80.89,Kg,historical_csv
2017-12-07,Orange,82.71,Kg,historical_csv
2017-12-14,Orange,92.86,Kg,historical_csv
2017-12-21,Orange,91.25,Kg,historical_csv
2017-12-28,Orange,91.25,Kg,historical_csv
2018-01-04,Orange,95.54,Kg,historical_csv
2018-01-11,Orange,97.57,Kg,historical_csv
2018-01-18,Orange,91.67,Kg,historical_csv
2018-01-25,Orange,93.57,Kg,historical_csv
2018-02-01,Orange,95.0,Kg,historical_csv
2018-02-08,Orange,95.0,Kg,historical_csv
2018-02-15,Orange,97.86,Kg,historical_csv
2018-02-22,Orange,97.86,Kg,historical_csv
2018-03-01,Orange,95.0,Kg,historical_csv
2018-03-08,Orange,95.0,Kg,historical_csv
2018-03-15,Orange,98.75,Kg,historical_csv
2018-03-22,Orange,102.86,Kg,historical_csv
2018-03-29,Orange,111.43,Kg,historical_csv
2018-04-05,Orange,115.0,Kg,historical_csv
2018-04-12,Orange,117.86,Kg,historical_csv
2018-04-19,Orange,137.86,Kg,historical_csv
2018-04-26,Orange,155.71,Kg,historical_csv
2018-05-03,Orange,148.57,Kg,historical_csv
2018-05-10,Orange,152.14,Kg,historical_csv
2018-05-17,Orange,155.0,Kg,historical_csv
2018-05-24,Orange,155.0,Kg,historical_csv
2018-05-31,Orange,156.43,Kg,historical_csv
2018-06-07,Orange,156.43,Kg,historical_csv
2018-06-14,Orange,155.0,Kg,historical_csv
2018-06-21,Orange,155.0,Kg,historical_csv
2018-06-28,Orange,155.0,Kg,historical_csv
2018-07-05,Orange,155.0,Kg,historical_csv
2018-07-12,Orange,155.0,Kg,historical_csv
2018-07-19,Orange,155.0,Kg,historical_csv
2018-07-26,Orange,156.43,Kg,historical_csv
2018-08-02,Orange,155.0,Kg,historical_csv
2018-08-09,Orange,155.0,Kg,historical_csv
2018-08-16,Orange,150.71,Kg,historical_csv
2018-08-23,Orange,130.71,Kg,historical_csv
2018-08-30,Orange,125.0,Kg,historical_csv
2018-09-06,Orange,125.0,Kg,historical_csv
2018-09-13,Orange,125.0,Kg,historical_csv
2018-09-20,Orange,125.0,Kg,historical_csv
2018-09-27,Orange,125.0,Kg,historical_csv
2018-10-04,Orange,124.29,Kg,historical_csv
2018-10-11,Orange,100.89,Kg,historical_csv
2018-10-18,Orange,92.14,Kg,historical_csv
2018-10-25,Orange,86.43,Kg,historical_csv
2018-11-01,Orange,85.0,Kg,historical_csv
2018-11-08,Orange,76.43,Kg,historical_csv
2018-11-15,Orange,65.54,Kg,historical_csv
2018-11-22,Orange,73.57,Kg,historical_csv
2018-11-29,Orange,82.14,Kg,historical_csv
2018-12-06,Orange,85.0,Kg,historical_csv
2018-12-13,Orange,86.0,Kg,historical_csv
2018-12-20,Orange,89.11,Kg,historical_csv
2018-12-27,Orange,91.07,Kg,historical_csv
2019-01-03,Orange,96.43,Kg,historical_csv
2019-01-10,Orange,101.07,Kg,historical_csv
2019-01-17,Orange,100.71,Kg,historical_csv
2019-01-24,Orange,106.07,Kg,historical_csv
2019-01-31,Orange,102.68,Kg,historical_csv
2019-02-07,Orange,97.14,Kg,historical_csv
2019-02-14,Orange,94.29,Kg,historical_csv
2019-02-21,Orange,86.43,Kg,historical_csv
2019-02-28,Orange,86.25,Kg,historical_csv
2019-03-07,Orange,89.58,Kg,historical_csv
2019-03-14,Orange,94.29,Kg,historical_csv
2019-03-21,Orange,103.57,Kg,historical_csv
2019-03-28,Orange,105.0,Kg,historical_csv
2019-04-04,Orange,105.0,Kg,historical_csv
2019-04-11,Orange,103.57,Kg,historical_csv
2019-04-18,Orange,101.43,Kg,historical_csv
2019-04-25,Orange,107.86,Kg,historical_csv
2019-05-02,Orange,111.43,Kg,historical_csv
2019-05-09,Orange,122.5,Kg,historical_csv
2019-05-16,Orange,120.71,Kg,historical_csv
2019-05-23,Orange,123.57,Kg,historical_csv
2019-05-30,Orange,122.14,Kg,historical_csv
2019-06-06,Orange,123.57,Kg,historical_csv
2019-06-13,Orange,122.14,Kg,historical_csv
2019-06-20,Orange,115.0,Kg,historical_csv
2019-06-27,Orange,125.0,Kg,historical_csv
2019-07-04,Orange,190.71,Kg,historical_csv
2019-07-11,Orange,190.0,Kg,historical_csv
2019-07-18,Orange,190.0,Kg,historical_csv
2019-07-25,Orange,190.0,Kg,historical_csv
2019-08-01,Orange,185.0,Kg,historical_csv
2019-08-08,Orange,190.0,Kg,historical_csv
2019-08-15,Orange,190.0,Kg,historical_csv
2019-08-22,Orange,140.0,Kg,historical_csv
2019-08-29,Orange,135.0,Kg,historical_csv
2019-09-05,Orange,135.0,Kg,historical_csv
2019-09-12,Orange,135.0,Kg,historical_csv
2019-09-19,Orange,135.0,Kg,historical_csv
2019-09-26,Orange,142.86,Kg,historical_csv
2019-10-03,Orange,135.0,Kg,historical_csv
2019-10-10,Orange,145.0,Kg,historical_csv
2019-10-17,Orange,145.0,Kg,historical_csv
2019-10-24,Orange,145.0,Kg,historical_csv
2019-10-31,Orange,90.24,Kg,historical_csv
2019-11-07,Orange,81.19,Kg,historical_csv
2019-11-14,Orange,97.86,Kg,historical_csv
2019-11-21,Orange,107.98,Kg,historical_csv
2019-11-28,Orange,111.19,Kg,historical_csv
2019-12-05,Orange,114.76,Kg,historical_csv
2019-12-12,Orange,118.57,Kg,historical_csv
2019-12-19,Orange,120.0,Kg,historical_csv
2019-12-26,Orange,121.43,Kg,historical_csv
2020-01-02,Orange,123.93,Kg,historical_csv
2020-01-09,Orange,122.5,Kg,historical_csv
2020-01-16,Orange,122.68,Kg,historical_csv
2020-01-23,Orange,120.0,Kg,historical_csv
2020-01-30,Orange,128.57,Kg,historical_csv
2020-02-06,Orange,129.64,Kg,historical_csv
2020-02-13,Orange,120.0,Kg,historical_csv
2020-02-20,Orange,99.52,Kg,historical_csv
2020-02-27,Orange,108.51,Kg,historical_csv
2020-03-05,Orange,113.54,Kg,historical_csv
2020-03-12,Orange,110.0,Kg,historical_csv
2020-03-19,Orange,95.0,Kg,historical_csv
2020-03-26,Orange,78.33,Kg,historical_csv
2020-04-02,Orange,85.0,Kg,historical_csv
2020-04-09,Orange,95.0,Kg,historical_csv
2020-04-16,Orange,95.0,Kg,historical_csv
2020-05-14,Orange,95.0,Kg,historical_csv
2020-05-21,Orange,111.67,Kg,historical_csv
2020-05-28,Orange,115.0,Kg,historical_csv
2020-09-03,Orange,150.0,Kg,historical_csv
2020-09-17,Orange,103.33,Kg,historical_csv
2020-09-24,Orange,107.14,Kg,historical_csv
2020-10-01,Orange,100.71,Kg,historical_csv
2020-10-08,Orange,99.29,Kg,historical_csv
2020-10-15,Orange,100.0,Kg,historical_csv
2020-10-22,Orange,104.29,Kg,historical_csv
2020-10-29,Orange,119.64,Kg,historical_csv
2020-11-05,Orange,109.88,Kg,historical_csv
2020-11-12,Orange,92.62,Kg,historical_csv
2020-11-19,Orange,112.38,Kg,historical_csv
2020-11-26,Orange,103.33,Kg,historical_csv
2020-12-03,Orange,97.5,Kg,historical_csv
2020-12-10,Orange,104.76,Kg,historical_csv
2020-12-17,Orange,105.83,Kg,historical_csv
2020-12-24,Orange,104.05,Kg,historical_csv
2020-12-31,Orange,108.33,Kg,historical_csv
2021-01-07,Orange,110.71,Kg,historical_csv
2021-01-14,Orange,124.76,Kg,historical_csv
2021-01-21,Orange,132.5,Kg,historical_csv
2021-01-28,Orange,137.14,Kg,historical_csv
2021-02-04,Orange,144.64,Kg,historical_csv
2021-02-11,Orange,150.71,Kg,historical_csv
2021-02-18,Orange,135.6,Kg,historical_csv
2021-02-25,Orange,126.07,Kg,historical_csv
2021-03-04,Orange,125.28,Kg,historical_csv
2021-03-11,Orange,122.14,Kg,historical_csv
2021-03-18,Orange,150.24,Kg,historical_csv
2021-03-25,Orange,173.21,Kg,historical_csv
2021-04-01,Orange,178.75,Kg,historical_csv
2021-04-22,Orange,195.0,Kg,historical_csv
2021-04-29,Orange,197.14,Kg,historical_csv
2021-05-06,Orange,196.88,Kg,historical_csv
2021-05-13,Orange,212.92,Kg,historical_csv
2025-04-03,Orange,186.67,Kg,historical_csv
2025-04-10,Orange,193.57,Kg,historical_csv
2025-04-17,Orange,195.0,Kg,historical_csv
2026-04-02,Orange,180.0,Kg,historical_csv
2013-06-20,Papaya,65.0,Kg,historical_csv
2013-08-01,Papaya,62.5,Kg,historical_csv
2013-08-08,Papaya,60.83,Kg,historical_csv
2013-08-15,Papaya,57.5,Kg,historical_csv
2013-08-22,Papaya,57.5,Kg,historical_csv
2013-08-29,Papaya,56.5,Kg,historical_csv
2013-09-05,Papaya,65.42,Kg,historical_csv
2013-09-12,Papaya,66.25,Kg,historical_csv
2013-09-19,Papaya,57.5,Kg,historical_csv
2013-09-26,Papaya,62.92,Kg,historical_csv
2013-10-03,Papaya,57.5,Kg,historical_csv
2013-10-10,Papaya,55.42,Kg,historical_csv
2013-10-17,Papaya,60.0,Kg,historical_csv
2013-10-24,Papaya,54.5,Kg,historical_csv
2013-10-31,Papaya,58.75,Kg,historical_csv
2013-11-07,Papaya,65.0,Kg,historical_csv
2013-11-14,Papaya,58.5,Kg,historical_csv
2013-11-21,Papaya,74.58,Kg,historical_csv
2013-11-28,Papaya,66.67,Kg,historical_csv
2013-12-05,Papaya,58.33,Kg,historical_csv
2013-12-12,Papaya,57.5,Kg,historical_csv
2013-12-19,Papaya,54.5,Kg,historical_csv
2013-12-26,Papaya,53.5,Kg,historical_csv
2014-01-02,Papaya,54.0,Kg,historical_csv
2014-01-09,Papaya,54.58,Kg,historical_csv
2014-01-16,Papaya,55.0,Kg,historical_csv
2014-01-23,Papaya,55.0,Kg,historical_csv
2014-01-30,Papaya,56.0,Kg,historical_csv
2014-02-06,Papaya,55.0,Kg,historical_csv
2014-02-13,Papaya,55.0,Kg,historical_csv
2014-02-20,Papaya,54.0,Kg,historical_csv
2014-02-27,Papaya,55.5,Kg,historical_csv
2014-03-06,Papaya,56.88,Kg,historical_csv
2014-03-13,Papaya,57.5,Kg,historical_csv
2014-03-20,Papaya,57.5,Kg,historical_csv
2014-03-27,Papaya,57.92,Kg,historical_csv
2014-04-03,Papaya,57.5,Kg,historical_csv
2014-04-10,Papaya,61.0,Kg,historical_csv
2014-04-17,Papaya,57.5,Kg,historical_csv
2014-04-24,Papaya,55.5,Kg,historical_csv
2014-05-01,Papaya,51.5,Kg,historical_csv
2014-05-08,Papaya,50.42,Kg,historical_csv
2014-05-15,Papaya,52.5,Kg,historical_csv
2014-05-22,Papaya,52.5,Kg,historical_csv
2014-05-29,Papaya,53.0,Kg,historical_csv
2014-06-05,Papaya,55.42,Kg,historical_csv
2014-06-12,Papaya,57.5,Kg,historical_csv
2014-06-19,Papaya,62.08,Kg,historical_csv
2014-06-26,Papaya,57.0,Kg,historical_csv
2014-07-03,Papaya,64.17,Kg,historical_csv
2014-07-10,Papaya,71.43,Kg,historical_csv
2014-07-17,Papaya,73.93,Kg,historical_csv
2014-07-24,Papaya,70.36,Kg,historical_csv
2014-07-31,Papaya,68.21,Kg,historical_csv
2014-08-07,Papaya,57.5,Kg,historical_csv
2014-08-14,Papaya,60.36,Kg,historical_csv
2014-08-21,Papaya,57.14,Kg,historical_csv
2014-08-28,Papaya,58.57,Kg,historical_csv
2014-09-04,Papaya,62.08,Kg,historical_csv
2014-09-11,Papaya,62.5,Kg,historical_csv
2014-09-18,Papaya,57.5,Kg,historical_csv
2014-09-25,Papaya,55.0,Kg,historical_csv
2014-10-02,Papaya,65.0,Kg,historical_csv
2014-10-09,Papaya,55.0,Kg,historical_csv
2014-10-16,Papaya,65.83,Kg,historical_csv
2014-10-23,Papaya,57.08,Kg,historical_csv
2014-10-30,Papaya,61.88,Kg,historical_csv
2014-11-06,Papaya,62.5,Kg,historical_csv
2014-11-13,Papaya,71.43,Kg,historical_csv
2014-11-20,Papaya,66.79,Kg,historical_csv
2014-11-27,Papaya,66.07,Kg,historical_csv
2014-12-04,Papaya,64.29,Kg,historical_csv
2014-12-11,Papaya,71.43,Kg,historical_csv
2014-12-18,Papaya,70.36,Kg,historical_csv
2014-12-25,Papaya,57.5,Kg,historical_csv
2015-01-01,Papaya,50.0,Kg,historical_csv
2015-01-08,Papaya,47.86,Kg,historical_csv
2015-01-15,Papaya,57.08,Kg,historical_csv
2015-01-22,Papaya,57.86,Kg,historical_csv
2015-01-29,Papaya,58.33,Kg,historical_csv
2015-02-05,Papaya,55.83,Kg,historical_csv
2015-02-12,Papaya,52.5,Kg,historical_csv
2015-02-19,Papaya,49.17,Kg,historical_csv
2015-02-26,Papaya,49.58,Kg,historical_csv
2015-03-05,Papaya,47.5,Kg,historical_csv
2015-03-12,Papaya,47.5,Kg,historical_csv
2015-03-19,Papaya,46.67,Kg,historical_csv
2015-03-26,Papaya,49.64,Kg,historical_csv
2015-04-02,Papaya,43.36,Kg,historical_csv
2015-04-09,Papaya,47.5,Kg,historical_csv
2015-04-16,Papaya,43.33,Kg,historical_csv
2015-04-23,Papaya,45.71,Kg,historical_csv
2015-04-30,Papaya,47.5,Kg,historical_csv
2015-05-07,Papaya,48.21,Kg,historical_csv
2015-05-14,Papaya,52.5,Kg,historical_csv
2015-05-21,Papaya,53.21,Kg,historical_csv
2015-05-28,Papaya,63.21,Kg,historical_csv
2015-06-04,Papaya,63.57,Kg,historical_csv
2015-06-11,Papaya,66.07,Kg,historical_csv
2015-06-18,Papaya,57.81,Kg,historical_csv
2015-06-25,Papaya,61.14,Kg,historical_csv
2015-07-02,Papaya,60.0,Kg,historical_csv
2015-07-09,Papaya,59.75,Kg,historical_csv
2015-07-16,Papaya,56.08,Kg,historical_csv
2015-07-23,Papaya,65.58,Kg,historical_csv
2015-07-30,Papaya,63.18,Kg,historical_csv
2015-08-06,Papaya,62.14,Kg,historical_csv
2015-08-13,Papaya,62.14,Kg,historical_csv
2015-08-20,Papaya,62.14,Kg,historical_csv
2015-08-27,Papaya,62.5,Kg,historical_csv
2015-09-03,Papaya,62.86,Kg,historical_csv
2015-09-10,Papaya,61.43,Kg,historical_csv
2015-09-17,Papaya,66.43,Kg,historical_csv
2015-09-24,Papaya,70.71,Kg,historical_csv
2015-10-01,Papaya,67.14,Kg,historical_csv
2015-10-08,Papaya,78.57,Kg,historical_csv
2015-10-15,Papaya,96.43,Kg,historical_csv
2015-10-22,Papaya,72.14,Kg,historical_csv
2015-10-29,Papaya,70.71,Kg,historical_csv
2015-11-05,Papaya,67.86,Kg,historical_csv
2015-11-12,Papaya,75.0,Kg,historical_csv
2015-11-19,Papaya,71.79,Kg,historical_csv
2015-11-26,Papaya,79.29,Kg,historical_csv
2015-12-03,Papaya,74.64,Kg,historical_csv
2015-12-10,Papaya,75.0,Kg,historical_csv
2015-12-17,Papaya,72.14,Kg,historical_csv
2015-12-24,Papaya,65.0,Kg,historical_csv
2015-12-31,Papaya,65.0,Kg,historical_csv
2016-01-07,Papaya,63.57,Kg,historical_csv
2016-01-14,Papaya,60.71,Kg,historical_csv
2016-01-21,Papaya,63.93,Kg,historical_csv
2016-01-28,Papaya,65.0,Kg,historical_csv
2016-02-04,Papaya,60.36,Kg,historical_csv
2016-02-11,Papaya,60.0,Kg,historical_csv
2016-02-18,Papaya,55.0,Kg,historical_csv
2016-02-25,Papaya,59.29,Kg,historical_csv
2016-03-03,Papaya,61.67,Kg,historical_csv
2016-03-10,Papaya,53.21,Kg,historical_csv
2016-03-17,Papaya,53.75,Kg,historical_csv
2016-03-24,Papaya,55.0,Kg,historical_csv
2016-03-31,Papaya,56.07,Kg,historical_csv
2016-04-07,Papaya,57.5,Kg,historical_csv
2016-04-14,Papaya,56.43,Kg,historical_csv
2016-04-21,Papaya,56.79,Kg,historical_csv
2016-04-28,Papaya,65.71,Kg,historical_csv
2016-05-05,Papaya,76.79,Kg,historical_csv
2016-05-12,Papaya,85.0,Kg,historical_csv
2016-05-19,Papaya,80.71,Kg,historical_csv
2016-05-26,Papaya,68.93,Kg,historical_csv
2016-06-02,Papaya,74.64,Kg,historical_csv
2016-06-09,Papaya,91.07,Kg,historical_csv
2016-06-16,Papaya,112.14,Kg,historical_csv
2016-06-23,Papaya,99.29,Kg,historical_csv
2016-06-30,Papaya,96.43,Kg,historical_csv
2016-07-07,Papaya,84.64,Kg,historical_csv
2016-07-14,Papaya,72.86,Kg,historical_csv
2016-07-21,Papaya,75.0,Kg,historical_csv
2016-07-28,Papaya,65.0,Kg,historical_csv
2016-08-04,Papaya,65.36,Kg,historical_csv
2016-08-11,Papaya,63.93,Kg,historical_csv
2016-08-18,Papaya,64.64,Kg,historical_csv
2016-08-25,Papaya,64.79,Kg,historical_csv
2016-09-01,Papaya,78.93,Kg,historical_csv
2016-09-08,Papaya,75.36,Kg,historical_csv
2016-09-15,Papaya,64.29,Kg,historical_csv
2016-09-22,Papaya,73.93,Kg,historical_csv
2016-09-29,Papaya,69.64,Kg,historical_csv
2016-10-06,Papaya,73.93,Kg,historical_csv
2016-10-13,Papaya,85.71,Kg,historical_csv
2016-10-20,Papaya,75.14,Kg,historical_csv
2016-10-27,Papaya,78.57,Kg,historical_csv
2016-11-03,Papaya,72.5,Kg,historical_csv
2016-11-10,Papaya,80.36,Kg,historical_csv
2016-11-17,Papaya,68.21,Kg,historical_csv
2016-11-24,Papaya,65.0,Kg,historical_csv
2016-12-01,Papaya,65.0,Kg,historical_csv
2016-12-08,Papaya,66.43,Kg,historical_csv
2016-12-15,Papaya,65.0,Kg,historical_csv
2016-12-22,Papaya,65.0,Kg,historical_csv
2016-12-29,Papaya,65.0,Kg,historical_csv
2017-01-05,Papaya,65.0,Kg,historical_csv
2017-01-12,Papaya,58.93,Kg,historical_csv
2017-01-19,Papaya,66.43,Kg,historical_csv
2017-01-26,Papaya,65.0,Kg,historical_csv
2017-02-02,Papaya,64.29,Kg,historical_csv
2017-02-09,Papaya,62.14,Kg,historical_csv
2017-02-16,Papaya,57.86,Kg,historical_csv
2017-02-23,Papaya,54.5,Kg,historical_csv
2017-03-02,Papaya,55.0,Kg,historical_csv
2017-03-09,Papaya,51.25,Kg,historical_csv
2017-03-16,Papaya,47.5,Kg,historical_csv
2017-03-23,Papaya,47.5,Kg,historical_csv
2017-03-30,Papaya,52.86,Kg,historical_csv
2017-04-06,Papaya,67.86,Kg,historical_csv
2017-04-13,Papaya,57.86,Kg,historical_csv
2017-04-20,Papaya,52.14,Kg,historical_csv
2017-04-27,Papaya,55.36,Kg,historical_csv
2017-05-04,Papaya,60.71,Kg,historical_csv
2017-05-11,Papaya,55.0,Kg,historical_csv
2017-05-18,Papaya,56.25,Kg,historical_csv
2017-05-25,Papaya,65.0,Kg,historical_csv
2017-06-01,Papaya,65.0,Kg,historical_csv
2017-06-08,Papaya,67.86,Kg,historical_csv
2017-06-15,Papaya,65.0,Kg,historical_csv
2017-06-22,Papaya,65.0,Kg,historical_csv
2017-06-29,Papaya,65.0,Kg,historical_csv
2017-07-06,Papaya,65.0,Kg,historical_csv
2017-07-13,Papaya,59.29,Kg,historical_csv
2017-07-20,Papaya,57.14,Kg,historical_csv
2017-07-27,Papaya,60.36,Kg,historical_csv
2017-08-03,Papaya,65.0,Kg,historical_csv
2017-08-10,Papaya,65.0,Kg,historical_csv
2017-08-17,Papaya,70.71,Kg,historical_csv
2017-08-24,Papaya,75.36,Kg,historical_csv
2017-08-31,Papaya,74.29,Kg,historical_csv
2017-09-07,Papaya,73.57,Kg,historical_csv
2017-09-14,Papaya,73.57,Kg,historical_csv
2017-09-21,Papaya,71.67,Kg,historical_csv
2017-09-28,Papaya,65.0,Kg,historical_csv
2017-10-05,Papaya,65.0,Kg,historical_csv
2017-10-12,Papaya,65.0,Kg,historical_csv
2017-10-19,Papaya,72.14,Kg,historical_csv
2017-10-26,Papaya,75.0,Kg,historical_csv
2017-11-02,Papaya,92.14,Kg,historical_csv
2017-11-09,Papaya,70.71,Kg,historical_csv
2017-11-16,Papaya,68.21,Kg,historical_csv
2017-11-23,Papaya,74.64,Kg,historical_csv
2017-11-30,Papaya,73.57,Kg,historical_csv
2017-12-07,Papaya,70.0,Kg,historical_csv
2017-12-14,Papaya,72.14,Kg,historical_csv
2017-12-21,Papaya,72.5,Kg,historical_csv
2017-12-28,Papaya,75.0,Kg,historical_csv
2018-01-04,Papaya,75.0,Kg,historical_csv
2018-01-11,Papaya,72.14,Kg,historical_csv
2018-01-18,Papaya,65.0,Kg,historical_csv
2018-01-25,Papaya,65.0,Kg,historical_csv
2018-02-01,Papaya,65.0,Kg,historical_csv
2018-02-08,Papaya,65.0,Kg,historical_csv
2018-02-15,Papaya,65.0,Kg,historical_csv
2018-02-22,Papaya,59.29,Kg,historical_csv
2018-03-01,Papaya,60.71,Kg,historical_csv
2018-03-08,Papaya,60.0,Kg,historical_csv
2018-03-15,Papaya,63.57,Kg,historical_csv
2018-03-22,Papaya,54.64,Kg,historical_csv
2018-03-29,Papaya,53.57,Kg,historical_csv
2018-04-05,Papaya,53.93,Kg,historical_csv
2018-04-12,Papaya,54.29,Kg,historical_csv
2018-04-19,Papaya,59.29,Kg,historical_csv
2018-04-26,Papaya,62.86,Kg,historical_csv
2018-05-03,Papaya,69.29,Kg,historical_csv
2018-05-10,Papaya,68.57,Kg,historical_csv
2018-05-17,Papaya,83.57,Kg,historical_csv
2018-05-24,Papaya,102.14,Kg,historical_csv
2018-05-31,Papaya,110.71,Kg,historical_csv
2018-06-07,Papaya,115.0,Kg,historical_csv
2018-06-14,Papaya,117.86,Kg,historical_csv
2018-06-21,Papaya,92.14,Kg,historical_csv
2018-06-28,Papaya,106.43,Kg,historical_csv
2018-07-05,Papaya,98.57,Kg,historical_csv
2018-07-12,Papaya,90.71,Kg,historical_csv
2018-07-19,Papaya,93.57,Kg,historical_csv
2018-07-26,Papaya,77.86,Kg,historical_csv
2018-08-02,Papaya,73.57,Kg,historical_csv
2018-08-09,Papaya,68.57,Kg,historical_csv
2018-08-16,Papaya,69.29,Kg,historical_csv
2018-08-23,Papaya,75.0,Kg,historical_csv
2018-08-30,Papaya,68.57,Kg,historical_csv
2018-09-06,Papaya,67.14,Kg,historical_csv
2018-09-13,Papaya,65.36,Kg,historical_csv
2018-09-20,Papaya,68.57,Kg,historical_csv
2018-09-27,Papaya,76.07,Kg,historical_csv
2018-10-04,Papaya,80.71,Kg,historical_csv
2018-10-11,Papaya,78.57,Kg,historical_csv
2018-10-18,Papaya,77.14,Kg,historical_csv
2018-10-25,Papaya,83.57,Kg,historical_csv
2018-11-01,Papaya,81.79,Kg,historical_csv
2018-11-08,Papaya,85.0,Kg,historical_csv
2018-11-15,Papaya,90.71,Kg,historical_csv
2018-11-22,Papaya,102.14,Kg,historical_csv
2018-11-29,Papaya,92.14,Kg,historical_csv
2018-12-06,Papaya,79.29,Kg,historical_csv
2018-12-13,Papaya,75.0,Kg,historical_csv
2018-12-20,Papaya,80.71,Kg,historical_csv
2018-12-27,Papaya,85.0,Kg,historical_csv
2019-01-03,Papaya,85.0,Kg,historical_csv
2019-01-10,Papaya,82.14,Kg,historical_csv
2019-01-17,Papaya,75.0,Kg,historical_csv
2019-01-24,Papaya,75.0,Kg,historical_csv
2019-01-31,Papaya,70.71,Kg,historical_csv
2019-02-07,Papaya,62.86,Kg,historical_csv
2019-02-14,Papaya,65.0,Kg,historical_csv
2019-02-21,Papaya,65.0,Kg,historical_csv
2019-02-28,Papaya,65.71,Kg,historical_csv
2019-03-07,Papaya,63.33,Kg,historical_csv
2019-03-14,Papaya,55.0,Kg,historical_csv
2019-03-21,Papaya,55.0,Kg,historical_csv
2019-03-28,Papaya,56.07,Kg,historical_csv
2019-04-04,Papaya,57.14,Kg,historical_csv
2019-04-11,Papaya,55.0,Kg,historical_csv
2019-04-18,Papaya,60.71,Kg,historical_csv
2019-04-25,Papaya,64.64,Kg,historical_csv
2019-05-02,Papaya,63.21,Kg,historical_csv
2019-05-09,Papaya,72.5,Kg,historical_csv
2019-05-16,Papaya,83.57,Kg,historical_csv
2019-05-23,Papaya,76.43,Kg,historical_csv
2019-05-30,Papaya,75.0,Kg,historical_csv
2019-06-06,Papaya,75.0,Kg,historical_csv
2019-06-13,Papaya,76.79,Kg,historical_csv
2019-06-20,Papaya,87.86,Kg,historical_csv
2019-06-27,Papaya,82.14,Kg,historical_csv
2019-07-04,Papaya,92.14,Kg,historical_csv
2019-07-11,Papaya,92.14,Kg,historical_csv
2019-07-18,Papaya,86.43,Kg,historical_csv
2019-07-25,Papaya,90.71,Kg,historical_csv
2019-08-01,Papaya,95.0,Kg,historical_csv
2019-08-08,Papaya,96.43,Kg,historical_csv
2019-08-15,Papaya,95.0,Kg,historical_csv
2019-08-22,Papaya,90.71,Kg,historical_csv
2019-08-29,Papaya,99.29,Kg,historical_csv
2019-09-05,Papaya,96.43,Kg,historical_csv
2019-09-12,Papaya,95.0,Kg,historical_csv
2019-09-19,Papaya,95.0,Kg,historical_csv
2019-09-26,Papaya,120.71,Kg,historical_csv
2019-10-03,Papaya,120.71,Kg,historical_csv
2019-10-10,Papaya,93.57,Kg,historical_csv
2019-10-17,Papaya,125.0,Kg,historical_csv
2019-10-24,Papaya,135.0,Kg,historical_csv
2019-10-31,Papaya,132.14,Kg,historical_csv
2019-11-07,Papaya,133.57,Kg,historical_csv
2019-11-14,Papaya,123.57,Kg,historical_csv
2019-11-21,Papaya,107.86,Kg,historical_csv
2019-11-28,Papaya,106.43,Kg,historical_csv
2019-12-05,Papaya,115.0,Kg,historical_csv
2019-12-12,Papaya,115.0,Kg,historical_csv
2019-12-19,Papaya,115.0,Kg,historical_csv
2019-12-26,Papaya,119.29,Kg,historical_csv
2020-01-02,Papaya,115.0,Kg,historical_csv
2020-01-09,Papaya,115.0,Kg,historical_csv
2020-01-16,Papaya,115.0,Kg,historical_csv
2020-01-23,Papaya,115.0,Kg,historical_csv
2020-01-30,Papaya,115.0,Kg,historical_csv
2020-02-06,Papaya,115.0,Kg,historical_csv
2020-02-13,Papaya,115.0,Kg,historical_csv
2020-02-20,Papaya,115.0,Kg,historical_csv
2020-02-27,Papaya,115.0,Kg,historical_csv
2020-03-05,Papaya,116.67,Kg,historical_csv
2020-03-12,Papaya,115.0,Kg,historical_csv
2020-03-19,Papaya,91.07,Kg,historical_csv
2020-03-26,Papaya,78.5,Kg,historical_csv
2020-04-02,Papaya,76.43,Kg,historical_csv
2020-04-09,Papaya,78.33,Kg,historical_csv
2020-04-16,Papaya,95.0,Kg,historical_csv
2020-04-23,Papaya,95.0,Kg,historical_csv
2020-04-30,Papaya,91.0,Kg,historical_csv
2020-05-07,Papaya,85.0,Kg,historical_csv
2020-05-14,Papaya,86.43,Kg,historical_csv
2020-05-21,Papaya,75.0,Kg,historical_csv
2020-05-28,Papaya,75.0,Kg,historical_csv
2020-06-04,Papaya,75.0,Kg,historical_csv
2020-06-11,Papaya,75.0,Kg,historical_csv
2020-06-18,Papaya,76.67,Kg,historical_csv
2020-06-25,Papaya,77.86,Kg,historical_csv
2020-07-02,Papaya,75.0,Kg,historical_csv
2020-07-09,Papaya,75.0,Kg,historical_csv
2020-07-16,Papaya,75.0,Kg,historical_csv
2020-07-23,Papaya,75.0,Kg,historical_csv
2020-07-30,Papaya,75.0,Kg,historical_csv
2020-08-06,Papaya,82.14,Kg,historical_csv
2020-08-13,Papaya,95.0,Kg,historical_csv
2020-08-20,Papaya,89.29,Kg,historical_csv
2020-08-27,Papaya,95.0,Kg,historical_csv
2020-09-03,Papaya,85.0,Kg,historical_csv
2020-09-10,Papaya,87.86,Kg,historical_csv
2020-09-17,Papaya,96.43,Kg,historical_csv
2020-09-24,Papaya,85.0,Kg,historical_csv
2020-10-01,Papaya,85.0,Kg,historical_csv
2020-10-08,Papaya,85.0,Kg,historical_csv
2020-10-15,Papaya,85.0,Kg,historical_csv
2020-10-22,Papaya,86.79,Kg,historical_csv
2020-10-29,Papaya,86.67,Kg,historical_csv
2020-11-05,Papaya,89.29,Kg,historical_csv
2020-11-12,Papaya,83.57,Kg,historical_csv
2020-11-19,Papaya,84.29,Kg,historical_csv
2020-11-26,Papaya,86.43,Kg,historical_csv
2020-12-03,Papaya,85.0,Kg,historical_csv
2020-12-10,Papaya,79.29,Kg,historical_csv
2020-12-17,Papaya,76.43,Kg,historical_csv
2020-12-24,Papaya,87.14,Kg,historical_csv
2020-12-31,Papaya,85.71,Kg,historical_csv
2021-01-07,Papaya,93.33,Kg,historical_csv
2021-01-14,Papaya,93.57,Kg,historical_csv
2021-01-21,Papaya,86.43,Kg,historical_csv
2021-01-28,Papaya,80.0,Kg,historical_csv
2021-02-04,Papaya,77.0,Kg,historical_csv
2021-02-11,Papaya,81.67,Kg,historical_csv
2021-02-18,Papaya,71.43,Kg,historical_csv
2021-02-25,Papaya,72.14,Kg,historical_csv
2021-03-04,Papaya,83.12,Kg,historical_csv
2021-03-11,Papaya,69.29,Kg,historical_csv
2021-03-18,Papaya,67.14,Kg,historical_csv
2021-03-25,Papaya,73.57,Kg,historical_csv
2021-04-01,Papaya,72.5,Kg,historical_csv
2021-04-22,Papaya,70.0,Kg,historical_csv
2021-04-29,Papaya,74.29,Kg,historical_csv
2021-05-06,Papaya,91.07,Kg,historical_csv
2021-05-13,Papaya,83.57,Kg,historical_csv
2025-04-03,Papaya,70.0,Kg,historical_csv
2025-04-10,Papaya,70.71,Kg,historical_csv
2025-04-17,Papaya,70.0,Kg,historical_csv
2026-04-02,Papaya,70.0,Kg,historical_csv
2014-04-03,Pear,145.0,Kg,historical_csv
2014-04-10,Pear,145.0,Kg,historical_csv
2014-04-17,Pear,57.5,Kg,historical_csv
2014-07-17,Pear,29.0,Kg,historical_csv
2014-07-24,Pear,28.25,Kg,historical_csv
2014-07-31,Pear,27.5,Kg,historical_csv
2014-08-07,Pear,33.21,Kg,historical_csv
2014-08-14,Pear,35.0,Kg,historical_csv
2014-08-21,Pear,36.43,Kg,historical_csv
2014-08-28,Pear,37.5,Kg,historical_csv
2014-09-04,Pear,34.17,Kg,historical_csv
2014-09-11,Pear,39.29,Kg,historical_csv
2014-09-18,Pear,35.0,Kg,historical_csv
2014-09-25,Pear,40.83,Kg,historical_csv
2014-10-02,Pear,36.12,Kg,historical_csv
2014-10-09,Pear,125.0,Kg,historical_csv
2014-10-16,Pear,138.0,Kg,historical_csv
2014-10-23,Pear,55.0,Kg,historical_csv
2014-10-30,Pear,119.58,Kg,historical_csv
2014-11-06,Pear,185.0,Kg,historical_csv
2014-11-13,Pear,185.0,Kg,historical_csv
2014-11-20,Pear,185.0,Kg,historical_csv
2014-11-27,Pear,187.86,Kg,historical_csv
2014-12-04,Pear,194.29,Kg,historical_csv
2014-12-11,Pear,197.14,Kg,historical_csv
2014-12-18,Pear,193.57,Kg,historical_csv
2014-12-25,Pear,195.0,Kg,historical_csv
2015-01-01,Pear,200.0,Kg,historical_csv
2015-01-08,Pear,199.29,Kg,historical_csv
2015-01-15,Pear,209.0,Kg,historical_csv
2015-01-22,Pear,213.0,Kg,historical_csv
2015-01-29,Pear,225.0,Kg,historical_csv
2015-02-12,Pear,195.0,Kg,historical_csv
2015-02-19,Pear,198.33,Kg,historical_csv
2015-02-26,Pear,202.0,Kg,historical_csv
2015-03-05,Pear,205.0,Kg,historical_csv
2015-03-19,Pear,202.5,Kg,historical_csv
2015-03-26,Pear,210.0,Kg,historical_csv
2015-07-09,Pear,60.0,Kg,historical_csv
2015-07-16,Pear,26.75,Kg,historical_csv
2015-07-23,Pear,20.07,Kg,historical_csv
2015-07-30,Pear,21.79,Kg,historical_csv
2015-08-06,Pear,25.64,Kg,historical_csv
2015-08-13,Pear,27.07,Kg,historical_csv
2015-08-20,Pear,22.21,Kg,historical_csv
2015-08-27,Pear,30.36,Kg,historical_csv
2015-09-03,Pear,30.36,Kg,historical_csv
2015-09-10,Pear,27.5,Kg,historical_csv
2015-09-17,Pear,28.0,Kg,historical_csv
2015-09-24,Pear,27.79,Kg,historical_csv
2015-10-01,Pear,40.36,Kg,historical_csv
2015-10-08,Pear,43.71,Kg,historical_csv
2015-10-15,Pear,45.36,Kg,historical_csv
2015-10-22,Pear,232.14,Kg,historical_csv
2015-10-29,Pear,213.33,Kg,historical_csv
2015-11-05,Pear,183.57,Kg,historical_csv
2015-11-12,Pear,220.71,Kg,historical_csv
2015-11-19,Pear,212.14,Kg,historical_csv
2015-11-26,Pear,155.0,Kg,historical_csv
2015-12-03,Pear,160.0,Kg,historical_csv
2015-12-10,Pear,155.0,Kg,historical_csv
2015-12-17,Pear,159.29,Kg,historical_csv
2015-12-24,Pear,185.0,Kg,historical_csv
2015-12-31,Pear,185.0,Kg,historical_csv
2016-01-07,Pear,186.43,Kg,historical_csv
2016-01-14,Pear,185.0,Kg,historical_csv
2016-01-21,Pear,180.71,Kg,historical_csv
2016-01-28,Pear,183.57,Kg,historical_csv
2016-02-04,Pear,185.0,Kg,historical_csv
2016-02-11,Pear,185.0,Kg,historical_csv
2016-02-18,Pear,196.43,Kg,historical_csv
2016-02-25,Pear,185.0,Kg,historical_csv
2016-03-03,Pear,185.0,Kg,historical_csv
2016-03-10,Pear,177.86,Kg,historical_csv
2016-03-17,Pear,175.0,Kg,historical_csv
2016-03-24,Pear,175.0,Kg,historical_csv
2016-03-31,Pear,175.0,Kg,historical_csv
2016-04-07,Pear,175.0,Kg,historical_csv
2016-04-14,Pear,175.0,Kg,historical_csv
2016-04-21,Pear,146.43,Kg,historical_csv
2016-04-28,Pear,125.0,Kg,historical_csv
2016-05-05,Pear,129.0,Kg,historical_csv
2016-07-21,Pear,22.5,Kg,historical_csv
2016-07-28,Pear,22.5,Kg,historical_csv
2016-08-04,Pear,22.5,Kg,historical_csv
2016-08-11,Pear,22.43,Kg,historical_csv
2016-08-18,Pear,24.64,Kg,historical_csv
2016-08-25,Pear,28.93,Kg,historical_csv
2016-09-01,Pear,27.5,Kg,historical_csv
2016-09-08,Pear,28.21,Kg,historical_csv
2016-09-15,Pear,27.5,Kg,historical_csv
2016-09-22,Pear,36.07,Kg,historical_csv
2016-09-29,Pear,43.93,Kg,historical_csv
2016-10-06,Pear,45.0,Kg,historical_csv
2016-10-13,Pear,45.0,Kg,historical_csv
2016-10-20,Pear,45.0,Kg,historical_csv
2016-10-27,Pear,95.0,Kg,historical_csv
2016-11-03,Pear,105.0,Kg,historical_csv
2016-11-10,Pear,105.0,Kg,historical_csv
2016-11-17,Pear,105.0,Kg,historical_csv
2016-11-24,Pear,105.0,Kg,historical_csv
2016-12-01,Pear,105.0,Kg,historical_csv
2016-12-08,Pear,105.0,Kg,historical_csv
2016-12-15,Pear,105.0,Kg,historical_csv
2016-12-22,Pear,105.0,Kg,historical_csv
2016-12-29,Pear,105.0,Kg,historical_csv
2017-01-05,Pear,105.0,Kg,historical_csv
2017-01-12,Pear,105.0,Kg,historical_csv
2017-01-19,Pear,107.86,Kg,historical_csv
2017-01-26,Pear,105.0,Kg,historical_csv
2017-02-02,Pear,105.0,Kg,historical_csv
2017-02-09,Pear,105.0,Kg,historical_csv
2017-02-16,Pear,107.86,Kg,historical_csv
2017-02-23,Pear,105.0,Kg,historical_csv
2017-03-02,Pear,105.0,Kg,historical_csv
2017-03-09,Pear,105.0,Kg,historical_csv
2017-03-16,Pear,105.0,Kg,historical_csv
2017-03-23,Pear,105.0,Kg,historical_csv
2017-03-30,Pear,105.0,Kg,historical_csv
2017-04-06,Pear,105.0,Kg,historical_csv
2017-04-13,Pear,105.0,Kg,historical_csv
2017-04-20,Pear,105.0,Kg,historical_csv
2017-04-27,Pear,105.0,Kg,historical_csv
2017-05-04,Pear,105.0,Kg,historical_csv
2017-05-11,Pear,105.0,Kg,historical_csv
2017-05-18,Pear,105.0,Kg,historical_csv
2017-05-25,Pear,105.0,Kg,historical_csv
2017-06-01,Pear,105.0,Kg,historical_csv
2017-06-08,Pear,105.0,Kg,historical_csv
2017-06-15,Pear,105.0,Kg,historical_csv
2017-06-22,Pear,105.0,Kg,historical_csv
2017-06-29,Pear,105.0,Kg,historical_csv
2017-07-06,Pear,105.0,Kg,historical_csv
2017-07-13,Pear,105.0,Kg,historical_csv
2017-07-20,Pear,105.0,Kg,historical_csv
2017-07-27,Pear,76.07,Kg,historical_csv
2017-08-03,Pear,36.79,Kg,historical_csv
2017-08-10,Pear,37.5,Kg,historical_csv
2017-08-17,Pear,32.14,Kg,historical_csv
2017-08-24,Pear,31.07,Kg,historical_csv
2017-08-31,Pear,36.07,Kg,historical_csv
2017-09-07,Pear,36.07,Kg,historical_csv
2017-09-14,Pear,36.07,Kg,historical_csv
2017-09-21,Pear,37.5,Kg,historical_csv
2017-09-28,Pear,41.43,Kg,historical_csv
2017-10-05,Pear,47.5,Kg,historical_csv
2017-10-12,Pear,47.5,Kg,historical_csv
2017-10-19,Pear,71.43,Kg,historical_csv
2017-10-26,Pear,96.43,Kg,historical_csv
2017-11-02,Pear,96.43,Kg,historical_csv
2017-11-09,Pear,95.0,Kg,historical_csv
2017-11-16,Pear,95.0,Kg,historical_csv
2017-11-23,Pear,95.0,Kg,historical_csv
2017-11-30,Pear,95.0,Kg,historical_csv
2017-12-07,Pear,96.67,Kg,historical_csv
2017-12-14,Pear,95.0,Kg,historical_csv
2017-12-21,Pear,93.33,Kg,historical_csv
2017-12-28,Pear,95.0,Kg,historical_csv
2018-01-04,Pear,95.0,Kg,historical_csv
2018-01-11,Pear,95.0,Kg,historical_csv
2018-01-18,Pear,96.67,Kg,historical_csv
2018-01-25,Pear,95.0,Kg,historical_csv
2018-02-01,Pear,95.0,Kg,historical_csv
2018-02-08,Pear,95.0,Kg,historical_csv
2018-02-15,Pear,95.0,Kg,historical_csv
2018-02-22,Pear,102.14,Kg,historical_csv
2018-03-01,Pear,105.0,Kg,historical_csv
2018-03-08,Pear,105.0,Kg,historical_csv
2018-03-15,Pear,109.29,Kg,historical_csv
2018-03-22,Pear,105.0,Kg,historical_csv
2018-03-29,Pear,105.0,Kg,historical_csv
2018-04-05,Pear,149.29,Kg,historical_csv
2018-04-12,Pear,165.0,Kg,historical_csv
2018-04-19,Pear,169.29,Kg,historical_csv
2018-04-26,Pear,168.57,Kg,historical_csv
2018-05-03,Pear,155.0,Kg,historical_csv
2018-05-10,Pear,155.0,Kg,historical_csv
2018-05-17,Pear,155.0,Kg,historical_csv
2018-05-24,Pear,155.0,Kg,historical_csv
2018-05-31,Pear,156.43,Kg,historical_csv
2018-06-07,Pear,156.43,Kg,historical_csv
2018-06-14,Pear,155.0,Kg,historical_csv
2018-06-21,Pear,155.0,Kg,historical_csv
2018-06-28,Pear,155.0,Kg,historical_csv
2018-07-05,Pear,147.86,Kg,historical_csv
2018-07-12,Pear,155.0,Kg,historical_csv
2018-07-19,Pear,148.57,Kg,historical_csv
2018-07-26,Pear,90.71,Kg,historical_csv
2018-08-02,Pear,45.0,Kg,historical_csv
2018-08-09,Pear,45.0,Kg,historical_csv
2018-08-16,Pear,45.0,Kg,historical_csv
2018-08-23,Pear,47.5,Kg,historical_csv
2018-08-30,Pear,47.14,Kg,historical_csv
2018-09-06,Pear,46.79,Kg,historical_csv
2018-09-13,Pear,44.64,Kg,historical_csv
2018-09-20,Pear,40.36,Kg,historical_csv
2018-09-27,Pear,38.93,Kg,historical_csv
2018-10-04,Pear,46.79,Kg,historical_csv
2018-10-11,Pear,47.5,Kg,historical_csv
2018-10-18,Pear,47.5,Kg,historical_csv
2018-11-22,Pear,128.33,Kg,historical_csv
2018-11-29,Pear,135.0,Kg,historical_csv
2018-12-06,Pear,135.0,Kg,historical_csv
2018-12-13,Pear,135.0,Kg,historical_csv
2018-12-20,Pear,135.0,Kg,historical_csv
2018-12-27,Pear,135.0,Kg,historical_csv
2019-01-03,Pear,135.0,Kg,historical_csv
2019-01-10,Pear,135.0,Kg,historical_csv
2019-01-17,Pear,135.0,Kg,historical_csv
2019-01-24,Pear,134.29,Kg,historical_csv
2019-01-31,Pear,128.57,Kg,historical_csv
2019-02-07,Pear,120.71,Kg,historical_csv
2019-02-14,Pear,115.0,Kg,historical_csv
2019-03-28,Pear,115.0,Kg,historical_csv
2019-04-04,Pear,115.0,Kg,historical_csv
2019-04-11,Pear,115.0,Kg,historical_csv
2019-04-18,Pear,115.0,Kg,historical_csv
2019-04-25,Pear,115.0,Kg,historical_csv
2019-05-02,Pear,120.71,Kg,historical_csv
2019-05-09,Pear,125.0,Kg,historical_csv
2019-07-25,Pear,40.0,Kg,historical_csv
2019-08-01,Pear,35.0,Kg,historical_csv
2019-08-08,Pear,60.71,Kg,historical_csv
2019-08-15,Pear,99.46,Kg,historical_csv
2019-08-22,Pear,106.43,Kg,historical_csv
2019-08-29,Pear,102.86,Kg,historical_csv
2019-09-05,Pear,105.0,Kg,historical_csv
2019-09-12,Pear,105.0,Kg,historical_csv
2019-09-19,Pear,108.93,Kg,historical_csv
2019-09-26,Pear,107.14,Kg,historical_csv
2019-10-03,Pear,104.29,Kg,historical_csv
2019-10-10,Pear,103.96,Kg,historical_csv
2019-10-17,Pear,150.36,Kg,historical_csv
2019-10-24,Pear,183.57,Kg,historical_csv
2019-10-31,Pear,190.0,Kg,historical_csv
2019-11-07,Pear,190.0,Kg,historical_csv
2019-11-14,Pear,125.0,Kg,historical_csv
2019-11-21,Pear,125.0,Kg,historical_csv
2019-11-28,Pear,125.0,Kg,historical_csv
2019-12-05,Pear,125.0,Kg,historical_csv
2019-12-12,Pear,133.57,Kg,historical_csv
2019-12-19,Pear,145.0,Kg,historical_csv
2019-12-26,Pear,145.0,Kg,historical_csv
2020-01-02,Pear,145.0,Kg,historical_csv
2020-01-09,Pear,145.0,Kg,historical_csv
2020-01-16,Pear,145.0,Kg,historical_csv
2020-01-23,Pear,145.0,Kg,historical_csv
2020-01-30,Pear,144.64,Kg,historical_csv
2020-02-06,Pear,149.29,Kg,historical_csv
2020-02-13,Pear,145.0,Kg,historical_csv
2020-02-20,Pear,145.0,Kg,historical_csv
2020-02-27,Pear,145.0,Kg,historical_csv
2020-03-05,Pear,144.17,Kg,historical_csv
2020-03-12,Pear,115.0,Kg,historical_csv
2020-03-19,Pear,118.33,Kg,historical_csv
2020-03-26,Pear,120.0,Kg,historical_csv
2020-04-02,Pear,115.0,Kg,historical_csv
2020-08-06,Pear,41.67,Kg,historical_csv
2020-08-13,Pear,35.71,Kg,historical_csv
2020-08-20,Pear,37.5,Kg,historical_csv
2020-08-27,Pear,38.57,Kg,historical_csv
2020-09-03,Pear,35.5,Kg,historical_csv
2020-09-10,Pear,30.36,Kg,historical_csv
2020-09-17,Pear,26.07,Kg,historical_csv
2020-09-24,Pear,29.64,Kg,historical_csv
2020-10-01,Pear,36.79,Kg,historical_csv
2020-10-08,Pear,38.21,Kg,historical_csv
2020-10-15,Pear,34.17,Kg,historical_csv
2020-10-22,Pear,123.93,Kg,historical_csv
2020-10-29,Pear,245.0,Kg,historical_csv
2020-11-05,Pear,245.0,Kg,historical_csv
2020-11-12,Pear,245.0,Kg,historical_csv
2020-11-19,Pear,250.71,Kg,historical_csv
2020-11-26,Pear,255.0,Kg,historical_csv
2020-12-03,Pear,255.0,Kg,historical_csv
2020-12-10,Pear,255.0,Kg,historical_csv
2020-12-17,Pear,253.57,Kg,historical_csv
2020-12-24,Pear,253.57,Kg,historical_csv
2020-12-31,Pear,256.43,Kg,historical_csv
2021-01-07,Pear,262.14,Kg,historical_csv
2021-01-14,Pear,255.0,Kg,historical_csv
2021-01-21,Pear,260.71,Kg,historical_csv
2021-01-28,Pear,265.0,Kg,historical_csv
2021-02-04,Pear,265.0,Kg,historical_csv
2021-02-11,Pear,265.71,Kg,historical_csv
2021-02-18,Pear,265.0,Kg,historical_csv
2021-02-25,Pear,264.29,Kg,historical_csv
2021-03-04,Pear,265.0,Kg,historical_csv
2021-03-11,Pear,275.71,Kg,historical_csv
2021-03-18,Pear,255.0,Kg,historical_csv
2021-03-25,Pear,255.0,Kg,historical_csv
2021-04-01,Pear,260.0,Kg,historical_csv
2021-04-22,Pear,255.0,Kg,historical_csv
2021-04-29,Pear,260.71,Kg,historical_csv
2021-05-06,Pear,265.0,Kg,historical_csv
2021-05-13,Pear,249.17,Kg,historical_csv
2025-04-03,Pear,265.0,Kg,historical_csv
2025-04-10,Pear,257.86,Kg,historical_csv
2025-04-17,Pear,255.0,Kg,historical_csv
2026-04-02,Pear,255.0,Kg,historical_csv
2013-06-20,Peas,57.5,Kg,historical_csv
2013-08-08,Peas,95.0,Kg,historical_csv
2013-10-03,Peas,133.33,Kg,historical_csv
2013-10-10,Peas,110.83,Kg,historical_csv
2013-10-17,Peas,113.33,Kg,historical_csv
2013-10-24,Peas,96.0,Kg,historical_csv
2013-10-31,Peas,100.83,Kg,historical_csv
2013-11-07,Peas,109.0,Kg,historical_csv
2013-11-14,Peas,66.0,Kg,historical_csv
2013-11-21,Peas,87.92,Kg,historical_csv
2013-11-28,Peas,51.67,Kg,historical_csv
2013-12-05,Peas,65.42,Kg,historical_csv
2013-12-12,Peas,75.0,Kg,historical_csv
2013-12-19,Peas,77.5,Kg,historical_csv
2013-12-26,Peas,59.5,Kg,historical_csv
2014-01-02,Peas,36.9,Kg,historical_csv
2014-01-09,Peas,28.92,Kg,historical_csv
2014-01-16,Peas,29.2,Kg,historical_csv
2014-01-23,Peas,28.33,Kg,historical_csv
2014-01-30,Peas,30.8,Kg,historical_csv
2014-02-06,Peas,32.5,Kg,historical_csv
2014-02-13,Peas,37.79,Kg,historical_csv
2014-02-20,Peas,51.5,Kg,historical_csv
2014-02-27,Peas,45.0,Kg,historical_csv
2014-03-06,Peas,52.5,Kg,historical_csv
2014-03-13,Peas,49.58,Kg,historical_csv
2014-03-20,Peas,50.5,Kg,historical_csv
2014-03-27,Peas,40.25,Kg,historical_csv
2014-04-03,Peas,41.2,Kg,historical_csv
2014-04-10,Peas,43.8,Kg,historical_csv
2014-04-17,Peas,43.0,Kg,historical_csv
2014-04-24,Peas,41.5,Kg,historical_csv
2014-05-01,Peas,43.5,Kg,historical_csv
2014-05-08,Peas,45.0,Kg,historical_csv
2014-05-15,Peas,55.5,Kg,historical_csv
2014-05-22,Peas,57.5,Kg,historical_csv
2014-05-29,Peas,60.0,Kg,historical_csv
2014-06-05,Peas,74.17,Kg,historical_csv
2014-06-12,Peas,93.33,Kg,historical_csv
2014-06-19,Peas,103.33,Kg,historical_csv
2014-06-26,Peas,105.0,Kg,historical_csv
2014-07-03,Peas,105.0,Kg,historical_csv
2014-09-04,Peas,57.5,Kg,historical_csv
2014-10-02,Peas,135.0,Kg,historical_csv
2014-10-09,Peas,122.5,Kg,historical_csv
2014-10-16,Peas,103.33,Kg,historical_csv
2014-10-23,Peas,90.0,Kg,historical_csv
2014-10-30,Peas,101.79,Kg,historical_csv
2014-11-06,Peas,79.64,Kg,historical_csv
2014-11-13,Peas,80.71,Kg,historical_csv
2014-11-20,Peas,77.86,Kg,historical_csv
2014-11-27,Peas,85.71,Kg,historical_csv
2014-12-04,Peas,82.14,Kg,historical_csv
2014-12-11,Peas,78.57,Kg,historical_csv
2014-12-18,Peas,58.21,Kg,historical_csv
2014-12-25,Peas,60.83,Kg,historical_csv
2015-01-01,Peas,56.21,Kg,historical_csv
2015-01-08,Peas,61.79,Kg,historical_csv
2015-01-15,Peas,62.5,Kg,historical_csv
2015-01-22,Peas,58.57,Kg,historical_csv
2015-01-29,Peas,54.17,Kg,historical_csv
2015-02-05,Peas,51.25,Kg,historical_csv
2015-02-12,Peas,52.5,Kg,historical_csv
2015-02-19,Peas,53.33,Kg,historical_csv
2015-02-26,Peas,55.0,Kg,historical_csv
2015-03-05,Peas,51.88,Kg,historical_csv
2015-03-12,Peas,58.2,Kg,historical_csv
2015-03-19,Peas,52.0,Kg,historical_csv
2015-03-26,Peas,42.14,Kg,historical_csv
2015-04-02,Peas,39.21,Kg,historical_csv
2015-04-09,Peas,33.75,Kg,historical_csv
2015-04-16,Peas,41.83,Kg,historical_csv
2015-04-23,Peas,34.43,Kg,historical_csv
2015-04-30,Peas,36.07,Kg,historical_csv
2015-05-07,Peas,35.5,Kg,historical_csv
2015-05-14,Peas,37.33,Kg,historical_csv
2015-05-21,Peas,46.57,Kg,historical_csv
2015-05-28,Peas,62.5,Kg,historical_csv
2015-06-04,Peas,60.36,Kg,historical_csv
2015-06-11,Peas,61.88,Kg,historical_csv
2015-06-18,Peas,57.5,Kg,historical_csv
2015-06-25,Peas,53.5,Kg,historical_csv
2015-07-02,Peas,57.5,Kg,historical_csv
2015-07-09,Peas,55.0,Kg,historical_csv
2015-07-23,Peas,135.0,Kg,historical_csv
2015-07-30,Peas,141.67,Kg,historical_csv
2015-10-15,Peas,119.0,Kg,historical_csv
2015-10-22,Peas,98.0,Kg,historical_csv
2015-10-29,Peas,75.0,Kg,historical_csv
2015-11-05,Peas,67.14,Kg,historical_csv
2015-11-12,Peas,82.86,Kg,historical_csv
2015-11-19,Peas,79.0,Kg,historical_csv
2015-11-26,Peas,82.5,Kg,historical_csv
2015-12-03,Peas,85.0,Kg,historical_csv
2015-12-10,Peas,88.57,Kg,historical_csv
2015-12-17,Peas,94.29,Kg,historical_csv
2015-12-24,Peas,90.0,Kg,historical_csv
2015-12-31,Peas,90.0,Kg,historical_csv
2016-01-07,Peas,83.21,Kg,historical_csv
2016-01-14,Peas,73.93,Kg,historical_csv
2016-01-21,Peas,71.79,Kg,historical_csv
2016-01-28,Peas,62.14,Kg,historical_csv
2016-02-04,Peas,52.14,Kg,historical_csv
2016-02-11,Peas,38.93,Kg,historical_csv
2016-02-18,Peas,34.29,Kg,historical_csv
2016-02-25,Peas,37.14,Kg,historical_csv
2016-03-03,Peas,50.42,Kg,historical_csv
2016-03-10,Peas,50.71,Kg,historical_csv
2016-03-17,Peas,48.75,Kg,historical_csv
2016-03-24,Peas,53.93,Kg,historical_csv
2016-03-31,Peas,63.07,Kg,historical_csv
2016-04-07,Peas,64.29,Kg,historical_csv
2016-04-14,Peas,73.57,Kg,historical_csv
2016-04-21,Peas,94.29,Kg,historical_csv
2016-04-28,Peas,99.0,Kg,historical_csv
2016-06-09,Peas,95.0,Kg,historical_csv
2016-10-20,Peas,135.0,Kg,historical_csv
2016-10-27,Peas,155.0,Kg,historical_csv
2016-11-03,Peas,147.86,Kg,historical_csv
2016-11-10,Peas,120.71,Kg,historical_csv
2016-11-17,Peas,106.43,Kg,historical_csv
2016-11-24,Peas,97.14,Kg,historical_csv
2016-12-01,Peas,93.57,Kg,historical_csv
2016-12-08,Peas,96.43,Kg,historical_csv
2016-12-15,Peas,84.64,Kg,historical_csv
2016-12-22,Peas,64.64,Kg,historical_csv
2016-12-29,Peas,39.64,Kg,historical_csv
2017-01-05,Peas,28.43,Kg,historical_csv
2017-01-12,Peas,28.79,Kg,historical_csv
2017-01-19,Peas,37.86,Kg,historical_csv
2017-01-26,Peas,36.14,Kg,historical_csv
2017-02-02,Peas,38.79,Kg,historical_csv
2017-02-09,Peas,42.5,Kg,historical_csv
2017-02-16,Peas,48.93,Kg,historical_csv
2017-02-23,Peas,43.93,Kg,historical_csv
2017-03-02,Peas,47.08,Kg,historical_csv
2017-03-09,Peas,47.92,Kg,historical_csv
2017-03-16,Peas,50.0,Kg,historical_csv
2017-03-23,Peas,58.21,Kg,historical_csv
2017-03-30,Peas,57.5,Kg,historical_csv
2017-04-06,Peas,53.93,Kg,historical_csv
2017-04-13,Peas,62.36,Kg,historical_csv
2017-04-20,Peas,60.0,Kg,historical_csv
2017-04-27,Peas,53.57,Kg,historical_csv
2017-05-04,Peas,88.21,Kg,historical_csv
2017-05-11,Peas,93.57,Kg,historical_csv
2017-05-18,Peas,97.5,Kg,historical_csv
2017-05-25,Peas,86.43,Kg,historical_csv
2017-06-01,Peas,96.43,Kg,historical_csv
2017-06-08,Peas,86.43,Kg,historical_csv
2017-06-15,Peas,95.0,Kg,historical_csv
2017-06-22,Peas,85.0,Kg,historical_csv
2017-07-13,Peas,205.0,Kg,historical_csv
2017-10-19,Peas,122.14,Kg,historical_csv
2017-10-26,Peas,133.0,Kg,historical_csv
2017-11-02,Peas,103.57,Kg,historical_csv
2017-11-09,Peas,103.21,Kg,historical_csv
2017-11-16,Peas,106.79,Kg,historical_csv
2017-11-23,Peas,98.21,Kg,historical_csv
2017-11-30,Peas,99.29,Kg,historical_csv
2017-12-07,Peas,100.42,Kg,historical_csv
2017-12-14,Peas,95.36,Kg,historical_csv
2017-12-21,Peas,87.92,Kg,historical_csv
2017-12-28,Peas,65.0,Kg,historical_csv
2018-01-04,Peas,66.07,Kg,historical_csv
2018-01-11,Peas,61.79,Kg,historical_csv
2018-01-18,Peas,64.5,Kg,historical_csv
2018-01-25,Peas,55.21,Kg,historical_csv
2018-02-01,Peas,53.21,Kg,historical_csv
2018-02-08,Peas,56.79,Kg,historical_csv
2018-02-15,Peas,64.64,Kg,historical_csv
2018-02-22,Peas,63.93,Kg,historical_csv
2018-03-01,Peas,61.79,Kg,historical_csv
2018-03-08,Peas,58.33,Kg,historical_csv
2018-03-15,Peas,52.5,Kg,historical_csv
2018-03-22,Peas,43.43,Kg,historical_csv
2018-03-29,Peas,43.57,Kg,historical_csv
2018-04-05,Peas,47.5,Kg,historical_csv
2018-04-12,Peas,45.36,Kg,historical_csv
2018-04-19,Peas,50.36,Kg,historical_csv
2018-04-26,Peas,61.79,Kg,historical_csv
2018-05-03,Peas,80.36,Kg,historical_csv
2018-05-10,Peas,94.0,Kg,historical_csv
2018-11-01,Peas,131.67,Kg,historical_csv
2018-11-08,Peas,123.57,Kg,historical_csv
2018-11-15,Peas,120.0,Kg,historical_csv
2018-11-22,Peas,86.07,Kg,historical_csv
2018-11-29,Peas,102.5,Kg,historical_csv
2018-12-06,Peas,94.64,Kg,historical_csv
2018-12-13,Peas,92.14,Kg,historical_csv
2018-12-20,Peas,72.14,Kg,historical_csv
2018-12-27,Peas,53.93,Kg,historical_csv
2019-01-03,Peas,49.64,Kg,historical_csv
2019-01-10,Peas,51.07,Kg,historical_csv
2019-01-17,Peas,46.79,Kg,historical_csv
2019-01-24,Peas,38.93,Kg,historical_csv
2019-01-31,Peas,36.79,Kg,historical_csv
2019-02-07,Peas,36.07,Kg,historical_csv
2019-02-14,Peas,38.21,Kg,historical_csv
2019-02-21,Peas,45.36,Kg,historical_csv
2019-02-28,Peas,46.79,Kg,historical_csv
2019-03-07,Peas,59.17,Kg,historical_csv
2019-03-14,Peas,67.5,Kg,historical_csv
2019-03-21,Peas,60.36,Kg,historical_csv
2019-03-28,Peas,56.79,Kg,historical_csv
2019-04-04,Peas,52.5,Kg,historical_csv
2019-04-11,Peas,46.79,Kg,historical_csv
2019-04-18,Peas,47.5,Kg,historical_csv
2019-04-25,Peas,49.64,Kg,historical_csv
2019-05-02,Peas,45.83,Kg,historical_csv
2019-05-09,Peas,77.5,Kg,historical_csv
2019-05-16,Peas,73.5,Kg,historical_csv
2019-05-23,Peas,62.86,Kg,historical_csv
2019-05-30,Peas,70.0,Kg,historical_csv
2019-06-06,Peas,77.5,Kg,historical_csv
2019-06-13,Peas,77.5,Kg,historical_csv
2019-10-24,Peas,183.33,Kg,historical_csv
2019-10-31,Peas,157.5,Kg,historical_csv
2019-11-07,Peas,132.14,Kg,historical_csv
2019-11-14,Peas,127.5,Kg,historical_csv
2019-11-21,Peas,97.86,Kg,historical_csv
2019-11-28,Peas,107.14,Kg,historical_csv
2019-12-05,Peas,113.57,Kg,historical_csv
2019-12-12,Peas,85.71,Kg,historical_csv
2019-12-19,Peas,80.0,Kg,historical_csv
2019-12-26,Peas,69.64,Kg,historical_csv
2020-01-02,Peas,86.07,Kg,historical_csv
2020-01-09,Peas,90.0,Kg,historical_csv
2020-01-16,Peas,83.21,Kg,historical_csv
2020-01-23,Peas,72.5,Kg,historical_csv
2020-01-30,Peas,59.29,Kg,historical_csv
2020-02-06,Peas,66.43,Kg,historical_csv
2020-02-13,Peas,70.71,Kg,historical_csv
2020-02-20,Peas,71.07,Kg,historical_csv
2020-02-27,Peas,55.36,Kg,historical_csv
2020-03-05,Peas,64.58,Kg,historical_csv
2020-03-12,Peas,58.21,Kg,historical_csv
2020-03-19,Peas,53.93,Kg,historical_csv
2020-03-26,Peas,55.0,Kg,historical_csv
2020-04-02,Peas,42.14,Kg,historical_csv
2020-04-09,Peas,34.17,Kg,historical_csv
2020-04-16,Peas,34.38,Kg,historical_csv
2020-04-23,Peas,30.5,Kg,historical_csv
2020-04-30,Peas,43.21,Kg,historical_csv
2020-05-07,Peas,61.67,Kg,historical_csv
2020-05-14,Peas,76.88,Kg,historical_csv
2020-05-21,Peas,55.0,Kg,historical_csv
2020-06-04,Peas,77.5,Kg,historical_csv
2020-06-11,Peas,77.5,Kg,historical_csv
2020-11-05,Peas,153.21,Kg,historical_csv
2020-11-12,Peas,127.0,Kg,historical_csv
2020-11-19,Peas,156.25,Kg,historical_csv
2020-11-26,Peas,157.14,Kg,historical_csv
2020-12-03,Peas,190.71,Kg,historical_csv
2020-12-10,Peas,149.29,Kg,historical_csv
2020-12-17,Peas,92.14,Kg,historical_csv
2020-12-24,Peas,70.71,Kg,historical_csv
2020-12-31,Peas,63.93,Kg,historical_csv
2021-01-07,Peas,52.86,Kg,historical_csv
2021-01-14,Peas,44.64,Kg,historical_csv
2021-01-21,Peas,44.64,Kg,historical_csv
2021-01-28,Peas,47.86,Kg,historical_csv
2021-02-04,Peas,53.21,Kg,historical_csv
2021-02-11,Peas,57.86,Kg,historical_csv
2021-02-18,Peas,58.21,Kg,historical_csv
2021-02-25,Peas,65.71,Kg,historical_csv
2021-03-04,Peas,62.08,Kg,historical_csv
2021-03-11,Peas,60.36,Kg,historical_csv
2021-03-18,Peas,62.5,Kg,historical_csv
2021-03-25,Peas,76.43,Kg,historical_csv
2021-04-01,Peas,75.0,Kg,historical_csv
2021-04-22,Peas,154.17,Kg,historical_csv
2021-04-29,Peas,188.33,Kg,historical_csv
2021-05-06,Peas,124.29,Kg,historical_csv
2021-05-13,Peas,106.43,Kg,historical_csv
2025-04-03,Peas,88.33,Kg,historical_csv
2025-04-10,Peas,100.0,Kg,historical_csv
2025-04-17,Peas,113.33,Kg,historical_csv
2026-04-02,Peas,75.0,Kg,historical_csv
2013-06-20,Pineapple,65.0,1 Pc,historical_csv
2013-08-01,Pineapple,68.33,1 Pc,historical_csv
2013-08-08,Pineapple,68.33,1 Pc,historical_csv
2013-08-15,Pineapple,75.0,1 Pc,historical_csv
2013-08-22,Pineapple,70.62,1 Pc,historical_csv
2013-08-29,Pineapple,70.5,1 Pc,historical_csv
2013-09-05,Pineapple,70.0,1 Pc,historical_csv
2013-09-12,Pineapple,73.33,1 Pc,historical_csv
2013-09-19,Pineapple,75.0,1 Pc,historical_csv
2013-09-26,Pineapple,85.83,1 Pc,historical_csv
2013-10-03,Pineapple,85.0,1 Pc,historical_csv
2013-10-10,Pineapple,85.0,1 Pc,historical_csv
2013-10-17,Pineapple,89.29,1 Pc,historical_csv
2013-10-24,Pineapple,95.0,1 Pc,historical_csv
2013-10-31,Pineapple,90.0,1 Pc,historical_csv
2013-11-07,Pineapple,85.0,1 Pc,historical_csv
2013-11-14,Pineapple,84.5,1 Pc,historical_csv
2013-11-21,Pineapple,89.5,1 Pc,historical_csv
2013-11-28,Pineapple,81.67,1 Pc,historical_csv
2013-12-05,Pineapple,75.0,1 Pc,historical_csv
2013-12-12,Pineapple,75.0,1 Pc,historical_csv
2013-12-19,Pineapple,75.0,1 Pc,historical_csv
2013-12-26,Pineapple,69.0,1 Pc,historical_csv
2014-01-02,Pineapple,65.0,1 Pc,historical_csv
2014-01-09,Pineapple,63.33,1 Pc,historical_csv
2014-01-16,Pineapple,65.0,1 Pc,historical_csv
2014-01-23,Pineapple,65.0,1 Pc,historical_csv
2014-01-30,Pineapple,68.0,1 Pc,historical_csv
2014-02-06,Pineapple,65.0,1 Pc,historical_csv
2014-02-13,Pineapple,63.33,1 Pc,historical_csv
2014-02-20,Pineapple,65.0,1 Pc,historical_csv
2014-02-27,Pineapple,65.0,1 Pc,historical_csv
2014-03-06,Pineapple,72.5,1 Pc,historical_csv
2014-03-13,Pineapple,68.33,1 Pc,historical_csv
2014-03-20,Pineapple,62.0,1 Pc,historical_csv
2014-03-27,Pineapple,65.0,1 Pc,historical_csv
2014-04-03,Pineapple,74.0,1 Pc,historical_csv
2014-04-10,Pineapple,73.5,1 Pc,historical_csv
2014-04-17,Pineapple,71.0,1 Pc,historical_csv
2014-04-24,Pineapple,85.0,1 Pc,historical_csv
2014-05-01,Pineapple,91.0,1 Pc,historical_csv
2014-05-08,Pineapple,90.0,1 Pc,historical_csv
2014-05-15,Pineapple,89.0,1 Pc,historical_csv
2014-05-22,Pineapple,93.33,1 Pc,historical_csv
2014-05-29,Pineapple,129.0,1 Pc,historical_csv
2014-06-05,Pineapple,100.0,1 Pc,historical_csv
2014-06-12,Pineapple,105.0,1 Pc,historical_csv
2014-06-19,Pineapple,110.0,1 Pc,historical_csv
2014-06-26,Pineapple,77.0,1 Pc,historical_csv
2014-07-03,Pineapple,87.5,1 Pc,historical_csv
2014-07-10,Pineapple,87.86,1 Pc,historical_csv
2014-07-17,Pineapple,96.43,1 Pc,historical_csv
2014-07-24,Pineapple,70.71,1 Pc,historical_csv
2014-07-31,Pineapple,85.36,1 Pc,historical_csv
2014-08-07,Pineapple,91.67,1 Pc,historical_csv
2014-08-14,Pineapple,86.43,1 Pc,historical_csv
2014-08-21,Pineapple,85.0,1 Pc,historical_csv
2014-08-28,Pineapple,89.29,1 Pc,historical_csv
2014-09-04,Pineapple,86.67,1 Pc,historical_csv
2014-09-11,Pineapple,86.43,1 Pc,historical_csv
2014-09-18,Pineapple,87.86,1 Pc,historical_csv
2014-09-25,Pineapple,85.0,1 Pc,historical_csv
2014-10-02,Pineapple,85.0,1 Pc,historical_csv
2014-10-09,Pineapple,80.0,1 Pc,historical_csv
2014-10-16,Pineapple,81.0,1 Pc,historical_csv
2014-10-23,Pineapple,85.0,1 Pc,historical_csv
2014-10-30,Pineapple,85.0,1 Pc,historical_csv
2014-11-06,Pineapple,85.0,1 Pc,historical_csv
2014-11-13,Pineapple,89.29,1 Pc,historical_csv
2014-11-20,Pineapple,90.71,1 Pc,historical_csv
2014-11-27,Pineapple,89.29,1 Pc,historical_csv
2014-12-04,Pineapple,93.57,1 Pc,historical_csv
2014-12-11,Pineapple,93.57,1 Pc,historical_csv
2014-12-18,Pineapple,83.93,1 Pc,historical_csv
2014-12-25,Pineapple,88.33,1 Pc,historical_csv
2015-01-01,Pineapple,86.43,1 Pc,historical_csv
2015-01-08,Pineapple,85.0,1 Pc,historical_csv
2015-01-15,Pineapple,85.0,1 Pc,historical_csv
2015-01-22,Pineapple,85.0,1 Pc,historical_csv
2015-01-29,Pineapple,90.0,1 Pc,historical_csv
2015-02-05,Pineapple,91.67,1 Pc,historical_csv
2015-02-12,Pineapple,86.43,1 Pc,historical_csv
2015-02-19,Pineapple,85.0,1 Pc,historical_csv
2015-02-26,Pineapple,85.0,1 Pc,historical_csv
2015-03-05,Pineapple,85.0,1 Pc,historical_csv
2015-03-12,Pineapple,85.0,1 Pc,historical_csv
2015-03-19,Pineapple,88.33,1 Pc,historical_csv
2015-03-26,Pineapple,80.71,1 Pc,historical_csv
2015-04-02,Pineapple,66.07,1 Pc,historical_csv
2015-04-09,Pineapple,85.0,1 Pc,historical_csv
2015-04-16,Pineapple,69.58,1 Pc,historical_csv
2015-04-23,Pineapple,81.07,1 Pc,historical_csv
2015-04-30,Pineapple,90.71,1 Pc,historical_csv
2015-05-07,Pineapple,90.71,1 Pc,historical_csv
2015-05-14,Pineapple,93.33,1 Pc,historical_csv
2015-05-21,Pineapple,95.0,1 Pc,historical_csv
2015-05-28,Pineapple,95.0,1 Pc,historical_csv
2015-06-04,Pineapple,93.57,1 Pc,historical_csv
2015-06-11,Pineapple,92.14,1 Pc,historical_csv
2015-06-18,Pineapple,95.0,1 Pc,historical_csv
2015-06-25,Pineapple,85.0,1 Pc,historical_csv
2015-07-02,Pineapple,78.85,1 Pc,historical_csv
2015-07-09,Pineapple,81.36,1 Pc,historical_csv
2015-07-16,Pineapple,81.15,1 Pc,historical_csv
2015-07-23,Pineapple,82.69,1 Pc,historical_csv
2015-07-30,Pineapple,80.0,1 Pc,historical_csv
2015-08-06,Pineapple,86.43,1 Pc,historical_csv
2015-08-13,Pineapple,87.86,1 Pc,historical_csv
2015-08-20,Pineapple,93.57,1 Pc,historical_csv
2015-08-27,Pineapple,85.0,1 Pc,historical_csv
2015-09-03,Pineapple,95.0,1 Pc,historical_csv
2015-09-10,Pineapple,90.71,1 Pc,historical_csv
2015-09-17,Pineapple,85.0,1 Pc,historical_csv
2015-09-24,Pineapple,86.43,1 Pc,historical_csv
2015-10-01,Pineapple,96.43,1 Pc,historical_csv
2015-10-08,Pineapple,96.43,1 Pc,historical_csv
2015-10-15,Pineapple,92.14,1 Pc,historical_csv
2015-10-22,Pineapple,85.0,1 Pc,historical_csv
2015-10-29,Pineapple,87.86,1 Pc,historical_csv
2015-11-05,Pineapple,85.0,1 Pc,historical_csv
2015-11-12,Pineapple,86.43,1 Pc,historical_csv
2015-11-19,Pineapple,85.0,1 Pc,historical_csv
2015-11-26,Pineapple,85.0,1 Pc,historical_csv
2015-12-03,Pineapple,87.86,1 Pc,historical_csv
2015-12-10,Pineapple,85.0,1 Pc,historical_csv
2015-12-17,Pineapple,85.0,1 Pc,historical_csv
2015-12-24,Pineapple,85.0,1 Pc,historical_csv
2015-12-31,Pineapple,85.0,1 Pc,historical_csv
2016-01-07,Pineapple,86.43,1 Pc,historical_csv
2016-01-14,Pineapple,85.0,1 Pc,historical_csv
2016-01-21,Pineapple,85.0,1 Pc,historical_csv
2016-01-28,Pineapple,85.0,1 Pc,historical_csv
2016-02-04,Pineapple,86.43,1 Pc,historical_csv
2016-02-11,Pineapple,89.29,1 Pc,historical_csv
2016-02-18,Pineapple,79.29,1 Pc,historical_csv
2016-02-25,Pineapple,76.43,1 Pc,historical_csv
2016-03-03,Pineapple,66.67,1 Pc,historical_csv
2016-03-10,Pineapple,95.0,1 Pc,historical_csv
2016-03-17,Pineapple,88.33,1 Pc,historical_csv
2016-03-24,Pineapple,89.29,1 Pc,historical_csv
2016-03-31,Pineapple,109.29,1 Pc,historical_csv
2016-04-07,Pineapple,87.86,1 Pc,historical_csv
2016-04-14,Pineapple,105.71,1 Pc,historical_csv
2016-04-21,Pineapple,122.14,1 Pc,historical_csv
2016-04-28,Pineapple,132.14,1 Pc,historical_csv
2016-05-05,Pineapple,140.71,1 Pc,historical_csv
2016-05-12,Pineapple,142.14,1 Pc,historical_csv
2016-05-19,Pineapple,153.57,1 Pc,historical_csv
2016-05-26,Pineapple,119.29,1 Pc,historical_csv
2016-06-02,Pineapple,105.0,1 Pc,historical_csv
2016-06-09,Pineapple,105.0,1 Pc,historical_csv
2016-06-16,Pineapple,105.0,1 Pc,historical_csv
2016-06-23,Pineapple,102.14,1 Pc,historical_csv
2016-06-30,Pineapple,97.86,1 Pc,historical_csv
2016-07-07,Pineapple,90.71,1 Pc,historical_csv
2016-07-14,Pineapple,95.0,1 Pc,historical_csv
2016-07-21,Pineapple,95.0,1 Pc,historical_csv
2016-07-28,Pineapple,95.0,1 Pc,historical_csv
2016-08-04,Pineapple,95.0,1 Pc,historical_csv
2016-08-11,Pineapple,96.43,1 Pc,historical_csv
2016-08-18,Pineapple,95.0,1 Pc,historical_csv
2016-08-25,Pineapple,95.0,1 Pc,historical_csv
2016-09-01,Pineapple,97.86,1 Pc,historical_csv
2016-09-08,Pineapple,102.14,1 Pc,historical_csv
2016-09-15,Pineapple,93.57,1 Pc,historical_csv
2016-09-22,Pineapple,99.29,1 Pc,historical_csv
2016-09-29,Pineapple,105.0,1 Pc,historical_csv
2016-10-06,Pineapple,105.0,1 Pc,historical_csv
2016-10-13,Pineapple,105.0,1 Pc,historical_csv
2016-10-20,Pineapple,105.0,1 Pc,historical_csv
2016-10-27,Pineapple,105.0,1 Pc,historical_csv
2016-11-03,Pineapple,105.0,1 Pc,historical_csv
2016-11-10,Pineapple,105.0,1 Pc,historical_csv
2016-11-17,Pineapple,105.0,1 Pc,historical_csv
2016-11-24,Pineapple,105.0,1 Pc,historical_csv
2016-12-01,Pineapple,105.0,1 Pc,historical_csv
2016-12-08,Pineapple,105.0,1 Pc,historical_csv
2016-12-15,Pineapple,105.0,1 Pc,historical_csv
2016-12-22,Pineapple,105.0,1 Pc,historical_csv
2016-12-29,Pineapple,105.0,1 Pc,historical_csv
2017-01-05,Pineapple,105.0,1 Pc,historical_csv
2017-01-12,Pineapple,105.0,1 Pc,historical_csv
2017-01-19,Pineapple,107.86,1 Pc,historical_csv
2017-01-26,Pineapple,105.0,1 Pc,historical_csv
2017-02-02,Pineapple,105.0,1 Pc,historical_csv
2017-02-09,Pineapple,105.0,1 Pc,historical_csv
2017-02-16,Pineapple,105.0,1 Pc,historical_csv
2017-02-23,Pineapple,105.0,1 Pc,historical_csv
2017-03-02,Pineapple,105.0,1 Pc,historical_csv
2017-03-09,Pineapple,105.0,1 Pc,historical_csv
2017-03-16,Pineapple,105.0,1 Pc,historical_csv
2017-03-23,Pineapple,105.0,1 Pc,historical_csv
2017-03-30,Pineapple,105.0,1 Pc,historical_csv
2017-04-06,Pineapple,105.0,1 Pc,historical_csv
2017-04-13,Pineapple,104.29,1 Pc,historical_csv
2017-04-20,Pineapple,105.0,1 Pc,historical_csv
2017-04-27,Pineapple,106.43,1 Pc,historical_csv
2017-05-04,Pineapple,105.0,1 Pc,historical_csv
2017-05-11,Pineapple,105.0,1 Pc,historical_csv
2017-05-18,Pineapple,105.0,1 Pc,historical_csv
2017-05-25,Pineapple,105.0,1 Pc,historical_csv
2017-06-01,Pineapple,105.0,1 Pc,historical_csv
2017-06-08,Pineapple,100.71,1 Pc,historical_csv
2017-06-15,Pineapple,95.0,1 Pc,historical_csv
2017-06-22,Pineapple,95.0,1 Pc,historical_csv
2017-06-29,Pineapple,95.71,1 Pc,historical_csv
2017-07-06,Pineapple,95.0,1 Pc,historical_csv
2017-07-13,Pineapple,95.71,1 Pc,historical_csv
2017-07-20,Pineapple,95.0,1 Pc,historical_csv
2017-07-27,Pineapple,96.43,1 Pc,historical_csv
2017-08-03,Pineapple,115.0,1 Pc,historical_csv
2017-08-10,Pineapple,105.0,1 Pc,historical_csv
2017-08-17,Pineapple,105.0,1 Pc,historical_csv
2017-08-24,Pineapple,105.0,1 Pc,historical_csv
2017-08-31,Pineapple,105.0,1 Pc,historical_csv
2017-09-07,Pineapple,105.0,1 Pc,historical_csv
2017-09-14,Pineapple,105.0,1 Pc,historical_csv
2017-09-21,Pineapple,105.0,1 Pc,historical_csv
2017-09-28,Pineapple,105.0,1 Pc,historical_csv
2017-10-05,Pineapple,105.0,1 Pc,historical_csv
2017-10-12,Pineapple,105.0,1 Pc,historical_csv
2017-10-19,Pineapple,105.0,1 Pc,historical_csv
2017-10-26,Pineapple,105.0,1 Pc,historical_csv
2017-11-02,Pineapple,105.0,1 Pc,historical_csv
2017-11-09,Pineapple,105.0,1 Pc,historical_csv
2017-11-16,Pineapple,105.0,1 Pc,historical_csv
2017-11-23,Pineapple,105.0,1 Pc,historical_csv
2017-11-30,Pineapple,105.0,1 Pc,historical_csv
2017-12-07,Pineapple,105.0,1 Pc,historical_csv
2017-12-14,Pineapple,99.29,1 Pc,historical_csv
2017-12-21,Pineapple,95.0,1 Pc,historical_csv
2017-12-28,Pineapple,95.0,1 Pc,historical_csv
2018-01-04,Pineapple,95.0,1 Pc,historical_csv
2018-01-11,Pineapple,95.0,1 Pc,historical_csv
2018-01-18,Pineapple,95.0,1 Pc,historical_csv
2018-01-25,Pineapple,95.0,1 Pc,historical_csv
2018-02-01,Pineapple,95.0,1 Pc,historical_csv
2018-02-08,Pineapple,95.0,1 Pc,historical_csv
2018-02-15,Pineapple,95.0,1 Pc,historical_csv
2018-02-22,Pineapple,95.0,1 Pc,historical_csv
2018-03-01,Pineapple,95.0,1 Pc,historical_csv
2018-03-08,Pineapple,95.0,1 Pc,historical_csv
2018-03-15,Pineapple,97.86,1 Pc,historical_csv
2018-03-22,Pineapple,103.57,1 Pc,historical_csv
2018-03-29,Pineapple,105.0,1 Pc,historical_csv
2018-04-05,Pineapple,105.0,1 Pc,historical_csv
2018-04-12,Pineapple,105.0,1 Pc,historical_csv
2018-04-19,Pineapple,105.0,1 Pc,historical_csv
2018-04-26,Pineapple,105.0,1 Pc,historical_csv
2018-05-03,Pineapple,105.0,1 Pc,historical_csv
2018-05-10,Pineapple,105.0,1 Pc,historical_csv
2018-05-17,Pineapple,105.0,1 Pc,historical_csv
2018-05-24,Pineapple,107.86,1 Pc,historical_csv
2018-05-31,Pineapple,115.0,1 Pc,historical_csv
2018-06-07,Pineapple,115.0,1 Pc,historical_csv
2018-06-14,Pineapple,109.29,1 Pc,historical_csv
2018-06-21,Pineapple,105.0,1 Pc,historical_csv
2018-06-28,Pineapple,105.0,1 Pc,historical_csv
2018-07-05,Pineapple,105.0,1 Pc,historical_csv
2018-07-12,Pineapple,105.0,1 Pc,historical_csv
2018-07-19,Pineapple,105.0,1 Pc,historical_csv
2018-07-26,Pineapple,105.0,1 Pc,historical_csv
2018-08-02,Pineapple,97.86,1 Pc,historical_csv
2018-08-09,Pineapple,95.0,1 Pc,historical_csv
2018-08-16,Pineapple,95.0,1 Pc,historical_csv
2018-08-23,Pineapple,95.0,1 Pc,historical_csv
2018-08-30,Pineapple,95.0,1 Pc,historical_csv
2018-09-06,Pineapple,95.0,1 Pc,historical_csv
2018-09-13,Pineapple,102.14,1 Pc,historical_csv
2018-09-20,Pineapple,105.0,1 Pc,historical_csv
2018-09-27,Pineapple,105.0,1 Pc,historical_csv
2018-10-04,Pineapple,105.0,1 Pc,historical_csv
2018-10-11,Pineapple,105.0,1 Pc,historical_csv
2018-10-18,Pineapple,112.14,1 Pc,historical_csv
2018-10-25,Pineapple,109.29,1 Pc,historical_csv
2018-11-01,Pineapple,105.0,1 Pc,historical_csv
2018-11-08,Pineapple,105.0,1 Pc,historical_csv
2018-11-15,Pineapple,105.0,1 Pc,historical_csv
2018-11-22,Pineapple,105.0,1 Pc,historical_csv
2018-11-29,Pineapple,105.0,1 Pc,historical_csv
2018-12-06,Pineapple,105.0,1 Pc,historical_csv
2018-12-13,Pineapple,105.0,1 Pc,historical_csv
2018-12-20,Pineapple,105.0,1 Pc,historical_csv
2018-12-27,Pineapple,105.0,1 Pc,historical_csv
2019-01-03,Pineapple,105.0,1 Pc,historical_csv
2019-01-10,Pineapple,105.0,1 Pc,historical_csv
2019-01-17,Pineapple,105.0,1 Pc,historical_csv
2019-01-24,Pineapple,105.0,1 Pc,historical_csv
2019-01-31,Pineapple,105.0,1 Pc,historical_csv
2019-02-07,Pineapple,107.86,1 Pc,historical_csv
2019-02-14,Pineapple,109.29,1 Pc,historical_csv
2019-02-21,Pineapple,115.0,1 Pc,historical_csv
2019-02-28,Pineapple,115.0,1 Pc,historical_csv
2019-03-07,Pineapple,115.0,1 Pc,historical_csv
2019-03-14,Pineapple,115.0,1 Pc,historical_csv
2019-03-21,Pineapple,114.29,1 Pc,historical_csv
2019-03-28,Pineapple,106.43,1 Pc,historical_csv
2019-04-04,Pineapple,95.0,1 Pc,historical_csv
2019-04-11,Pineapple,95.0,1 Pc,historical_csv
2019-04-18,Pineapple,95.0,1 Pc,historical_csv
2019-04-25,Pineapple,95.0,1 Pc,historical_csv
2019-05-02,Pineapple,97.86,1 Pc,historical_csv
2019-05-09,Pineapple,106.43,1 Pc,historical_csv
2019-05-16,Pineapple,105.0,1 Pc,historical_csv
2019-05-23,Pineapple,105.0,1 Pc,historical_csv
2019-05-30,Pineapple,105.0,1 Pc,historical_csv
2019-06-06,Pineapple,110.0,1 Pc,historical_csv
2019-06-13,Pineapple,115.0,1 Pc,historical_csv
2019-06-20,Pineapple,113.57,1 Pc,historical_csv
2019-06-27,Pineapple,106.43,1 Pc,historical_csv
2019-07-04,Pineapple,106.43,1 Pc,historical_csv
2019-07-11,Pineapple,110.71,1 Pc,historical_csv
2019-07-18,Pineapple,115.0,1 Pc,historical_csv
2019-07-25,Pineapple,113.57,1 Pc,historical_csv
2019-08-01,Pineapple,115.0,1 Pc,historical_csv
2019-08-08,Pineapple,115.0,1 Pc,historical_csv
2019-08-15,Pineapple,115.0,1 Pc,historical_csv
2019-08-22,Pineapple,115.0,1 Pc,historical_csv
2019-08-29,Pineapple,115.0,1 Pc,historical_csv
2019-09-05,Pineapple,115.0,1 Pc,historical_csv
2019-09-12,Pineapple,115.0,1 Pc,historical_csv
2019-09-19,Pineapple,113.57,1 Pc,historical_csv
2019-09-26,Pineapple,112.14,1 Pc,historical_csv
2019-10-03,Pineapple,105.0,1 Pc,historical_csv
2019-10-10,Pineapple,105.0,1 Pc,historical_csv
2019-10-17,Pineapple,105.0,1 Pc,historical_csv
2019-10-24,Pineapple,105.0,1 Pc,historical_csv
2019-10-31,Pineapple,105.0,1 Pc,historical_csv
2019-11-07,Pineapple,105.0,1 Pc,historical_csv
2019-11-14,Pineapple,105.0,1 Pc,historical_csv
2019-11-21,Pineapple,105.0,1 Pc,historical_csv
2019-11-28,Pineapple,107.14,1 Pc,historical_csv
2019-12-05,Pineapple,105.0,1 Pc,historical_csv
2019-12-12,Pineapple,110.71,1 Pc,historical_csv
2019-12-19,Pineapple,105.71,1 Pc,historical_csv
2019-12-26,Pineapple,110.0,1 Pc,historical_csv
2020-01-02,Pineapple,115.0,1 Pc,historical_csv
2020-01-09,Pineapple,109.29,1 Pc,historical_csv
2020-01-16,Pineapple,114.29,1 Pc,historical_csv
2020-01-23,Pineapple,115.0,1 Pc,historical_csv
2020-01-30,Pineapple,115.0,1 Pc,historical_csv
2020-02-06,Pineapple,115.0,1 Pc,historical_csv
2020-02-13,Pineapple,115.0,1 Pc,historical_csv
2020-02-20,Pineapple,115.0,1 Pc,historical_csv
2020-02-27,Pineapple,115.0,1 Pc,historical_csv
2020-03-05,Pineapple,116.67,1 Pc,historical_csv
2020-03-12,Pineapple,115.0,1 Pc,historical_csv
2020-03-19,Pineapple,115.0,1 Pc,historical_csv
2020-03-26,Pineapple,115.0,1 Pc,historical_csv
2020-04-02,Pineapple,115.0,1 Pc,historical_csv
2020-07-16,Pineapple,122.5,1 Pc,historical_csv
2020-07-23,Pineapple,125.0,1 Pc,historical_csv
2020-07-30,Pineapple,115.0,1 Pc,historical_csv
2020-08-06,Pineapple,105.0,1 Pc,historical_csv
2020-08-13,Pineapple,103.57,1 Pc,historical_csv
2020-08-20,Pineapple,95.0,1 Pc,historical_csv
2020-08-27,Pineapple,95.0,1 Pc,historical_csv
2020-09-03,Pineapple,95.0,1 Pc,historical_csv
2020-09-10,Pineapple,100.71,1 Pc,historical_csv
2020-09-17,Pineapple,103.57,1 Pc,historical_csv
2020-09-24,Pineapple,105.0,1 Pc,historical_csv
2020-10-01,Pineapple,105.0,1 Pc,historical_csv
2020-10-08,Pineapple,98.33,1 Pc,historical_csv
2020-10-15,Pineapple,105.0,1 Pc,historical_csv
2020-10-22,Pineapple,125.0,1 Pc,historical_csv
2020-10-29,Pineapple,155.0,1 Pc,historical_csv
2020-11-05,Pineapple,153.57,1 Pc,historical_csv
2020-11-12,Pineapple,145.0,1 Pc,historical_csv
2020-11-19,Pineapple,141.43,1 Pc,historical_csv
2020-11-26,Pineapple,126.43,1 Pc,historical_csv
2020-12-03,Pineapple,136.43,1 Pc,historical_csv
2020-12-10,Pineapple,155.0,1 Pc,historical_csv
2020-12-17,Pineapple,153.57,1 Pc,historical_csv
2020-12-24,Pineapple,153.57,1 Pc,historical_csv
2020-12-31,Pineapple,155.0,1 Pc,historical_csv
2021-01-07,Pineapple,146.43,1 Pc,historical_csv
2021-01-14,Pineapple,127.86,1 Pc,historical_csv
2021-01-21,Pineapple,145.0,1 Pc,historical_csv
2021-01-28,Pineapple,143.57,1 Pc,historical_csv
2021-02-04,Pineapple,145.0,1 Pc,historical_csv
2021-02-11,Pineapple,145.0,1 Pc,historical_csv
2021-02-18,Pineapple,139.29,1 Pc,historical_csv
2021-02-25,Pineapple,145.0,1 Pc,historical_csv
2021-03-04,Pineapple,141.67,1 Pc,historical_csv
2021-03-11,Pineapple,135.0,1 Pc,historical_csv
2021-03-18,Pineapple,139.29,1 Pc,historical_csv
2021-03-25,Pineapple,129.29,1 Pc,historical_csv
2021-04-01,Pineapple,125.0,1 Pc,historical_csv
2021-04-22,Pineapple,131.0,1 Pc,historical_csv
2021-04-29,Pineapple,142.14,1 Pc,historical_csv
2021-05-06,Pineapple,147.86,1 Pc,historical_csv
2021-05-13,Pineapple,149.29,1 Pc,historical_csv
2025-04-03,Pineapple,130.0,1 Pc,historical_csv
2025-04-10,Pineapple,126.43,1 Pc,historical_csv
2025-04-17,Pineapple,140.0,1 Pc,historical_csv
2026-04-02,Pineapple,116.25,1 Pc,historical_csv
2013-06-20,Pomegranate,210.0,Kg,historical_csv
2013-08-01,Pomegranate,205.0,Kg,historical_csv
2013-08-08,Pomegranate,203.33,Kg,historical_csv
2013-08-15,Pomegranate,211.67,Kg,historical_csv
2013-08-22,Pomegranate,197.5,Kg,historical_csv
2013-08-29,Pomegranate,207.0,Kg,historical_csv
2013-09-05,Pomegranate,202.5,Kg,historical_csv
2013-09-12,Pomegranate,202.5,Kg,historical_csv
2013-09-19,Pomegranate,209.0,Kg,historical_csv
2013-09-26,Pomegranate,198.33,Kg,historical_csv
2013-10-03,Pomegranate,202.5,Kg,historical_csv
2013-10-10,Pomegranate,218.0,Kg,historical_csv
2013-10-17,Pomegranate,234.29,Kg,historical_csv
2013-10-24,Pomegranate,255.0,Kg,historical_csv
2013-10-31,Pomegranate,275.83,Kg,historical_csv
2013-11-07,Pomegranate,290.83,Kg,historical_csv
2013-11-14,Pomegranate,266.5,Kg,historical_csv
2013-11-21,Pomegranate,241.5,Kg,historical_csv
2013-11-28,Pomegranate,230.0,Kg,historical_csv
2013-12-05,Pomegranate,210.0,Kg,historical_csv
2013-12-12,Pomegranate,213.33,Kg,historical_csv
2013-12-19,Pomegranate,211.0,Kg,historical_csv
2013-12-26,Pomegranate,210.0,Kg,historical_csv
2014-01-02,Pomegranate,209.0,Kg,historical_csv
2014-01-09,Pomegranate,247.5,Kg,historical_csv
2014-01-16,Pomegranate,247.0,Kg,historical_csv
2014-01-23,Pomegranate,251.67,Kg,historical_csv
2014-01-30,Pomegranate,265.5,Kg,historical_csv
2014-02-06,Pomegranate,259.0,Kg,historical_csv
2014-02-13,Pomegranate,248.33,Kg,historical_csv
2014-02-20,Pomegranate,251.0,Kg,historical_csv
2014-02-27,Pomegranate,255.0,Kg,historical_csv
2014-03-06,Pomegranate,290.0,Kg,historical_csv
2014-03-13,Pomegranate,290.83,Kg,historical_csv
2014-03-20,Pomegranate,274.0,Kg,historical_csv
2014-03-27,Pomegranate,259.17,Kg,historical_csv
2014-04-03,Pomegranate,276.5,Kg,historical_csv
2014-04-10,Pomegranate,273.0,Kg,historical_csv
2014-04-17,Pomegranate,259.0,Kg,historical_csv
2014-04-24,Pomegranate,253.0,Kg,historical_csv
2014-05-01,Pomegranate,256.0,Kg,historical_csv
2014-05-08,Pomegranate,261.67,Kg,historical_csv
2014-05-15,Pomegranate,251.0,Kg,historical_csv
2014-05-22,Pomegranate,261.67,Kg,historical_csv
2014-05-29,Pomegranate,261.0,Kg,historical_csv
2014-06-05,Pomegranate,260.0,Kg,historical_csv
2014-06-12,Pomegranate,255.0,Kg,historical_csv
2014-06-19,Pomegranate,256.67,Kg,historical_csv
2014-06-26,Pomegranate,255.0,Kg,historical_csv
2014-07-03,Pomegranate,255.0,Kg,historical_csv
2014-07-10,Pomegranate,258.57,Kg,historical_csv
2014-07-17,Pomegranate,234.29,Kg,historical_csv
2014-07-24,Pomegranate,260.0,Kg,historical_csv
2014-07-31,Pomegranate,251.43,Kg,historical_csv
2014-08-07,Pomegranate,205.0,Kg,historical_csv
2014-08-14,Pomegranate,185.0,Kg,historical_csv
2014-08-21,Pomegranate,180.0,Kg,historical_csv
2014-08-28,Pomegranate,182.14,Kg,historical_csv
2014-09-04,Pomegranate,180.0,Kg,historical_csv
2014-09-11,Pomegranate,172.14,Kg,historical_csv
2014-09-18,Pomegranate,182.5,Kg,historical_csv
2014-09-25,Pomegranate,189.17,Kg,historical_csv
2014-10-02,Pomegranate,220.0,Kg,historical_csv
2014-10-09,Pomegranate,220.0,Kg,historical_csv
2014-10-16,Pomegranate,224.17,Kg,historical_csv
2014-10-23,Pomegranate,227.92,Kg,historical_csv
2014-10-30,Pomegranate,232.14,Kg,historical_csv
2014-11-06,Pomegranate,244.29,Kg,historical_csv
2014-11-13,Pomegranate,253.57,Kg,historical_csv
2014-11-20,Pomegranate,242.86,Kg,historical_csv
2014-11-27,Pomegranate,243.57,Kg,historical_csv
2014-12-04,Pomegranate,250.0,Kg,historical_csv
2014-12-11,Pomegranate,254.29,Kg,historical_csv
2014-12-18,Pomegranate,247.86,Kg,historical_csv
2014-12-25,Pomegranate,216.67,Kg,historical_csv
2015-01-01,Pomegranate,200.0,Kg,historical_csv
2015-01-08,Pomegranate,196.43,Kg,historical_csv
2015-01-15,Pomegranate,210.0,Kg,historical_csv
2015-01-22,Pomegranate,208.57,Kg,historical_csv
2015-01-29,Pomegranate,194.17,Kg,historical_csv
2015-02-05,Pomegranate,206.67,Kg,historical_csv
2015-02-12,Pomegranate,206.43,Kg,historical_csv
2015-02-19,Pomegranate,198.33,Kg,historical_csv
2015-02-26,Pomegranate,201.67,Kg,historical_csv
2015-03-05,Pomegranate,202.5,Kg,historical_csv
2015-03-12,Pomegranate,205.0,Kg,historical_csv
2015-03-19,Pomegranate,205.0,Kg,historical_csv
2015-03-26,Pomegranate,209.29,Kg,historical_csv
2015-04-02,Pomegranate,229.64,Kg,historical_csv
2015-04-09,Pomegranate,256.67,Kg,historical_csv
2015-04-16,Pomegranate,250.0,Kg,historical_csv
2015-04-23,Pomegranate,265.71,Kg,historical_csv
2015-04-30,Pomegranate,286.43,Kg,historical_csv
2015-05-07,Pomegranate,292.14,Kg,historical_csv
2015-05-14,Pomegranate,283.33,Kg,historical_csv
2015-05-21,Pomegranate,277.86,Kg,historical_csv
2015-05-28,Pomegranate,275.0,Kg,historical_csv
2015-06-04,Pomegranate,262.14,Kg,historical_csv
2015-06-11,Pomegranate,258.57,Kg,historical_csv
2015-06-18,Pomegranate,243.12,Kg,historical_csv
2015-06-25,Pomegranate,221.59,Kg,historical_csv
2015-07-02,Pomegranate,212.69,Kg,historical_csv
2015-07-09,Pomegranate,205.91,Kg,historical_csv
2015-07-16,Pomegranate,203.85,Kg,historical_csv
2015-07-23,Pomegranate,197.5,Kg,historical_csv
2015-07-30,Pomegranate,205.83,Kg,historical_csv
2015-08-06,Pomegranate,205.0,Kg,historical_csv
2015-08-13,Pomegranate,205.0,Kg,historical_csv
2015-08-20,Pomegranate,205.0,Kg,historical_csv
2015-08-27,Pomegranate,205.0,Kg,historical_csv
2015-09-03,Pomegranate,206.43,Kg,historical_csv
2015-09-10,Pomegranate,205.0,Kg,historical_csv
2015-09-17,Pomegranate,217.86,Kg,historical_csv
2015-09-24,Pomegranate,226.07,Kg,historical_csv
2015-10-01,Pomegranate,253.57,Kg,historical_csv
2015-10-08,Pomegranate,325.0,Kg,historical_csv
2015-10-15,Pomegranate,399.0,Kg,historical_csv
2015-10-22,Pomegranate,337.5,Kg,historical_csv
2015-10-29,Pomegranate,315.0,Kg,historical_csv
2015-11-05,Pomegranate,277.86,Kg,historical_csv
2015-11-12,Pomegranate,329.29,Kg,historical_csv
2015-11-19,Pomegranate,288.33,Kg,historical_csv
2015-11-26,Pomegranate,283.57,Kg,historical_csv
2015-12-03,Pomegranate,262.86,Kg,historical_csv
2015-12-10,Pomegranate,250.71,Kg,historical_csv
2015-12-17,Pomegranate,239.29,Kg,historical_csv
2015-12-24,Pomegranate,229.29,Kg,historical_csv
2015-12-31,Pomegranate,190.71,Kg,historical_csv
2016-01-07,Pomegranate,169.29,Kg,historical_csv
2016-01-14,Pomegranate,166.43,Kg,historical_csv
2016-01-21,Pomegranate,172.14,Kg,historical_csv
2016-01-28,Pomegranate,165.0,Kg,historical_csv
2016-02-04,Pomegranate,166.43,Kg,historical_csv
2016-02-11,Pomegranate,192.14,Kg,historical_csv
2016-02-18,Pomegranate,203.57,Kg,historical_csv
2016-02-25,Pomegranate,190.71,Kg,historical_csv
2016-03-03,Pomegranate,185.0,Kg,historical_csv
2016-03-10,Pomegranate,177.86,Kg,historical_csv
2016-03-17,Pomegranate,181.67,Kg,historical_csv
2016-03-24,Pomegranate,175.0,Kg,historical_csv
2016-03-31,Pomegranate,196.43,Kg,historical_csv
2016-04-07,Pomegranate,205.0,Kg,historical_csv
2016-04-14,Pomegranate,205.0,Kg,historical_csv
2016-04-21,Pomegranate,205.0,Kg,historical_csv
2016-04-28,Pomegranate,205.0,Kg,historical_csv
2016-05-05,Pomegranate,205.0,Kg,historical_csv
2016-05-12,Pomegranate,205.0,Kg,historical_csv
2016-05-19,Pomegranate,205.0,Kg,historical_csv
2016-05-26,Pomegranate,205.0,Kg,historical_csv
2016-06-02,Pomegranate,205.0,Kg,historical_csv
2016-06-09,Pomegranate,205.0,Kg,historical_csv
2016-06-16,Pomegranate,205.0,Kg,historical_csv
2016-06-23,Pomegranate,205.0,Kg,historical_csv
2016-06-30,Pomegranate,207.86,Kg,historical_csv
2016-07-07,Pomegranate,205.0,Kg,historical_csv
2016-07-14,Pomegranate,212.14,Kg,historical_csv
2016-07-21,Pomegranate,187.86,Kg,historical_csv
2016-07-28,Pomegranate,179.29,Kg,historical_csv
2016-08-04,Pomegranate,205.0,Kg,historical_csv
2016-08-11,Pomegranate,206.43,Kg,historical_csv
2016-08-18,Pomegranate,217.86,Kg,historical_csv
2016-08-25,Pomegranate,208.57,Kg,historical_csv
2016-09-01,Pomegranate,223.57,Kg,historical_csv
2016-09-08,Pomegranate,229.29,Kg,historical_csv
2016-09-15,Pomegranate,236.43,Kg,historical_csv
2016-09-22,Pomegranate,242.14,Kg,historical_csv
2016-09-29,Pomegranate,255.0,Kg,historical_csv
2016-10-06,Pomegranate,246.43,Kg,historical_csv
2016-10-13,Pomegranate,293.57,Kg,historical_csv
2016-10-20,Pomegranate,273.57,Kg,historical_csv
2016-10-27,Pomegranate,280.71,Kg,historical_csv
2016-11-03,Pomegranate,295.0,Kg,historical_csv
2016-11-10,Pomegranate,266.43,Kg,historical_csv
2016-11-17,Pomegranate,247.86,Kg,historical_csv
2016-11-24,Pomegranate,245.0,Kg,historical_csv
2016-12-01,Pomegranate,240.71,Kg,historical_csv
2016-12-08,Pomegranate,245.0,Kg,historical_csv
2016-12-15,Pomegranate,245.0,Kg,historical_csv
2016-12-22,Pomegranate,240.71,Kg,historical_csv
2016-12-29,Pomegranate,207.14,Kg,historical_csv
2017-01-05,Pomegranate,205.0,Kg,historical_csv
2017-01-12,Pomegranate,205.0,Kg,historical_csv
2017-01-19,Pomegranate,206.43,Kg,historical_csv
2017-01-26,Pomegranate,205.0,Kg,historical_csv
2017-02-02,Pomegranate,205.0,Kg,historical_csv
2017-02-09,Pomegranate,205.0,Kg,historical_csv
2017-02-16,Pomegranate,209.29,Kg,historical_csv
2017-02-23,Pomegranate,215.0,Kg,historical_csv
2017-03-02,Pomegranate,248.33,Kg,historical_csv
2017-03-09,Pomegranate,248.33,Kg,historical_csv
2017-03-16,Pomegranate,245.0,Kg,historical_csv
2017-03-23,Pomegranate,220.71,Kg,historical_csv
2017-03-30,Pomegranate,232.14,Kg,historical_csv
2017-04-06,Pomegranate,222.14,Kg,historical_csv
2017-04-13,Pomegranate,235.0,Kg,historical_csv
2017-04-20,Pomegranate,252.14,Kg,historical_csv
2017-04-27,Pomegranate,282.86,Kg,historical_csv
2017-05-04,Pomegranate,210.71,Kg,historical_csv
2017-05-11,Pomegranate,179.29,Kg,historical_csv
2017-05-18,Pomegranate,175.0,Kg,historical_csv
2017-05-25,Pomegranate,177.14,Kg,historical_csv
2017-06-01,Pomegranate,190.0,Kg,historical_csv
2017-06-08,Pomegranate,190.0,Kg,historical_csv
2017-06-15,Pomegranate,190.0,Kg,historical_csv
2017-06-22,Pomegranate,190.0,Kg,historical_csv
2017-06-29,Pomegranate,190.0,Kg,historical_csv
2017-07-06,Pomegranate,190.0,Kg,historical_csv
2017-07-13,Pomegranate,188.57,Kg,historical_csv
2017-07-20,Pomegranate,189.29,Kg,historical_csv
2017-07-27,Pomegranate,187.86,Kg,historical_csv
2017-08-03,Pomegranate,195.0,Kg,historical_csv
2017-08-10,Pomegranate,189.29,Kg,historical_csv
2017-08-17,Pomegranate,195.0,Kg,historical_csv
2017-08-24,Pomegranate,195.0,Kg,historical_csv
2017-08-31,Pomegranate,189.29,Kg,historical_csv
2017-09-07,Pomegranate,160.71,Kg,historical_csv
2017-09-14,Pomegranate,145.0,Kg,historical_csv
2017-09-21,Pomegranate,178.33,Kg,historical_csv
2017-09-28,Pomegranate,160.71,Kg,historical_csv
2017-10-05,Pomegranate,153.57,Kg,historical_csv
2017-10-12,Pomegranate,145.0,Kg,historical_csv
2017-10-19,Pomegranate,145.0,Kg,historical_csv
2017-10-26,Pomegranate,155.0,Kg,historical_csv
2017-11-02,Pomegranate,156.43,Kg,historical_csv
2017-11-09,Pomegranate,157.86,Kg,historical_csv
2017-11-16,Pomegranate,160.71,Kg,historical_csv
2017-11-23,Pomegranate,153.57,Kg,historical_csv
2017-11-30,Pomegranate,155.0,Kg,historical_csv
2017-12-07,Pomegranate,155.0,Kg,historical_csv
2017-12-14,Pomegranate,155.0,Kg,historical_csv
2017-12-21,Pomegranate,155.0,Kg,historical_csv
2017-12-28,Pomegranate,155.0,Kg,historical_csv
2018-01-04,Pomegranate,155.0,Kg,historical_csv
2018-01-11,Pomegranate,157.86,Kg,historical_csv
2018-01-18,Pomegranate,158.33,Kg,historical_csv
2018-01-25,Pomegranate,157.86,Kg,historical_csv
2018-02-01,Pomegranate,157.86,Kg,historical_csv
2018-02-08,Pomegranate,155.0,Kg,historical_csv
2018-02-15,Pomegranate,155.0,Kg,historical_csv
2018-02-22,Pomegranate,155.0,Kg,historical_csv
2018-03-01,Pomegranate,163.57,Kg,historical_csv
2018-03-08,Pomegranate,175.0,Kg,historical_csv
2018-03-15,Pomegranate,204.29,Kg,historical_csv
2018-03-22,Pomegranate,236.43,Kg,historical_csv
2018-03-29,Pomegranate,197.86,Kg,historical_csv
2018-04-05,Pomegranate,217.86,Kg,historical_csv
2018-04-12,Pomegranate,227.86,Kg,historical_csv
2018-04-19,Pomegranate,255.71,Kg,historical_csv
2018-04-26,Pomegranate,269.29,Kg,historical_csv
2018-05-03,Pomegranate,263.57,Kg,historical_csv
2018-05-10,Pomegranate,263.57,Kg,historical_csv
2018-05-17,Pomegranate,273.57,Kg,historical_csv
2018-05-24,Pomegranate,275.0,Kg,historical_csv
2018-05-31,Pomegranate,275.0,Kg,historical_csv
2018-06-07,Pomegranate,267.86,Kg,historical_csv
2018-06-14,Pomegranate,256.43,Kg,historical_csv
2018-06-21,Pomegranate,255.0,Kg,historical_csv
2018-06-28,Pomegranate,255.0,Kg,historical_csv
2018-07-05,Pomegranate,255.0,Kg,historical_csv
2018-07-12,Pomegranate,246.43,Kg,historical_csv
2018-07-19,Pomegranate,232.14,Kg,historical_csv
2018-07-26,Pomegranate,235.71,Kg,historical_csv
2018-08-02,Pomegranate,182.14,Kg,historical_csv
2018-08-09,Pomegranate,150.71,Kg,historical_csv
2018-08-16,Pomegranate,140.71,Kg,historical_csv
2018-08-23,Pomegranate,127.86,Kg,historical_csv
2018-08-30,Pomegranate,126.43,Kg,historical_csv
2018-09-06,Pomegranate,125.0,Kg,historical_csv
2018-09-13,Pomegranate,125.0,Kg,historical_csv
2018-09-20,Pomegranate,125.0,Kg,historical_csv
2018-09-27,Pomegranate,125.0,Kg,historical_csv
2018-10-04,Pomegranate,125.0,Kg,historical_csv
2018-10-11,Pomegranate,155.71,Kg,historical_csv
2018-10-18,Pomegranate,176.43,Kg,historical_csv
2018-10-25,Pomegranate,175.71,Kg,historical_csv
2018-11-01,Pomegranate,176.43,Kg,historical_csv
2018-11-08,Pomegranate,175.0,Kg,historical_csv
2018-11-15,Pomegranate,175.0,Kg,historical_csv
2018-11-22,Pomegranate,175.0,Kg,historical_csv
2018-11-29,Pomegranate,175.0,Kg,historical_csv
2018-12-06,Pomegranate,175.0,Kg,historical_csv
2018-12-13,Pomegranate,175.0,Kg,historical_csv
2018-12-20,Pomegranate,175.0,Kg,historical_csv
2018-12-27,Pomegranate,175.0,Kg,historical_csv
2019-01-03,Pomegranate,175.0,Kg,historical_csv
2019-01-10,Pomegranate,172.14,Kg,historical_csv
2019-01-17,Pomegranate,161.43,Kg,historical_csv
2019-01-24,Pomegranate,155.71,Kg,historical_csv
2019-01-31,Pomegranate,136.79,Kg,historical_csv
2019-02-07,Pomegranate,119.29,Kg,historical_csv
2019-02-14,Pomegranate,115.0,Kg,historical_csv
2019-02-21,Pomegranate,112.14,Kg,historical_csv
2019-02-28,Pomegranate,105.0,Kg,historical_csv
2019-03-07,Pomegranate,105.0,Kg,historical_csv
2019-03-14,Pomegranate,109.29,Kg,historical_csv
2019-03-21,Pomegranate,115.0,Kg,historical_csv
2019-03-28,Pomegranate,115.0,Kg,historical_csv
2019-04-04,Pomegranate,115.0,Kg,historical_csv
2019-04-11,Pomegranate,115.0,Kg,historical_csv
2019-04-18,Pomegranate,115.0,Kg,historical_csv
2019-04-25,Pomegranate,116.43,Kg,historical_csv
2019-05-02,Pomegranate,133.57,Kg,historical_csv
2019-05-09,Pomegranate,145.0,Kg,historical_csv
2019-05-16,Pomegranate,145.0,Kg,historical_csv
2019-05-23,Pomegranate,145.71,Kg,historical_csv
2019-05-30,Pomegranate,145.0,Kg,historical_csv
2019-06-06,Pomegranate,146.43,Kg,historical_csv
2019-06-13,Pomegranate,200.0,Kg,historical_csv
2019-06-20,Pomegranate,291.43,Kg,historical_csv
2019-06-27,Pomegranate,310.71,Kg,historical_csv
2019-07-04,Pomegranate,315.0,Kg,historical_csv
2019-07-11,Pomegranate,295.0,Kg,historical_csv
2019-07-18,Pomegranate,251.43,Kg,historical_csv
2019-07-25,Pomegranate,240.71,Kg,historical_csv
2019-08-01,Pomegranate,211.43,Kg,historical_csv
2019-08-08,Pomegranate,161.43,Kg,historical_csv
2019-08-15,Pomegranate,155.0,Kg,historical_csv
2019-08-22,Pomegranate,176.43,Kg,historical_csv
2019-08-29,Pomegranate,215.71,Kg,historical_csv
2019-09-05,Pomegranate,190.0,Kg,historical_csv
2019-09-12,Pomegranate,190.0,Kg,historical_csv
2019-09-19,Pomegranate,199.29,Kg,historical_csv
2019-09-26,Pomegranate,250.71,Kg,historical_csv
2019-10-03,Pomegranate,246.43,Kg,historical_csv
2019-10-10,Pomegranate,245.0,Kg,historical_csv
2019-10-17,Pomegranate,246.43,Kg,historical_csv
2019-10-24,Pomegranate,249.29,Kg,historical_csv
2019-10-31,Pomegranate,245.0,Kg,historical_csv
2019-11-14,Pomegranate,134.29,Kg,historical_csv
2019-11-21,Pomegranate,125.0,Kg,historical_csv
2019-11-28,Pomegranate,125.0,Kg,historical_csv
2019-12-05,Pomegranate,146.43,Kg,historical_csv
2019-12-12,Pomegranate,186.43,Kg,historical_csv
2019-12-19,Pomegranate,182.5,Kg,historical_csv
2019-12-26,Pomegranate,177.14,Kg,historical_csv
2020-01-02,Pomegranate,189.29,Kg,historical_csv
2020-01-09,Pomegranate,175.0,Kg,historical_csv
2020-01-16,Pomegranate,175.0,Kg,historical_csv
2020-01-23,Pomegranate,175.0,Kg,historical_csv
2020-01-30,Pomegranate,175.0,Kg,historical_csv
2020-02-06,Pomegranate,115.0,Kg,historical_csv
2020-02-13,Pomegranate,115.0,Kg,historical_csv
2020-02-20,Pomegranate,129.29,Kg,historical_csv
2020-02-27,Pomegranate,135.0,Kg,historical_csv
2020-03-05,Pomegranate,135.83,Kg,historical_csv
2020-03-12,Pomegranate,116.43,Kg,historical_csv
2020-03-19,Pomegranate,117.86,Kg,historical_csv
2020-03-26,Pomegranate,160.0,Kg,historical_csv
2020-05-14,Pomegranate,195.0,Kg,historical_csv
2020-06-25,Pomegranate,146.0,Kg,historical_csv
2020-07-02,Pomegranate,145.0,Kg,historical_csv
2020-07-09,Pomegranate,145.0,Kg,historical_csv
2020-07-16,Pomegranate,145.0,Kg,historical_csv
2020-07-23,Pomegranate,145.0,Kg,historical_csv
2020-07-30,Pomegranate,173.57,Kg,historical_csv
2020-08-06,Pomegranate,173.57,Kg,historical_csv
2020-08-13,Pomegranate,156.43,Kg,historical_csv
2020-08-20,Pomegranate,195.0,Kg,historical_csv
2020-08-27,Pomegranate,194.29,Kg,historical_csv
2020-09-03,Pomegranate,192.14,Kg,historical_csv
2020-09-10,Pomegranate,195.0,Kg,historical_csv
2020-09-17,Pomegranate,198.33,Kg,historical_csv
2020-09-24,Pomegranate,206.43,Kg,historical_csv
2020-10-01,Pomegranate,215.0,Kg,historical_csv
2020-10-08,Pomegranate,215.0,Kg,historical_csv
2020-10-15,Pomegranate,216.67,Kg,historical_csv
2020-10-22,Pomegranate,244.17,Kg,historical_csv
2020-10-29,Pomegranate,307.14,Kg,historical_csv
2020-11-05,Pomegranate,274.29,Kg,historical_csv
2020-11-12,Pomegranate,261.43,Kg,historical_csv
2020-11-19,Pomegranate,292.86,Kg,historical_csv
2020-11-26,Pomegranate,301.43,Kg,historical_csv
2020-12-03,Pomegranate,335.0,Kg,historical_csv
2020-12-10,Pomegranate,335.0,Kg,historical_csv
2020-12-17,Pomegranate,331.43,Kg,historical_csv
2020-12-24,Pomegranate,279.29,Kg,historical_csv
2020-12-31,Pomegranate,277.14,Kg,historical_csv
2021-01-07,Pomegranate,279.29,Kg,historical_csv
2021-01-14,Pomegranate,277.14,Kg,historical_csv
2021-01-21,Pomegranate,275.0,Kg,historical_csv
2021-01-28,Pomegranate,281.43,Kg,historical_csv
2021-02-04,Pomegranate,295.71,Kg,historical_csv
2021-02-11,Pomegranate,290.0,Kg,historical_csv
2021-02-18,Pomegranate,290.0,Kg,historical_csv
2021-02-25,Pomegranate,295.71,Kg,historical_csv
2021-03-04,Pomegranate,309.17,Kg,historical_csv
2021-03-11,Pomegranate,313.57,Kg,historical_csv
2021-03-18,Pomegranate,310.0,Kg,historical_csv
2021-03-25,Pomegranate,276.43,Kg,historical_csv
2021-04-01,Pomegranate,290.0,Kg,historical_csv
2021-04-22,Pomegranate,290.0,Kg,historical_csv
2021-04-29,Pomegranate,292.86,Kg,historical_csv
2021-05-06,Pomegranate,283.57,Kg,historical_csv
2021-05-13,Pomegranate,282.86,Kg,historical_csv
2025-04-03,Pomegranate,290.0,Kg,historical_csv
2025-04-10,Pomegranate,292.86,Kg,historical_csv
2025-04-17,Pomegranate,296.67,Kg,historical_csv
2026-04-02,Pomegranate,290.0,Kg,historical_csv
2013-06-20,Potato,18.0,Kg,historical_csv
2013-08-01,Potato,22.0,Kg,historical_csv
2013-08-08,Potato,24.04,Kg,historical_csv
2013-08-15,Potato,25.31,Kg,historical_csv
2013-08-22,Potato,26.88,Kg,historical_csv
2013-08-29,Potato,28.9,Kg,historical_csv
2013-09-05,Potato,29.17,Kg,historical_csv
2013-09-12,Potato,29.46,Kg,historical_csv
2013-09-19,Potato,29.55,Kg,historical_csv
2013-09-26,Potato,28.38,Kg,historical_csv
2013-10-03,Potato,22.21,Kg,historical_csv
2013-10-10,Potato,23.79,Kg,historical_csv
2013-10-17,Potato,26.0,Kg,historical_csv
2013-10-24,Potato,40.7,Kg,historical_csv
2013-10-31,Potato,46.04,Kg,historical_csv
2013-11-07,Potato,39.88,Kg,historical_csv
2013-11-14,Potato,36.45,Kg,historical_csv
2013-11-21,Potato,39.83,Kg,historical_csv
2013-11-28,Potato,35.92,Kg,historical_csv
2013-12-05,Potato,29.67,Kg,historical_csv
2013-12-12,Potato,30.29,Kg,historical_csv
2013-12-19,Potato,29.25,Kg,historical_csv
2013-12-26,Potato,28.85,Kg,historical_csv
2014-01-02,Potato,27.2,Kg,historical_csv
2014-01-09,Potato,23.58,Kg,historical_csv
2014-01-16,Potato,22.35,Kg,historical_csv
2014-01-23,Potato,21.42,Kg,historical_csv
2014-01-30,Potato,20.9,Kg,historical_csv
2014-02-06,Potato,17.2,Kg,historical_csv
2014-02-13,Potato,17.89,Kg,historical_csv
2014-02-20,Potato,17.65,Kg,historical_csv
2014-02-27,Potato,18.05,Kg,historical_csv
2014-03-06,Potato,19.25,Kg,historical_csv
2014-03-13,Potato,20.46,Kg,historical_csv
2014-03-20,Potato,21.2,Kg,historical_csv
2014-03-27,Potato,21.96,Kg,historical_csv
2014-04-03,Potato,22.55,Kg,historical_csv
2014-04-10,Potato,24.6,Kg,historical_csv
2014-04-17,Potato,25.5,Kg,historical_csv
2014-04-24,Potato,25.45,Kg,historical_csv
2014-05-01,Potato,23.25,Kg,historical_csv
2014-05-08,Potato,26.46,Kg,historical_csv
2014-05-15,Potato,26.6,Kg,historical_csv
2014-05-22,Potato,26.04,Kg,historical_csv
2014-05-29,Potato,26.5,Kg,historical_csv
2014-06-05,Potato,29.79,Kg,historical_csv
2014-06-12,Potato,32.0,Kg,historical_csv
2014-06-19,Potato,34.33,Kg,historical_csv
2014-06-26,Potato,35.15,Kg,historical_csv
2014-07-03,Potato,36.33,Kg,historical_csv
2014-07-10,Potato,37.14,Kg,historical_csv
2014-07-17,Potato,34.43,Kg,historical_csv
2014-07-24,Potato,36.43,Kg,historical_csv
2014-07-31,Potato,36.29,Kg,historical_csv
2014-08-07,Potato,37.39,Kg,historical_csv
2014-08-14,Potato,40.29,Kg,historical_csv
2014-08-21,Potato,44.36,Kg,historical_csv
2014-08-28,Potato,43.29,Kg,historical_csv
2014-09-04,Potato,42.58,Kg,historical_csv
2014-09-11,Potato,42.39,Kg,historical_csv
2014-09-18,Potato,43.25,Kg,historical_csv
2014-09-25,Potato,41.33,Kg,historical_csv
2014-10-02,Potato,42.06,Kg,historical_csv
2014-10-09,Potato,43.5,Kg,historical_csv
2014-10-16,Potato,49.21,Kg,historical_csv
2014-10-23,Potato,53.33,Kg,historical_csv
2014-10-30,Potato,39.43,Kg,historical_csv
2014-11-06,Potato,47.68,Kg,historical_csv
2014-11-13,Potato,43.64,Kg,historical_csv
2014-11-20,Potato,39.07,Kg,historical_csv
2014-11-27,Potato,37.43,Kg,historical_csv
2014-12-04,Potato,35.39,Kg,historical_csv
2014-12-11,Potato,33.46,Kg,historical_csv
2014-12-18,Potato,27.0,Kg,historical_csv
2014-12-25,Potato,23.67,Kg,historical_csv
2015-01-01,Potato,21.46,Kg,historical_csv
2015-01-08,Potato,20.68,Kg,historical_csv
2015-01-15,Potato,20.21,Kg,historical_csv
2015-01-22,Potato,19.82,Kg,historical_csv
2015-01-29,Potato,19.71,Kg,historical_csv
2015-02-05,Potato,19.67,Kg,historical_csv
2015-02-12,Potato,18.0,Kg,historical_csv
2015-02-19,Potato,16.83,Kg,historical_csv
2015-02-26,Potato,17.92,Kg,historical_csv
2015-03-05,Potato,17.94,Kg,historical_csv
2015-03-12,Potato,17.65,Kg,historical_csv
2015-03-19,Potato,16.61,Kg,historical_csv
2015-03-26,Potato,16.57,Kg,historical_csv
2015-04-02,Potato,14.43,Kg,historical_csv
2015-04-09,Potato,15.5,Kg,historical_csv
2015-04-16,Potato,14.92,Kg,historical_csv
2015-04-23,Potato,14.39,Kg,historical_csv
2015-04-30,Potato,15.29,Kg,historical_csv
2015-05-07,Potato,15.32,Kg,historical_csv
2015-05-14,Potato,14.17,Kg,historical_csv
2015-05-21,Potato,13.89,Kg,historical_csv
2015-05-28,Potato,13.75,Kg,historical_csv
2015-06-04,Potato,13.86,Kg,historical_csv
2015-06-11,Potato,17.11,Kg,historical_csv
2015-06-18,Potato,18.31,Kg,historical_csv
2015-06-25,Potato,18.43,Kg,historical_csv
2015-07-02,Potato,20.13,Kg,historical_csv
2015-07-09,Potato,19.95,Kg,historical_csv
2015-07-16,Potato,20.17,Kg,historical_csv
2015-07-23,Potato,21.67,Kg,historical_csv
2015-07-30,Potato,21.27,Kg,historical_csv
2015-08-06,Potato,21.75,Kg,historical_csv
2015-08-13,Potato,23.0,Kg,historical_csv
2015-08-20,Potato,23.79,Kg,historical_csv
2015-08-27,Potato,25.93,Kg,historical_csv
2015-09-03,Potato,25.93,Kg,historical_csv
2015-09-10,Potato,25.96,Kg,historical_csv
2015-09-17,Potato,26.36,Kg,historical_csv
2015-09-24,Potato,26.14,Kg,historical_csv
2015-10-01,Potato,32.71,Kg,historical_csv
2015-10-08,Potato,33.89,Kg,historical_csv
2015-10-15,Potato,34.61,Kg,historical_csv
2015-10-22,Potato,32.36,Kg,historical_csv
2015-10-29,Potato,31.96,Kg,historical_csv
2015-11-05,Potato,31.75,Kg,historical_csv
2015-11-12,Potato,30.43,Kg,historical_csv
2015-11-19,Potato,30.14,Kg,historical_csv
2015-11-26,Potato,24.93,Kg,historical_csv
2015-12-03,Potato,25.11,Kg,historical_csv
2015-12-10,Potato,25.07,Kg,historical_csv
2015-12-17,Potato,25.04,Kg,historical_csv
2015-12-24,Potato,26.21,Kg,historical_csv
2015-12-31,Potato,25.21,Kg,historical_csv
2016-01-07,Potato,25.68,Kg,historical_csv
2016-01-14,Potato,25.29,Kg,historical_csv
2016-01-21,Potato,25.0,Kg,historical_csv
2016-01-28,Potato,25.32,Kg,historical_csv
2016-02-04,Potato,22.18,Kg,historical_csv
2016-02-11,Potato,20.54,Kg,historical_csv
2016-02-18,Potato,20.43,Kg,historical_csv
2016-02-25,Potato,20.0,Kg,historical_csv
2016-03-03,Potato,20.42,Kg,historical_csv
2016-03-10,Potato,20.14,Kg,historical_csv
2016-03-17,Potato,20.25,Kg,historical_csv
2016-03-24,Potato,20.0,Kg,historical_csv
2016-03-31,Potato,19.96,Kg,historical_csv
2016-04-07,Potato,20.0,Kg,historical_csv
2016-04-14,Potato,21.07,Kg,historical_csv
2016-04-21,Potato,24.75,Kg,historical_csv
2016-04-28,Potato,24.54,Kg,historical_csv
2016-05-05,Potato,26.71,Kg,historical_csv
2016-05-12,Potato,28.25,Kg,historical_csv
2016-05-19,Potato,33.04,Kg,historical_csv
2016-05-26,Potato,33.57,Kg,historical_csv
2016-06-02,Potato,33.75,Kg,historical_csv
2016-06-09,Potato,33.93,Kg,historical_csv
2016-06-16,Potato,33.75,Kg,historical_csv
2016-06-23,Potato,33.75,Kg,historical_csv
2016-06-30,Potato,33.89,Kg,historical_csv
2016-07-07,Potato,33.82,Kg,historical_csv
2016-07-14,Potato,38.0,Kg,historical_csv
2016-07-21,Potato,38.25,Kg,historical_csv
2016-07-28,Potato,34.57,Kg,historical_csv
2016-08-04,Potato,35.75,Kg,historical_csv
2016-08-11,Potato,36.07,Kg,historical_csv
2016-08-18,Potato,37.5,Kg,historical_csv
2016-08-25,Potato,37.54,Kg,historical_csv
2016-09-01,Potato,35.21,Kg,historical_csv
2016-09-08,Potato,35.11,Kg,historical_csv
2016-09-15,Potato,35.0,Kg,historical_csv
2016-09-22,Potato,35.0,Kg,historical_csv
2016-09-29,Potato,34.64,Kg,historical_csv
2016-10-06,Potato,34.5,Kg,historical_csv
2016-10-13,Potato,34.61,Kg,historical_csv
2016-10-20,Potato,34.5,Kg,historical_csv
2016-10-27,Potato,34.86,Kg,historical_csv
2016-11-03,Potato,38.21,Kg,historical_csv
2016-11-10,Potato,50.71,Kg,historical_csv
2016-11-17,Potato,37.93,Kg,historical_csv
2016-11-24,Potato,35.0,Kg,historical_csv
2016-12-01,Potato,32.21,Kg,historical_csv
2016-12-08,Potato,30.0,Kg,historical_csv
2016-12-15,Potato,27.82,Kg,historical_csv
2016-12-22,Potato,25.86,Kg,historical_csv
2016-12-29,Potato,25.21,Kg,historical_csv
2017-01-05,Potato,24.96,Kg,historical_csv
2017-01-12,Potato,22.5,Kg,historical_csv
2017-01-19,Potato,24.57,Kg,historical_csv
2017-01-26,Potato,21.5,Kg,historical_csv
2017-02-02,Potato,18.61,Kg,historical_csv
2017-02-09,Potato,18.71,Kg,historical_csv
2017-02-16,Potato,18.5,Kg,historical_csv
2017-02-23,Potato,16.71,Kg,historical_csv
2017-03-02,Potato,16.04,Kg,historical_csv
2017-03-09,Potato,15.5,Kg,historical_csv
2017-03-16,Potato,16.0,Kg,historical_csv
2017-03-23,Potato,15.46,Kg,historical_csv
2017-03-30,Potato,14.0,Kg,historical_csv
2017-04-06,Potato,14.57,Kg,historical_csv
2017-04-13,Potato,15.36,Kg,historical_csv
2017-04-20,Potato,19.75,Kg,historical_csv
2017-04-27,Potato,21.29,Kg,historical_csv
2017-05-04,Potato,20.29,Kg,historical_csv
2017-05-11,Potato,20.0,Kg,historical_csv
2017-05-18,Potato,20.0,Kg,historical_csv
2017-05-25,Potato,19.57,Kg,historical_csv
2017-06-01,Potato,18.46,Kg,historical_csv
2017-06-08,Potato,18.57,Kg,historical_csv
2017-06-15,Potato,18.89,Kg,historical_csv
2017-06-22,Potato,19.18,Kg,historical_csv
2017-06-29,Potato,22.14,Kg,historical_csv
2017-07-06,Potato,21.86,Kg,historical_csv
2017-07-13,Potato,22.36,Kg,historical_csv
2017-07-20,Potato,22.43,Kg,historical_csv
2017-07-27,Potato,22.54,Kg,historical_csv
2017-08-03,Potato,24.43,Kg,historical_csv
2017-08-10,Potato,27.68,Kg,historical_csv
2017-08-17,Potato,29.57,Kg,historical_csv
2017-08-24,Potato,31.5,Kg,historical_csv
2017-08-31,Potato,30.54,Kg,historical_csv
2017-09-07,Potato,30.32,Kg,historical_csv
2017-09-14,Potato,30.14,Kg,historical_csv
2017-09-21,Potato,30.08,Kg,historical_csv
2017-09-28,Potato,30.0,Kg,historical_csv
2017-10-05,Potato,30.18,Kg,historical_csv
2017-10-12,Potato,31.25,Kg,historical_csv
2017-10-19,Potato,30.14,Kg,historical_csv
2017-10-26,Potato,37.61,Kg,historical_csv
2017-11-02,Potato,40.54,Kg,historical_csv
2017-11-09,Potato,40.57,Kg,historical_csv
2017-11-16,Potato,38.89,Kg,historical_csv
2017-11-23,Potato,33.43,Kg,historical_csv
2017-11-30,Potato,31.86,Kg,historical_csv
2017-12-07,Potato,30.25,Kg,historical_csv
2017-12-14,Potato,33.21,Kg,historical_csv
2017-12-21,Potato,34.54,Kg,historical_csv
2017-12-28,Potato,34.25,Kg,historical_csv
2018-01-04,Potato,32.14,Kg,historical_csv
2018-01-11,Potato,28.21,Kg,historical_csv
2018-01-18,Potato,26.42,Kg,historical_csv
2018-01-25,Potato,23.82,Kg,historical_csv
2018-02-01,Potato,22.64,Kg,historical_csv
2018-02-08,Potato,20.14,Kg,historical_csv
2018-02-15,Potato,20.11,Kg,historical_csv
2018-02-22,Potato,20.04,Kg,historical_csv
2018-03-01,Potato,21.0,Kg,historical_csv
2018-03-08,Potato,22.0,Kg,historical_csv
2018-03-15,Potato,23.25,Kg,historical_csv
2018-03-22,Potato,22.5,Kg,historical_csv
2018-03-29,Potato,22.61,Kg,historical_csv
2018-04-05,Potato,27.82,Kg,historical_csv
2018-04-12,Potato,32.75,Kg,historical_csv
2018-04-19,Potato,29.68,Kg,historical_csv
2018-04-26,Potato,30.07,Kg,historical_csv
2018-05-03,Potato,30.04,Kg,historical_csv
2018-05-10,Potato,29.82,Kg,historical_csv
2018-05-17,Potato,27.75,Kg,historical_csv
2018-05-24,Potato,26.89,Kg,historical_csv
2018-05-31,Potato,26.25,Kg,historical_csv
2018-06-07,Potato,30.93,Kg,historical_csv
2018-06-14,Potato,31.07,Kg,historical_csv
2018-06-21,Potato,30.68,Kg,historical_csv
2018-06-28,Potato,32.93,Kg,historical_csv
2018-07-05,Potato,34.79,Kg,historical_csv
2018-07-12,Potato,36.21,Kg,historical_csv
2018-07-19,Potato,38.04,Kg,historical_csv
2018-07-26,Potato,40.0,Kg,historical_csv
2018-08-02,Potato,40.0,Kg,historical_csv
2018-08-09,Potato,40.79,Kg,historical_csv
2018-08-16,Potato,43.96,Kg,historical_csv
2018-08-23,Potato,44.21,Kg,historical_csv
2018-08-30,Potato,44.29,Kg,historical_csv
2018-09-06,Potato,44.71,Kg,historical_csv
2018-09-13,Potato,49.0,Kg,historical_csv
2018-09-20,Potato,54.57,Kg,historical_csv
2018-09-27,Potato,55.46,Kg,historical_csv
2018-10-04,Potato,52.5,Kg,historical_csv
2018-10-11,Potato,52.21,Kg,historical_csv
2018-10-18,Potato,56.29,Kg,historical_csv
2018-10-25,Potato,66.43,Kg,historical_csv
2018-11-01,Potato,63.75,Kg,historical_csv
2018-11-08,Potato,47.0,Kg,historical_csv
2018-11-15,Potato,48.18,Kg,historical_csv
2018-11-22,Potato,44.29,Kg,historical_csv
2018-11-29,Potato,47.25,Kg,historical_csv
2018-12-06,Potato,43.07,Kg,historical_csv
2018-12-13,Potato,41.86,Kg,historical_csv
2018-12-20,Potato,38.14,Kg,historical_csv
2018-12-27,Potato,32.14,Kg,historical_csv
2019-01-03,Potato,26.61,Kg,historical_csv
2019-01-10,Potato,29.18,Kg,historical_csv
2019-01-17,Potato,27.36,Kg,historical_csv
2019-01-24,Potato,26.57,Kg,historical_csv
2019-01-31,Potato,24.82,Kg,historical_csv
2019-02-07,Potato,20.82,Kg,historical_csv
2019-02-14,Potato,20.71,Kg,historical_csv
2019-02-21,Potato,20.32,Kg,historical_csv
2019-02-28,Potato,20.36,Kg,historical_csv
2019-03-07,Potato,20.08,Kg,historical_csv
2019-03-14,Potato,21.61,Kg,historical_csv
2019-03-21,Potato,22.43,Kg,historical_csv
2019-03-28,Potato,22.14,Kg,historical_csv
2019-04-04,Potato,22.0,Kg,historical_csv
2019-04-11,Potato,23.79,Kg,historical_csv
2019-04-18,Potato,26.86,Kg,historical_csv
2019-04-25,Potato,26.71,Kg,historical_csv
2019-05-02,Potato,24.0,Kg,historical_csv
2019-05-09,Potato,26.29,Kg,historical_csv
2019-05-16,Potato,26.14,Kg,historical_csv
2019-05-23,Potato,25.46,Kg,historical_csv
2019-05-30,Potato,25.89,Kg,historical_csv
2019-06-06,Potato,26.92,Kg,historical_csv
2019-06-13,Potato,28.56,Kg,historical_csv
2019-06-20,Potato,29.79,Kg,historical_csv
2019-06-27,Potato,30.41,Kg,historical_csv
2019-07-04,Potato,28.65,Kg,historical_csv
2019-07-11,Potato,27.39,Kg,historical_csv
2019-07-18,Potato,29.02,Kg,historical_csv
2019-07-25,Potato,33.6,Kg,historical_csv
2019-08-01,Potato,31.69,Kg,historical_csv
2019-08-08,Potato,31.52,Kg,historical_csv
2019-08-15,Potato,32.02,Kg,historical_csv
2019-08-22,Potato,33.02,Kg,historical_csv
2019-08-29,Potato,32.69,Kg,historical_csv
2019-09-05,Potato,32.2,Kg,historical_csv
2019-09-12,Potato,32.17,Kg,historical_csv
2019-09-19,Potato,37.15,Kg,historical_csv
2019-09-26,Potato,38.82,Kg,historical_csv
2019-10-03,Potato,41.54,Kg,historical_csv
2019-10-10,Potato,43.93,Kg,historical_csv
2019-10-17,Potato,44.85,Kg,historical_csv
2019-10-24,Potato,44.75,Kg,historical_csv
2019-10-31,Potato,46.06,Kg,historical_csv
2019-11-07,Potato,45.88,Kg,historical_csv
2019-11-14,Potato,39.71,Kg,historical_csv
2019-11-21,Potato,38.18,Kg,historical_csv
2019-11-28,Potato,37.16,Kg,historical_csv
2019-12-05,Potato,39.95,Kg,historical_csv
2019-12-12,Potato,45.67,Kg,historical_csv
2019-12-19,Potato,52.59,Kg,historical_csv
2019-12-26,Potato,54.07,Kg,historical_csv
2020-01-02,Potato,47.07,Kg,historical_csv
2020-01-09,Potato,45.29,Kg,historical_csv
2020-01-16,Potato,43.61,Kg,historical_csv
2020-01-23,Potato,42.2,Kg,historical_csv
2020-01-30,Potato,38.54,Kg,historical_csv
2020-02-06,Potato,32.39,Kg,historical_csv
2020-02-13,Potato,32.79,Kg,historical_csv
2020-02-20,Potato,34.61,Kg,historical_csv
2020-02-27,Potato,32.64,Kg,historical_csv
2020-03-05,Potato,35.5,Kg,historical_csv
2020-03-12,Potato,30.29,Kg,historical_csv
2020-03-19,Potato,29.86,Kg,historical_csv
2020-03-26,Potato,32.7,Kg,historical_csv
2020-04-02,Potato,36.0,Kg,historical_csv
2020-04-09,Potato,37.0,Kg,historical_csv
2020-04-16,Potato,38.2,Kg,historical_csv
2020-04-23,Potato,35.2,Kg,historical_csv
2020-04-30,Potato,30.68,Kg,historical_csv
2020-05-07,Potato,29.18,Kg,historical_csv
2020-05-14,Potato,29.14,Kg,historical_csv
2020-05-21,Potato,28.57,Kg,historical_csv
2020-05-28,Potato,29.18,Kg,historical_csv
2020-06-04,Potato,29.5,Kg,historical_csv
2020-06-11,Potato,30.7,Kg,historical_csv
2020-06-18,Potato,31.76,Kg,historical_csv
2020-06-25,Potato,32.08,Kg,historical_csv
2020-07-02,Potato,37.4,Kg,historical_csv
2020-07-09,Potato,45.21,Kg,historical_csv
2020-07-16,Potato,45.28,Kg,historical_csv
2020-07-23,Potato,52.02,Kg,historical_csv
2020-07-30,Potato,61.41,Kg,historical_csv
2020-08-06,Potato,56.79,Kg,historical_csv
2020-08-13,Potato,56.14,Kg,historical_csv
2020-08-20,Potato,58.5,Kg,historical_csv
2020-08-27,Potato,60.88,Kg,historical_csv
2020-09-03,Potato,62.52,Kg,historical_csv
2020-09-10,Potato,70.02,Kg,historical_csv
2020-09-17,Potato,72.29,Kg,historical_csv
2020-09-24,Potato,73.29,Kg,historical_csv
2020-10-01,Potato,73.18,Kg,historical_csv
2020-10-08,Potato,75.75,Kg,historical_csv
2020-10-15,Potato,75.2,Kg,historical_csv
2020-10-22,Potato,79.88,Kg,historical_csv
2020-10-29,Potato,83.84,Kg,historical_csv
2020-11-05,Potato,73.45,Kg,historical_csv
2020-11-12,Potato,66.61,Kg,historical_csv
2020-11-19,Potato,66.43,Kg,historical_csv
2020-11-26,Potato,69.62,Kg,historical_csv
2020-12-03,Potato,76.73,Kg,historical_csv
2020-12-10,Potato,65.75,Kg,historical_csv
2020-12-17,Potato,57.36,Kg,historical_csv
2020-12-24,Potato,44.36,Kg,historical_csv
2020-12-31,Potato,36.52,Kg,historical_csv
2021-01-07,Potato,34.57,Kg,historical_csv
2021-01-14,Potato,31.55,Kg,historical_csv
2021-01-21,Potato,28.79,Kg,historical_csv
2021-01-28,Potato,25.5,Kg,historical_csv
2021-02-04,Potato,24.79,Kg,historical_csv
2021-02-11,Potato,24.95,Kg,historical_csv
2021-02-18,Potato,23.25,Kg,historical_csv
2021-02-25,Potato,24.73,Kg,historical_csv
2021-03-04,Potato,24.48,Kg,historical_csv
2021-03-11,Potato,25.48,Kg,historical_csv
2021-03-18,Potato,25.59,Kg,historical_csv
2021-03-25,Potato,25.61,Kg,historical_csv
2021-04-01,Potato,27.1,Kg,historical_csv
2021-04-22,Potato,27.29,Kg,historical_csv
2021-04-29,Potato,30.73,Kg,historical_csv
2021-05-06,Potato,37.57,Kg,historical_csv
2021-05-13,Potato,33.33,Kg,historical_csv
2025-04-03,Potato,27.3,Kg,historical_csv
2025-04-10,Potato,27.09,Kg,historical_csv
2025-04-17,Potato,26.42,Kg,historical_csv
2025-05-15,Potato,63.42,1 Kg,pbs_real
2025-07-17,Potato,100.48,1 Kg,pbs_real
2025-07-24,Potato,92.79,1 Kg,pbs_real
2025-07-31,Potato,93.42,1 Kg,pbs_real
2025-10-16,Potato,92.98,1 Kg,pbs_real
2025-10-23,Potato,92.98,1 Kg,pbs_real
2025-10-30,Potato,93.03,1 Kg,pbs_real
2025-11-06,Potato,91.21,1 Kg,pbs_real
2025-11-13,Potato,94.07,1 Kg,pbs_real
2025-11-20,Potato,81.94,1 Kg,pbs_real
2025-11-27,Potato,79.06,1 Kg,pbs_real
2025-12-11,Potato,72.07,1 Kg,pbs_real
2025-12-18,Potato,66.77,1 Kg,pbs_real
2026-01-01,Potato,53.3,1 Kg,pbs_real
2026-01-08,Potato,51.59,1 Kg,pbs_real
2026-01-15,Potato,48.99,1 Kg,pbs_real
2026-01-22,Potato,44.96,1 Kg,pbs_real
2026-01-29,Potato,40.12,1 Kg,pbs_real
2026-02-12,Potato,40.8,1 Kg,pbs_real
2026-02-19,Potato,38.72,1 Kg,pbs_real
2026-02-26,Potato,34.06,1 Kg,pbs_real
2026-03-05,Potato,31.72,1 Kg,pbs_real
2026-03-26,Potato,34.09,1 Kg,pbs_real
2026-04-02,Potato,33.85,1 Kg,pbs_real
2026-04-09,Potato,37.6,1 Kg,pbs_real
2026-04-16,Potato,35.35,1 Kg,pbs_real
2026-04-23,Potato,36.83,1 Kg,pbs_real
2026-04-30,Potato,37.31,1 Kg,pbs_real
2026-05-07,Potato,37.42,1 Kg,pbs_real
2026-05-14,Potato,37.97,1 Kg,pbs_real
2026-05-21,Potato,37.97,1 Kg,pbs_real
2026-06-04,Potato,46.75,1 Kg,pbs_real
2026-06-11,Potato,47.19,1 Kg,pbs_real
2026-06-18,Potato,51.27,1 Kg,pbs_real
2026-07-02,Potato,58.03,1 Kg,pbs_real
2026-07-09,Potato,61.06,1 Kg,pbs_real
2013-06-20,Pumpkin,19.0,Kg,historical_csv
2013-08-01,Pumpkin,19.0,Kg,historical_csv
2013-08-08,Pumpkin,22.0,Kg,historical_csv
2013-08-15,Pumpkin,27.38,Kg,historical_csv
2013-08-22,Pumpkin,29.0,Kg,historical_csv
2013-08-29,Pumpkin,29.1,Kg,historical_csv
2013-09-05,Pumpkin,34.67,Kg,historical_csv
2013-09-12,Pumpkin,37.5,Kg,historical_csv
2013-09-19,Pumpkin,37.5,Kg,historical_csv
2013-09-26,Pumpkin,36.67,Kg,historical_csv
2013-10-03,Pumpkin,29.17,Kg,historical_csv
2013-10-10,Pumpkin,18.83,Kg,historical_csv
2013-10-17,Pumpkin,14.67,Kg,historical_csv
2013-10-24,Pumpkin,16.4,Kg,historical_csv
2013-10-31,Pumpkin,18.17,Kg,historical_csv
2013-11-07,Pumpkin,19.58,Kg,historical_csv
2013-11-14,Pumpkin,20.8,Kg,historical_csv
2013-11-21,Pumpkin,19.5,Kg,historical_csv
2013-11-28,Pumpkin,17.0,Kg,historical_csv
2013-12-05,Pumpkin,16.5,Kg,historical_csv
2013-12-12,Pumpkin,17.08,Kg,historical_csv
2013-12-19,Pumpkin,17.1,Kg,historical_csv
2013-12-26,Pumpkin,17.1,Kg,historical_csv
2014-01-02,Pumpkin,16.9,Kg,historical_csv
2014-01-09,Pumpkin,17.17,Kg,historical_csv
2014-01-16,Pumpkin,17.6,Kg,historical_csv
2014-01-23,Pumpkin,18.83,Kg,historical_csv
2014-01-30,Pumpkin,20.0,Kg,historical_csv
2014-02-06,Pumpkin,20.2,Kg,historical_csv
2014-02-13,Pumpkin,21.33,Kg,historical_csv
2014-02-20,Pumpkin,25.1,Kg,historical_csv
2014-02-27,Pumpkin,26.9,Kg,historical_csv
2014-03-06,Pumpkin,26.5,Kg,historical_csv
2014-03-13,Pumpkin,29.5,Kg,historical_csv
2014-03-20,Pumpkin,30.1,Kg,historical_csv
2014-03-27,Pumpkin,29.67,Kg,historical_csv
2014-04-03,Pumpkin,31.8,Kg,historical_csv
2014-04-10,Pumpkin,28.0,Kg,historical_csv
2014-04-17,Pumpkin,21.6,Kg,historical_csv
2014-04-24,Pumpkin,19.0,Kg,historical_csv
2014-05-01,Pumpkin,22.1,Kg,historical_csv
2014-05-08,Pumpkin,23.17,Kg,historical_csv
2014-05-15,Pumpkin,23.2,Kg,historical_csv
2014-05-22,Pumpkin,22.17,Kg,historical_csv
2014-05-29,Pumpkin,22.3,Kg,historical_csv
2014-06-05,Pumpkin,23.08,Kg,historical_csv
2014-06-12,Pumpkin,22.08,Kg,historical_csv
2014-06-19,Pumpkin,23.17,Kg,historical_csv
2014-06-26,Pumpkin,22.6,Kg,historical_csv
2014-07-03,Pumpkin,22.67,Kg,historical_csv
2014-07-10,Pumpkin,23.0,Kg,historical_csv
2014-07-17,Pumpkin,23.07,Kg,historical_csv
2014-07-24,Pumpkin,23.21,Kg,historical_csv
2014-07-31,Pumpkin,25.64,Kg,historical_csv
2014-08-07,Pumpkin,24.79,Kg,historical_csv
2014-08-14,Pumpkin,26.29,Kg,historical_csv
2014-08-21,Pumpkin,29.0,Kg,historical_csv
2014-08-28,Pumpkin,29.0,Kg,historical_csv
2014-09-04,Pumpkin,27.75,Kg,historical_csv
2014-09-11,Pumpkin,27.29,Kg,historical_csv
2014-09-18,Pumpkin,31.43,Kg,historical_csv
2014-09-25,Pumpkin,35.33,Kg,historical_csv
2014-10-02,Pumpkin,32.5,Kg,historical_csv
2014-10-09,Pumpkin,24.0,Kg,historical_csv
2014-10-16,Pumpkin,27.5,Kg,historical_csv
2014-10-23,Pumpkin,29.17,Kg,historical_csv
2014-10-30,Pumpkin,35.42,Kg,historical_csv
2014-11-06,Pumpkin,19.93,Kg,historical_csv
2014-11-13,Pumpkin,18.21,Kg,historical_csv
2014-11-20,Pumpkin,15.5,Kg,historical_csv
2014-11-27,Pumpkin,17.92,Kg,historical_csv
2014-12-04,Pumpkin,16.64,Kg,historical_csv
2014-12-11,Pumpkin,16.29,Kg,historical_csv
2014-12-18,Pumpkin,17.21,Kg,historical_csv
2014-12-25,Pumpkin,18.25,Kg,historical_csv
2015-01-01,Pumpkin,19.14,Kg,historical_csv
2015-01-08,Pumpkin,19.0,Kg,historical_csv
2015-01-15,Pumpkin,22.67,Kg,historical_csv
2015-01-22,Pumpkin,27.71,Kg,historical_csv
2015-01-29,Pumpkin,27.75,Kg,historical_csv
2015-02-05,Pumpkin,29.17,Kg,historical_csv
2015-02-12,Pumpkin,29.36,Kg,historical_csv
2015-02-19,Pumpkin,28.58,Kg,historical_csv
2015-02-26,Pumpkin,26.17,Kg,historical_csv
2015-03-05,Pumpkin,25.0,Kg,historical_csv
2015-03-12,Pumpkin,26.3,Kg,historical_csv
2015-03-19,Pumpkin,29.14,Kg,historical_csv
2015-03-26,Pumpkin,31.21,Kg,historical_csv
2015-04-02,Pumpkin,27.71,Kg,historical_csv
2015-04-09,Pumpkin,28.25,Kg,historical_csv
2015-04-16,Pumpkin,27.5,Kg,historical_csv
2015-04-23,Pumpkin,28.42,Kg,historical_csv
2015-04-30,Pumpkin,27.64,Kg,historical_csv
2015-05-07,Pumpkin,28.79,Kg,historical_csv
2015-05-14,Pumpkin,27.5,Kg,historical_csv
2015-05-21,Pumpkin,27.71,Kg,historical_csv
2015-05-28,Pumpkin,27.5,Kg,historical_csv
2015-06-04,Pumpkin,24.71,Kg,historical_csv
2015-06-11,Pumpkin,23.86,Kg,historical_csv
2015-06-18,Pumpkin,22.62,Kg,historical_csv
2015-06-25,Pumpkin,21.35,Kg,historical_csv
2015-07-02,Pumpkin,20.69,Kg,historical_csv
2015-07-09,Pumpkin,21.68,Kg,historical_csv
2015-07-16,Pumpkin,21.54,Kg,historical_csv
2015-07-23,Pumpkin,22.38,Kg,historical_csv
2015-07-30,Pumpkin,21.62,Kg,historical_csv
2015-08-06,Pumpkin,25.79,Kg,historical_csv
2015-08-13,Pumpkin,26.93,Kg,historical_csv
2015-08-20,Pumpkin,27.57,Kg,historical_csv
2015-08-27,Pumpkin,28.36,Kg,historical_csv
2015-09-03,Pumpkin,30.21,Kg,historical_csv
2015-09-10,Pumpkin,33.14,Kg,historical_csv
2015-09-17,Pumpkin,32.14,Kg,historical_csv
2015-09-24,Pumpkin,30.93,Kg,historical_csv
2015-10-01,Pumpkin,31.0,Kg,historical_csv
2015-10-08,Pumpkin,29.64,Kg,historical_csv
2015-10-15,Pumpkin,30.93,Kg,historical_csv
2015-10-22,Pumpkin,22.64,Kg,historical_csv
2015-10-29,Pumpkin,22.5,Kg,historical_csv
2015-11-05,Pumpkin,22.43,Kg,historical_csv
2015-11-12,Pumpkin,22.57,Kg,historical_csv
2015-11-19,Pumpkin,22.07,Kg,historical_csv
2015-11-26,Pumpkin,20.86,Kg,historical_csv
2015-12-03,Pumpkin,20.93,Kg,historical_csv
2015-12-10,Pumpkin,20.29,Kg,historical_csv
2015-12-17,Pumpkin,21.14,Kg,historical_csv
2015-12-24,Pumpkin,19.86,Kg,historical_csv
2015-12-31,Pumpkin,20.43,Kg,historical_csv
2016-01-07,Pumpkin,20.86,Kg,historical_csv
2016-01-14,Pumpkin,20.0,Kg,historical_csv
2016-01-21,Pumpkin,19.14,Kg,historical_csv
2016-01-28,Pumpkin,19.0,Kg,historical_csv
2016-02-04,Pumpkin,22.5,Kg,historical_csv
2016-02-11,Pumpkin,22.29,Kg,historical_csv
2016-02-18,Pumpkin,22.5,Kg,historical_csv
2016-02-25,Pumpkin,23.43,Kg,historical_csv
2016-03-03,Pumpkin,28.75,Kg,historical_csv
2016-03-10,Pumpkin,28.71,Kg,historical_csv
2016-03-17,Pumpkin,31.08,Kg,historical_csv
2016-03-24,Pumpkin,33.57,Kg,historical_csv
2016-03-31,Pumpkin,34.64,Kg,historical_csv
2016-04-07,Pumpkin,33.57,Kg,historical_csv
2016-04-14,Pumpkin,32.86,Kg,historical_csv
2016-04-21,Pumpkin,31.86,Kg,historical_csv
2016-04-28,Pumpkin,33.43,Kg,historical_csv
2016-05-05,Pumpkin,31.5,Kg,historical_csv
2016-05-12,Pumpkin,31.21,Kg,historical_csv
2016-05-19,Pumpkin,32.14,Kg,historical_csv
2016-05-26,Pumpkin,32.5,Kg,historical_csv
2016-06-02,Pumpkin,32.5,Kg,historical_csv
2016-06-09,Pumpkin,32.5,Kg,historical_csv
2016-06-16,Pumpkin,32.5,Kg,historical_csv
2016-06-23,Pumpkin,29.64,Kg,historical_csv
2016-06-30,Pumpkin,27.5,Kg,historical_csv
2016-07-07,Pumpkin,27.5,Kg,historical_csv
2016-07-14,Pumpkin,27.5,Kg,historical_csv
2016-07-21,Pumpkin,27.5,Kg,historical_csv
2016-07-28,Pumpkin,27.5,Kg,historical_csv
2016-08-04,Pumpkin,28.93,Kg,historical_csv
2016-08-11,Pumpkin,37.5,Kg,historical_csv
2016-08-18,Pumpkin,37.5,Kg,historical_csv
2016-08-25,Pumpkin,37.14,Kg,historical_csv
2016-09-01,Pumpkin,39.64,Kg,historical_csv
2016-09-08,Pumpkin,52.5,Kg,historical_csv
2016-09-15,Pumpkin,48.21,Kg,historical_csv
2016-09-22,Pumpkin,39.64,Kg,historical_csv
2016-09-29,Pumpkin,34.86,Kg,historical_csv
2016-10-06,Pumpkin,32.5,Kg,historical_csv
2016-10-13,Pumpkin,33.5,Kg,historical_csv
2016-10-20,Pumpkin,33.93,Kg,historical_csv
2016-10-27,Pumpkin,29.64,Kg,historical_csv
2016-11-03,Pumpkin,27.5,Kg,historical_csv
2016-11-10,Pumpkin,27.5,Kg,historical_csv
2016-11-17,Pumpkin,28.57,Kg,historical_csv
2016-11-24,Pumpkin,27.5,Kg,historical_csv
2016-12-01,Pumpkin,27.5,Kg,historical_csv
2016-12-08,Pumpkin,23.93,Kg,historical_csv
2016-12-15,Pumpkin,22.5,Kg,historical_csv
2016-12-22,Pumpkin,22.5,Kg,historical_csv
2016-12-29,Pumpkin,22.5,Kg,historical_csv
2017-01-05,Pumpkin,21.86,Kg,historical_csv
2017-01-12,Pumpkin,20.93,Kg,historical_csv
2017-01-19,Pumpkin,23.21,Kg,historical_csv
2017-01-26,Pumpkin,21.0,Kg,historical_csv
2017-02-02,Pumpkin,21.21,Kg,historical_csv
2017-02-09,Pumpkin,21.14,Kg,historical_csv
2017-02-16,Pumpkin,21.93,Kg,historical_csv
2017-02-23,Pumpkin,23.64,Kg,historical_csv
2017-03-02,Pumpkin,27.5,Kg,historical_csv
2017-03-09,Pumpkin,27.5,Kg,historical_csv
2017-03-16,Pumpkin,27.75,Kg,historical_csv
2017-03-23,Pumpkin,28.36,Kg,historical_csv
2017-03-30,Pumpkin,31.5,Kg,historical_csv
2017-04-06,Pumpkin,28.93,Kg,historical_csv
2017-04-13,Pumpkin,31.79,Kg,historical_csv
2017-04-20,Pumpkin,36.07,Kg,historical_csv
2017-04-27,Pumpkin,28.21,Kg,historical_csv
2017-05-04,Pumpkin,27.5,Kg,historical_csv
2017-05-11,Pumpkin,27.5,Kg,historical_csv
2017-05-18,Pumpkin,27.5,Kg,historical_csv
2017-05-25,Pumpkin,27.5,Kg,historical_csv
2017-06-01,Pumpkin,27.5,Kg,historical_csv
2017-06-08,Pumpkin,27.5,Kg,historical_csv
2017-06-15,Pumpkin,27.5,Kg,historical_csv
2017-06-22,Pumpkin,27.71,Kg,historical_csv
2017-06-29,Pumpkin,27.5,Kg,historical_csv
2017-07-06,Pumpkin,27.5,Kg,historical_csv
2017-07-13,Pumpkin,28.93,Kg,historical_csv
2017-07-20,Pumpkin,32.5,Kg,historical_csv
2017-07-27,Pumpkin,32.5,Kg,historical_csv
2017-08-03,Pumpkin,32.5,Kg,historical_csv
2017-08-10,Pumpkin,32.5,Kg,historical_csv
2017-08-17,Pumpkin,37.5,Kg,historical_csv
2017-08-24,Pumpkin,37.5,Kg,historical_csv
2017-08-31,Pumpkin,47.5,Kg,historical_csv
2017-09-07,Pumpkin,47.5,Kg,historical_csv
2017-09-14,Pumpkin,47.5,Kg,historical_csv
2017-09-21,Pumpkin,47.5,Kg,historical_csv
2017-09-28,Pumpkin,49.64,Kg,historical_csv
2017-10-05,Pumpkin,41.79,Kg,historical_csv
2017-10-12,Pumpkin,31.79,Kg,historical_csv
2017-10-19,Pumpkin,31.07,Kg,historical_csv
2017-10-26,Pumpkin,33.93,Kg,historical_csv
2017-11-02,Pumpkin,27.5,Kg,historical_csv
2017-11-09,Pumpkin,24.86,Kg,historical_csv
2017-11-16,Pumpkin,22.5,Kg,historical_csv
2017-11-23,Pumpkin,22.14,Kg,historical_csv
2017-11-30,Pumpkin,22.5,Kg,historical_csv
2017-12-07,Pumpkin,22.5,Kg,historical_csv
2017-12-14,Pumpkin,22.29,Kg,historical_csv
2017-12-21,Pumpkin,20.75,Kg,historical_csv
2017-12-28,Pumpkin,19.0,Kg,historical_csv
2018-01-04,Pumpkin,19.57,Kg,historical_csv
2018-01-11,Pumpkin,22.5,Kg,historical_csv
2018-01-18,Pumpkin,22.5,Kg,historical_csv
2018-01-25,Pumpkin,23.93,Kg,historical_csv
2018-02-01,Pumpkin,22.5,Kg,historical_csv
2018-02-08,Pumpkin,22.5,Kg,historical_csv
2018-02-15,Pumpkin,22.5,Kg,historical_csv
2018-02-22,Pumpkin,26.07,Kg,historical_csv
2018-03-01,Pumpkin,28.14,Kg,historical_csv
2018-03-08,Pumpkin,27.5,Kg,historical_csv
2018-03-15,Pumpkin,38.79,Kg,historical_csv
2018-03-22,Pumpkin,37.5,Kg,historical_csv
2018-03-29,Pumpkin,37.5,Kg,historical_csv
2018-04-05,Pumpkin,37.5,Kg,historical_csv
2018-04-12,Pumpkin,36.79,Kg,historical_csv
2018-04-19,Pumpkin,32.36,Kg,historical_csv
2018-04-26,Pumpkin,30.5,Kg,historical_csv
2018-05-03,Pumpkin,31.0,Kg,historical_csv
2018-05-10,Pumpkin,28.79,Kg,historical_csv
2018-05-17,Pumpkin,28.57,Kg,historical_csv
2018-05-24,Pumpkin,27.5,Kg,historical_csv
2018-05-31,Pumpkin,27.5,Kg,historical_csv
2018-06-07,Pumpkin,28.57,Kg,historical_csv
2018-06-14,Pumpkin,28.79,Kg,historical_csv
2018-06-21,Pumpkin,31.5,Kg,historical_csv
2018-06-28,Pumpkin,35.79,Kg,historical_csv
2018-07-05,Pumpkin,31.86,Kg,historical_csv
2018-07-12,Pumpkin,31.64,Kg,historical_csv
2018-07-19,Pumpkin,32.5,Kg,historical_csv
2018-07-26,Pumpkin,32.5,Kg,historical_csv
2018-08-02,Pumpkin,33.36,Kg,historical_csv
2018-08-09,Pumpkin,34.0,Kg,historical_csv
2018-08-16,Pumpkin,37.36,Kg,historical_csv
2018-08-23,Pumpkin,36.79,Kg,historical_csv
2018-08-30,Pumpkin,37.5,Kg,historical_csv
2018-09-06,Pumpkin,37.5,Kg,historical_csv
2018-09-13,Pumpkin,38.21,Kg,historical_csv
2018-09-20,Pumpkin,41.79,Kg,historical_csv
2018-09-27,Pumpkin,37.5,Kg,historical_csv
2018-10-04,Pumpkin,37.5,Kg,historical_csv
2018-10-11,Pumpkin,35.36,Kg,historical_csv
2018-10-18,Pumpkin,32.5,Kg,historical_csv
2018-10-25,Pumpkin,29.0,Kg,historical_csv
2018-11-01,Pumpkin,28.79,Kg,historical_csv
2018-11-08,Pumpkin,29.0,Kg,historical_csv
2018-11-15,Pumpkin,24.36,Kg,historical_csv
2018-11-22,Pumpkin,25.36,Kg,historical_csv
2018-11-29,Pumpkin,26.07,Kg,historical_csv
2018-12-06,Pumpkin,22.0,Kg,historical_csv
2018-12-13,Pumpkin,22.0,Kg,historical_csv
2018-12-20,Pumpkin,22.5,Kg,historical_csv
2018-12-27,Pumpkin,22.5,Kg,historical_csv
2019-01-03,Pumpkin,22.5,Kg,historical_csv
2019-01-10,Pumpkin,22.5,Kg,historical_csv
2019-01-17,Pumpkin,24.64,Kg,historical_csv
2019-01-24,Pumpkin,23.93,Kg,historical_csv
2019-01-31,Pumpkin,22.5,Kg,historical_csv
2019-02-07,Pumpkin,22.5,Kg,historical_csv
2019-02-14,Pumpkin,25.36,Kg,historical_csv
2019-02-21,Pumpkin,24.14,Kg,historical_csv
2019-02-28,Pumpkin,22.5,Kg,historical_csv
2019-03-07,Pumpkin,22.5,Kg,historical_csv
2019-03-14,Pumpkin,31.93,Kg,historical_csv
2019-03-21,Pumpkin,32.79,Kg,historical_csv
2019-03-28,Pumpkin,34.57,Kg,historical_csv
2019-04-04,Pumpkin,31.5,Kg,historical_csv
2019-04-11,Pumpkin,35.93,Kg,historical_csv
2019-04-18,Pumpkin,37.5,Kg,historical_csv
2019-04-25,Pumpkin,37.5,Kg,historical_csv
2019-05-02,Pumpkin,37.5,Kg,historical_csv
2019-05-09,Pumpkin,38.93,Kg,historical_csv
2019-05-16,Pumpkin,43.21,Kg,historical_csv
2019-05-23,Pumpkin,37.14,Kg,historical_csv
2019-05-30,Pumpkin,37.5,Kg,historical_csv
2019-06-06,Pumpkin,36.79,Kg,historical_csv
2019-06-13,Pumpkin,32.5,Kg,historical_csv
2019-06-20,Pumpkin,32.5,Kg,historical_csv
2019-06-27,Pumpkin,33.21,Kg,historical_csv
2019-07-04,Pumpkin,37.86,Kg,historical_csv
2019-07-11,Pumpkin,37.5,Kg,historical_csv
2019-07-18,Pumpkin,37.5,Kg,historical_csv
2019-07-25,Pumpkin,37.5,Kg,historical_csv
2019-08-01,Pumpkin,40.0,Kg,historical_csv
2019-08-08,Pumpkin,37.36,Kg,historical_csv
2019-08-15,Pumpkin,37.5,Kg,historical_csv
2019-08-22,Pumpkin,37.5,Kg,historical_csv
2019-08-29,Pumpkin,36.79,Kg,historical_csv
2019-09-05,Pumpkin,37.5,Kg,historical_csv
2019-09-12,Pumpkin,37.5,Kg,historical_csv
2019-09-19,Pumpkin,38.93,Kg,historical_csv
2019-09-26,Pumpkin,50.36,Kg,historical_csv
2019-10-03,Pumpkin,47.5,Kg,historical_csv
2019-10-10,Pumpkin,49.86,Kg,historical_csv
2019-10-17,Pumpkin,47.5,Kg,historical_csv
2019-10-24,Pumpkin,47.5,Kg,historical_csv
2019-10-31,Pumpkin,39.64,Kg,historical_csv
2019-11-07,Pumpkin,37.5,Kg,historical_csv
2019-11-14,Pumpkin,42.5,Kg,historical_csv
2019-11-21,Pumpkin,42.86,Kg,historical_csv
2019-11-28,Pumpkin,42.5,Kg,historical_csv
2019-12-05,Pumpkin,42.5,Kg,historical_csv
2019-12-12,Pumpkin,42.5,Kg,historical_csv
2019-12-19,Pumpkin,42.5,Kg,historical_csv
2019-12-26,Pumpkin,42.5,Kg,historical_csv
2020-01-02,Pumpkin,42.5,Kg,historical_csv
2020-01-09,Pumpkin,42.5,Kg,historical_csv
2020-01-16,Pumpkin,42.5,Kg,historical_csv
2020-01-23,Pumpkin,42.5,Kg,historical_csv
2020-01-30,Pumpkin,42.5,Kg,historical_csv
2020-02-06,Pumpkin,42.5,Kg,historical_csv
2020-02-13,Pumpkin,44.64,Kg,historical_csv
2020-02-20,Pumpkin,47.43,Kg,historical_csv
2020-02-27,Pumpkin,47.5,Kg,historical_csv
2020-03-05,Pumpkin,51.0,Kg,historical_csv
2020-03-12,Pumpkin,47.5,Kg,historical_csv
2020-03-19,Pumpkin,47.5,Kg,historical_csv
2020-03-26,Pumpkin,47.5,Kg,historical_csv
2020-04-02,Pumpkin,47.5,Kg,historical_csv
2020-04-09,Pumpkin,47.5,Kg,historical_csv
2020-04-16,Pumpkin,42.5,Kg,historical_csv
2020-04-23,Pumpkin,42.5,Kg,historical_csv
2020-04-30,Pumpkin,38.5,Kg,historical_csv
2020-05-07,Pumpkin,37.5,Kg,historical_csv
2020-05-14,Pumpkin,37.5,Kg,historical_csv
2020-05-21,Pumpkin,37.5,Kg,historical_csv
2020-05-28,Pumpkin,34.64,Kg,historical_csv
2020-06-04,Pumpkin,31.07,Kg,historical_csv
2020-06-11,Pumpkin,27.5,Kg,historical_csv
2020-06-18,Pumpkin,27.5,Kg,historical_csv
2020-06-25,Pumpkin,27.5,Kg,historical_csv
2020-07-02,Pumpkin,27.5,Kg,historical_csv
2020-07-09,Pumpkin,26.79,Kg,historical_csv
2020-07-16,Pumpkin,27.75,Kg,historical_csv
2020-07-23,Pumpkin,28.57,Kg,historical_csv
2020-07-30,Pumpkin,33.93,Kg,historical_csv
2020-08-06,Pumpkin,42.5,Kg,historical_csv
2020-08-13,Pumpkin,41.07,Kg,historical_csv
2020-08-20,Pumpkin,37.5,Kg,historical_csv
2020-08-27,Pumpkin,36.79,Kg,historical_csv
2020-09-03,Pumpkin,30.36,Kg,historical_csv
2020-09-10,Pumpkin,29.64,Kg,historical_csv
2020-09-17,Pumpkin,33.93,Kg,historical_csv
2020-09-24,Pumpkin,42.5,Kg,historical_csv
2020-10-01,Pumpkin,41.79,Kg,historical_csv
2020-10-08,Pumpkin,37.5,Kg,historical_csv
2020-10-15,Pumpkin,34.64,Kg,historical_csv
2020-10-22,Pumpkin,32.5,Kg,historical_csv
2020-10-29,Pumpkin,35.0,Kg,historical_csv
2020-11-05,Pumpkin,35.36,Kg,historical_csv
2020-11-12,Pumpkin,27.07,Kg,historical_csv
2020-11-19,Pumpkin,22.0,Kg,historical_csv
2020-11-26,Pumpkin,24.17,Kg,historical_csv
2020-12-03,Pumpkin,26.79,Kg,historical_csv
2020-12-10,Pumpkin,27.5,Kg,historical_csv
2020-12-17,Pumpkin,27.5,Kg,historical_csv
2020-12-24,Pumpkin,26.79,Kg,historical_csv
2020-12-31,Pumpkin,27.5,Kg,historical_csv
2021-01-07,Pumpkin,26.79,Kg,historical_csv
2021-01-14,Pumpkin,27.5,Kg,historical_csv
2021-01-21,Pumpkin,32.86,Kg,historical_csv
2021-01-28,Pumpkin,33.21,Kg,historical_csv
2021-02-04,Pumpkin,35.71,Kg,historical_csv
2021-02-11,Pumpkin,32.0,Kg,historical_csv
2021-02-18,Pumpkin,29.29,Kg,historical_csv
2021-02-25,Pumpkin,30.36,Kg,historical_csv
2021-03-04,Pumpkin,32.5,Kg,historical_csv
2021-03-11,Pumpkin,37.14,Kg,historical_csv
2021-03-18,Pumpkin,34.29,Kg,historical_csv
2021-03-25,Pumpkin,35.36,Kg,historical_csv
2021-04-01,Pumpkin,37.5,Kg,historical_csv
2021-04-22,Pumpkin,32.5,Kg,historical_csv
2021-04-29,Pumpkin,32.5,Kg,historical_csv
2021-05-06,Pumpkin,32.5,Kg,historical_csv
2021-05-13,Pumpkin,32.5,Kg,historical_csv
2025-04-03,Pumpkin,34.17,Kg,historical_csv
2025-04-10,Pumpkin,33.21,Kg,historical_csv
2025-04-17,Pumpkin,32.5,Kg,historical_csv
2026-04-02,Pumpkin,37.5,Kg,historical_csv
2013-06-20,Radish,33.75,Kg,historical_csv
2013-08-01,Radish,17.67,Kg,historical_csv
2013-08-08,Radish,19.33,Kg,historical_csv
2013-08-15,Radish,20.88,Kg,historical_csv
2013-08-22,Radish,27.88,Kg,historical_csv
2013-08-29,Radish,27.8,Kg,historical_csv
2013-09-05,Radish,31.67,Kg,historical_csv
2013-09-12,Radish,34.17,Kg,historical_csv
2013-09-19,Radish,33.5,Kg,historical_csv
2013-09-26,Radish,30.83,Kg,historical_csv
2013-10-03,Radish,30.92,Kg,historical_csv
2013-10-10,Radish,34.92,Kg,historical_csv
2013-10-17,Radish,48.57,Kg,historical_csv
2013-10-24,Radish,34.65,Kg,historical_csv
2013-10-31,Radish,38.75,Kg,historical_csv
2013-11-07,Radish,31.88,Kg,historical_csv
2013-11-14,Radish,33.15,Kg,historical_csv
2013-11-21,Radish,30.46,Kg,historical_csv
2013-11-28,Radish,24.62,Kg,historical_csv
2013-12-05,Radish,22.12,Kg,historical_csv
2013-12-12,Radish,21.58,Kg,historical_csv
2013-12-19,Radish,21.05,Kg,historical_csv
2013-12-26,Radish,20.65,Kg,historical_csv
2014-01-02,Radish,20.25,Kg,historical_csv
2014-01-09,Radish,21.21,Kg,historical_csv
2014-01-16,Radish,21.25,Kg,historical_csv
2014-01-23,Radish,19.42,Kg,historical_csv
2014-01-30,Radish,19.45,Kg,historical_csv
2014-02-06,Radish,20.0,Kg,historical_csv
2014-02-13,Radish,19.32,Kg,historical_csv
2014-02-20,Radish,18.85,Kg,historical_csv
2014-02-27,Radish,18.05,Kg,historical_csv
2014-03-06,Radish,19.25,Kg,historical_csv
2014-03-13,Radish,19.42,Kg,historical_csv
2014-03-20,Radish,19.45,Kg,historical_csv
2014-03-27,Radish,19.08,Kg,historical_csv
2014-04-03,Radish,23.5,Kg,historical_csv
2014-04-10,Radish,26.3,Kg,historical_csv
2014-04-17,Radish,24.75,Kg,historical_csv
2014-04-24,Radish,25.2,Kg,historical_csv
2014-05-01,Radish,25.25,Kg,historical_csv
2014-05-08,Radish,25.62,Kg,historical_csv
2014-05-15,Radish,26.45,Kg,historical_csv
2014-05-22,Radish,25.33,Kg,historical_csv
2014-05-29,Radish,25.1,Kg,historical_csv
2014-06-05,Radish,23.5,Kg,historical_csv
2014-06-12,Radish,25.83,Kg,historical_csv
2014-06-19,Radish,31.67,Kg,historical_csv
2014-06-26,Radish,32.5,Kg,historical_csv
2014-07-03,Radish,29.25,Kg,historical_csv
2014-07-10,Radish,20.71,Kg,historical_csv
2014-07-17,Radish,17.64,Kg,historical_csv
2014-07-24,Radish,13.93,Kg,historical_csv
2014-07-31,Radish,11.93,Kg,historical_csv
2014-08-07,Radish,8.57,Kg,historical_csv
2014-08-14,Radish,9.93,Kg,historical_csv
2014-08-21,Radish,14.57,Kg,historical_csv
2014-08-28,Radish,16.36,Kg,historical_csv
2014-09-04,Radish,13.67,Kg,historical_csv
2014-09-11,Radish,12.07,Kg,historical_csv
2014-09-18,Radish,15.93,Kg,historical_csv
2014-09-25,Radish,23.92,Kg,historical_csv
2014-10-02,Radish,24.25,Kg,historical_csv
2014-10-09,Radish,35.0,Kg,historical_csv
2014-10-16,Radish,30.83,Kg,historical_csv
2014-10-23,Radish,29.92,Kg,historical_csv
2014-10-30,Radish,26.89,Kg,historical_csv
2014-11-06,Radish,25.68,Kg,historical_csv
2014-11-13,Radish,30.82,Kg,historical_csv
2014-11-20,Radish,30.46,Kg,historical_csv
2014-11-27,Radish,22.93,Kg,historical_csv
2014-12-04,Radish,23.5,Kg,historical_csv
2014-12-11,Radish,22.18,Kg,historical_csv
2014-12-18,Radish,23.68,Kg,historical_csv
2014-12-25,Radish,21.67,Kg,historical_csv
2015-01-01,Radish,21.42,Kg,historical_csv
2015-01-08,Radish,22.79,Kg,historical_csv
2015-01-15,Radish,22.83,Kg,historical_csv
2015-01-22,Radish,22.61,Kg,historical_csv
2015-01-29,Radish,20.83,Kg,historical_csv
2015-02-05,Radish,20.67,Kg,historical_csv
2015-02-12,Radish,19.61,Kg,historical_csv
2015-02-19,Radish,20.29,Kg,historical_csv
2015-02-26,Radish,17.42,Kg,historical_csv
2015-03-05,Radish,18.38,Kg,historical_csv
2015-03-12,Radish,20.5,Kg,historical_csv
2015-03-19,Radish,26.43,Kg,historical_csv
2015-03-26,Radish,29.32,Kg,historical_csv
2015-04-02,Radish,25.14,Kg,historical_csv
2015-04-09,Radish,29.33,Kg,historical_csv
2015-04-16,Radish,13.42,Kg,historical_csv
2015-04-23,Radish,13.79,Kg,historical_csv
2015-04-30,Radish,17.43,Kg,historical_csv
2015-05-07,Radish,15.93,Kg,historical_csv
2015-05-14,Radish,17.08,Kg,historical_csv
2015-05-21,Radish,13.57,Kg,historical_csv
2015-05-28,Radish,11.64,Kg,historical_csv
2015-06-04,Radish,11.64,Kg,historical_csv
2015-06-11,Radish,12.79,Kg,historical_csv
2015-06-18,Radish,18.0,Kg,historical_csv
2015-06-25,Radish,21.48,Kg,historical_csv
2015-07-02,Radish,25.73,Kg,historical_csv
2015-07-09,Radish,25.75,Kg,historical_csv
2015-07-16,Radish,22.46,Kg,historical_csv
2015-07-23,Radish,24.04,Kg,historical_csv
2015-07-30,Radish,24.5,Kg,historical_csv
2015-08-06,Radish,29.14,Kg,historical_csv
2015-08-13,Radish,20.64,Kg,historical_csv
2015-08-20,Radish,19.64,Kg,historical_csv
2015-08-27,Radish,18.79,Kg,historical_csv
2015-09-03,Radish,19.29,Kg,historical_csv
2015-09-10,Radish,21.5,Kg,historical_csv
2015-09-17,Radish,22.71,Kg,historical_csv
2015-09-24,Radish,24.86,Kg,historical_csv
2015-10-01,Radish,26.29,Kg,historical_csv
2015-10-08,Radish,30.0,Kg,historical_csv
2015-10-15,Radish,30.36,Kg,historical_csv
2015-10-22,Radish,25.71,Kg,historical_csv
2015-10-29,Radish,26.43,Kg,historical_csv
2015-11-05,Radish,24.43,Kg,historical_csv
2015-11-12,Radish,24.07,Kg,historical_csv
2015-11-19,Radish,19.79,Kg,historical_csv
2015-11-26,Radish,22.93,Kg,historical_csv
2015-12-03,Radish,20.57,Kg,historical_csv
2015-12-10,Radish,18.39,Kg,historical_csv
2015-12-17,Radish,24.46,Kg,historical_csv
2015-12-24,Radish,23.93,Kg,historical_csv
2015-12-31,Radish,25.46,Kg,historical_csv
2016-01-07,Radish,25.54,Kg,historical_csv
2016-01-14,Radish,24.36,Kg,historical_csv
2016-01-21,Radish,22.64,Kg,historical_csv
2016-01-28,Radish,25.0,Kg,historical_csv
2016-02-04,Radish,25.29,Kg,historical_csv
2016-02-11,Radish,26.64,Kg,historical_csv
2016-02-18,Radish,26.86,Kg,historical_csv
2016-02-25,Radish,28.61,Kg,historical_csv
2016-03-03,Radish,31.38,Kg,historical_csv
2016-03-10,Radish,35.25,Kg,historical_csv
2016-03-17,Radish,36.04,Kg,historical_csv
2016-03-24,Radish,41.07,Kg,historical_csv
2016-03-31,Radish,37.14,Kg,historical_csv
2016-04-07,Radish,33.79,Kg,historical_csv
2016-04-14,Radish,45.25,Kg,historical_csv
2016-04-21,Radish,59.64,Kg,historical_csv
2016-04-28,Radish,57.14,Kg,historical_csv
2016-05-05,Radish,68.79,Kg,historical_csv
2016-05-12,Radish,60.71,Kg,historical_csv
2016-05-19,Radish,49.64,Kg,historical_csv
2016-05-26,Radish,39.29,Kg,historical_csv
2016-06-02,Radish,41.36,Kg,historical_csv
2016-06-09,Radish,47.86,Kg,historical_csv
2016-06-16,Radish,40.93,Kg,historical_csv
2016-06-23,Radish,34.36,Kg,historical_csv
2016-06-30,Radish,33.21,Kg,historical_csv
2016-07-07,Radish,23.71,Kg,historical_csv
2016-07-14,Radish,23.07,Kg,historical_csv
2016-07-21,Radish,19.0,Kg,historical_csv
2016-07-28,Radish,20.71,Kg,historical_csv
2016-08-04,Radish,19.71,Kg,historical_csv
2016-08-11,Radish,21.36,Kg,historical_csv
2016-08-18,Radish,24.36,Kg,historical_csv
2016-08-25,Radish,25.0,Kg,historical_csv
2016-09-01,Radish,38.93,Kg,historical_csv
2016-09-08,Radish,46.14,Kg,historical_csv
2016-09-15,Radish,44.5,Kg,historical_csv
2016-09-22,Radish,44.64,Kg,historical_csv
2016-09-29,Radish,42.5,Kg,historical_csv
2016-10-06,Radish,33.93,Kg,historical_csv
2016-10-13,Radish,32.5,Kg,historical_csv
2016-10-20,Radish,32.57,Kg,historical_csv
2016-10-27,Radish,32.5,Kg,historical_csv
2016-11-03,Radish,29.29,Kg,historical_csv
2016-11-10,Radish,26.64,Kg,historical_csv
2016-11-17,Radish,22.5,Kg,historical_csv
2016-11-24,Radish,17.5,Kg,historical_csv
2016-12-01,Radish,20.54,Kg,historical_csv
2016-12-08,Radish,24.21,Kg,historical_csv
2016-12-15,Radish,25.21,Kg,historical_csv
2016-12-22,Radish,23.79,Kg,historical_csv
2016-12-29,Radish,21.39,Kg,historical_csv
2017-01-05,Radish,19.0,Kg,historical_csv
2017-01-12,Radish,18.36,Kg,historical_csv
2017-01-19,Radish,20.64,Kg,historical_csv
2017-01-26,Radish,17.43,Kg,historical_csv
2017-02-02,Radish,15.21,Kg,historical_csv
2017-02-09,Radish,12.57,Kg,historical_csv
2017-02-16,Radish,12.36,Kg,historical_csv
2017-02-23,Radish,15.07,Kg,historical_csv
2017-03-02,Radish,21.88,Kg,historical_csv
2017-03-09,Radish,22.58,Kg,historical_csv
2017-03-16,Radish,22.5,Kg,historical_csv
2017-03-23,Radish,21.86,Kg,historical_csv
2017-03-30,Radish,21.89,Kg,historical_csv
2017-04-06,Radish,22.32,Kg,historical_csv
2017-04-13,Radish,22.46,Kg,historical_csv
2017-04-20,Radish,18.57,Kg,historical_csv
2017-04-27,Radish,13.21,Kg,historical_csv
2017-05-04,Radish,13.71,Kg,historical_csv
2017-05-11,Radish,13.64,Kg,historical_csv
2017-05-18,Radish,19.5,Kg,historical_csv
2017-05-25,Radish,16.21,Kg,historical_csv
2017-06-01,Radish,19.0,Kg,historical_csv
2017-06-08,Radish,20.07,Kg,historical_csv
2017-06-15,Radish,16.79,Kg,historical_csv
2017-06-22,Radish,17.64,Kg,historical_csv
2017-06-29,Radish,16.21,Kg,historical_csv
2017-07-06,Radish,13.93,Kg,historical_csv
2017-07-13,Radish,17.71,Kg,historical_csv
2017-07-20,Radish,22.71,Kg,historical_csv
2017-07-27,Radish,21.5,Kg,historical_csv
2017-08-03,Radish,22.0,Kg,historical_csv
2017-08-10,Radish,22.5,Kg,historical_csv
2017-08-17,Radish,22.5,Kg,historical_csv
2017-08-24,Radish,22.5,Kg,historical_csv
2017-08-31,Radish,22.5,Kg,historical_csv
2017-09-07,Radish,22.5,Kg,historical_csv
2017-09-14,Radish,26.79,Kg,historical_csv
2017-09-21,Radish,22.75,Kg,historical_csv
2017-09-28,Radish,22.0,Kg,historical_csv
2017-10-05,Radish,31.07,Kg,historical_csv
2017-10-12,Radish,26.79,Kg,historical_csv
2017-10-19,Radish,28.93,Kg,historical_csv
2017-10-26,Radish,39.64,Kg,historical_csv
2017-11-02,Radish,28.93,Kg,historical_csv
2017-11-09,Radish,25.36,Kg,historical_csv
2017-11-16,Radish,26.07,Kg,historical_csv
2017-11-23,Radish,28.93,Kg,historical_csv
2017-11-30,Radish,35.0,Kg,historical_csv
2017-12-07,Radish,36.67,Kg,historical_csv
2017-12-14,Radish,30.71,Kg,historical_csv
2017-12-21,Radish,29.58,Kg,historical_csv
2017-12-28,Radish,30.0,Kg,historical_csv
2018-01-04,Radish,30.71,Kg,historical_csv
2018-01-11,Radish,30.0,Kg,historical_csv
2018-01-18,Radish,35.83,Kg,historical_csv
2018-01-25,Radish,28.93,Kg,historical_csv
2018-02-01,Radish,28.93,Kg,historical_csv
2018-02-08,Radish,24.64,Kg,historical_csv
2018-02-15,Radish,23.93,Kg,historical_csv
2018-02-22,Radish,26.25,Kg,historical_csv
2018-03-01,Radish,29.93,Kg,historical_csv
2018-03-08,Radish,25.42,Kg,historical_csv
2018-03-15,Radish,26.57,Kg,historical_csv
2018-03-22,Radish,34.29,Kg,historical_csv
2018-03-29,Radish,40.71,Kg,historical_csv
2018-04-05,Radish,37.5,Kg,historical_csv
2018-04-12,Radish,29.64,Kg,historical_csv
2018-04-19,Radish,29.64,Kg,historical_csv
2018-04-26,Radish,29.86,Kg,historical_csv
2018-05-03,Radish,34.64,Kg,historical_csv
2018-05-10,Radish,25.36,Kg,historical_csv
2018-05-17,Radish,27.5,Kg,historical_csv
2018-05-24,Radish,27.36,Kg,historical_csv
2018-05-31,Radish,29.64,Kg,historical_csv
2018-06-07,Radish,32.5,Kg,historical_csv
2018-06-14,Radish,30.07,Kg,historical_csv
2018-06-21,Radish,33.93,Kg,historical_csv
2018-06-28,Radish,36.07,Kg,historical_csv
2018-07-05,Radish,28.93,Kg,historical_csv
2018-07-12,Radish,27.5,Kg,historical_csv
2018-07-19,Radish,29.64,Kg,historical_csv
2018-07-26,Radish,31.79,Kg,historical_csv
2018-08-02,Radish,27.5,Kg,historical_csv
2018-08-09,Radish,27.5,Kg,historical_csv
2018-08-16,Radish,30.71,Kg,historical_csv
2018-08-23,Radish,31.79,Kg,historical_csv
2018-08-30,Radish,28.71,Kg,historical_csv
2018-09-06,Radish,28.93,Kg,historical_csv
2018-09-13,Radish,36.07,Kg,historical_csv
2018-09-20,Radish,36.07,Kg,historical_csv
2018-09-27,Radish,35.36,Kg,historical_csv
2018-10-04,Radish,30.36,Kg,historical_csv
2018-10-11,Radish,26.07,Kg,historical_csv
2018-10-18,Radish,23.93,Kg,historical_csv
2018-10-25,Radish,19.29,Kg,historical_csv
2018-11-01,Radish,22.5,Kg,historical_csv
2018-11-08,Radish,21.79,Kg,historical_csv
2018-11-15,Radish,18.21,Kg,historical_csv
2018-11-22,Radish,17.86,Kg,historical_csv
2018-11-29,Radish,17.57,Kg,historical_csv
2018-12-06,Radish,18.93,Kg,historical_csv
2018-12-13,Radish,22.32,Kg,historical_csv
2018-12-20,Radish,20.54,Kg,historical_csv
2018-12-27,Radish,20.18,Kg,historical_csv
2019-01-03,Radish,19.5,Kg,historical_csv
2019-01-10,Radish,17.86,Kg,historical_csv
2019-01-17,Radish,18.93,Kg,historical_csv
2019-01-24,Radish,17.86,Kg,historical_csv
2019-01-31,Radish,17.46,Kg,historical_csv
2019-02-07,Radish,17.5,Kg,historical_csv
2019-02-14,Radish,14.29,Kg,historical_csv
2019-02-21,Radish,12.5,Kg,historical_csv
2019-02-28,Radish,12.5,Kg,historical_csv
2019-03-07,Radish,12.5,Kg,historical_csv
2019-03-14,Radish,23.21,Kg,historical_csv
2019-03-21,Radish,29.64,Kg,historical_csv
2019-03-28,Radish,36.07,Kg,historical_csv
2019-04-04,Radish,31.79,Kg,historical_csv
2019-04-11,Radish,33.93,Kg,historical_csv
2019-04-18,Radish,33.21,Kg,historical_csv
2019-04-25,Radish,32.43,Kg,historical_csv
2019-05-02,Radish,30.29,Kg,historical_csv
2019-05-09,Radish,33.93,Kg,historical_csv
2019-05-16,Radish,37.5,Kg,historical_csv
2019-05-23,Radish,37.14,Kg,historical_csv
2019-05-30,Radish,38.71,Kg,historical_csv
2019-06-06,Radish,42.5,Kg,historical_csv
2019-06-13,Radish,42.14,Kg,historical_csv
2019-06-20,Radish,43.93,Kg,historical_csv
2019-06-27,Radish,47.86,Kg,historical_csv
2019-07-04,Radish,57.68,Kg,historical_csv
2019-07-11,Radish,62.86,Kg,historical_csv
2019-07-18,Radish,65.71,Kg,historical_csv
2019-07-25,Radish,49.29,Kg,historical_csv
2019-08-01,Radish,43.75,Kg,historical_csv
2019-08-08,Radish,35.0,Kg,historical_csv
2019-08-15,Radish,39.29,Kg,historical_csv
2019-08-22,Radish,46.07,Kg,historical_csv
2019-08-29,Radish,42.5,Kg,historical_csv
2019-09-05,Radish,47.86,Kg,historical_csv
2019-09-12,Radish,39.64,Kg,historical_csv
2019-09-19,Radish,42.5,Kg,historical_csv
2019-09-26,Radish,40.0,Kg,historical_csv
2019-10-03,Radish,37.86,Kg,historical_csv
2019-10-10,Radish,49.29,Kg,historical_csv
2019-10-17,Radish,41.07,Kg,historical_csv
2019-10-24,Radish,36.29,Kg,historical_csv
2019-10-31,Radish,39.29,Kg,historical_csv
2019-11-07,Radish,36.79,Kg,historical_csv
2019-11-14,Radish,38.57,Kg,historical_csv
2019-11-21,Radish,44.29,Kg,historical_csv
2019-11-28,Radish,45.54,Kg,historical_csv
2019-12-05,Radish,46.43,Kg,historical_csv
2019-12-12,Radish,50.36,Kg,historical_csv
2019-12-19,Radish,38.93,Kg,historical_csv
2019-12-26,Radish,34.29,Kg,historical_csv
2020-01-02,Radish,28.21,Kg,historical_csv
2020-01-09,Radish,29.29,Kg,historical_csv
2020-01-16,Radish,27.5,Kg,historical_csv
2020-01-23,Radish,26.43,Kg,historical_csv
2020-01-30,Radish,22.14,Kg,historical_csv
2020-02-06,Radish,17.93,Kg,historical_csv
2020-02-13,Radish,17.5,Kg,historical_csv
2020-02-20,Radish,17.5,Kg,historical_csv
2020-02-27,Radish,13.96,Kg,historical_csv
2020-03-05,Radish,16.25,Kg,historical_csv
2020-03-12,Radish,12.5,Kg,historical_csv
2020-03-19,Radish,13.93,Kg,historical_csv
2020-03-26,Radish,19.17,Kg,historical_csv
2020-04-02,Radish,19.04,Kg,historical_csv
2020-04-09,Radish,12.5,Kg,historical_csv
2020-04-16,Radish,15.0,Kg,historical_csv
2020-04-23,Radish,15.0,Kg,historical_csv
2020-04-30,Radish,15.0,Kg,historical_csv
2020-05-07,Radish,12.5,Kg,historical_csv
2020-05-14,Radish,12.5,Kg,historical_csv
2020-05-21,Radish,14.0,Kg,historical_csv
2020-05-28,Radish,12.5,Kg,historical_csv
2020-06-04,Radish,12.5,Kg,historical_csv
2020-06-11,Radish,12.5,Kg,historical_csv
2020-06-18,Radish,12.43,Kg,historical_csv
2020-06-25,Radish,12.5,Kg,historical_csv
2020-07-02,Radish,15.71,Kg,historical_csv
2020-07-09,Radish,17.86,Kg,historical_csv
2020-07-16,Radish,32.92,Kg,historical_csv
2020-07-23,Radish,50.36,Kg,historical_csv
2020-07-30,Radish,52.86,Kg,historical_csv
2020-08-06,Radish,55.0,Kg,historical_csv
2020-08-13,Radish,52.32,Kg,historical_csv
2020-08-20,Radish,53.39,Kg,historical_csv
2020-08-27,Radish,49.64,Kg,historical_csv
2020-09-03,Radish,39.82,Kg,historical_csv
2020-09-10,Radish,52.86,Kg,historical_csv
2020-09-17,Radish,48.21,Kg,historical_csv
2020-09-24,Radish,45.36,Kg,historical_csv
2020-10-01,Radish,44.64,Kg,historical_csv
2020-10-08,Radish,37.32,Kg,historical_csv
2020-10-15,Radish,33.93,Kg,historical_csv
2020-10-22,Radish,33.39,Kg,historical_csv
2020-10-29,Radish,35.14,Kg,historical_csv
2020-11-05,Radish,28.75,Kg,historical_csv
2020-11-12,Radish,30.23,Kg,historical_csv
2020-11-19,Radish,26.38,Kg,historical_csv
2020-11-26,Radish,27.74,Kg,historical_csv
2020-12-03,Radish,24.81,Kg,historical_csv
2020-12-10,Radish,25.31,Kg,historical_csv
2020-12-17,Radish,21.98,Kg,historical_csv
2020-12-24,Radish,24.26,Kg,historical_csv
2020-12-31,Radish,25.0,Kg,historical_csv
2021-01-07,Radish,23.45,Kg,historical_csv
2021-01-14,Radish,21.9,Kg,historical_csv
2021-01-21,Radish,24.1,Kg,historical_csv
2021-01-28,Radish,26.31,Kg,historical_csv
2021-02-04,Radish,29.4,Kg,historical_csv
2021-02-11,Radish,34.76,Kg,historical_csv
2021-02-18,Radish,42.62,Kg,historical_csv
2021-02-25,Radish,38.4,Kg,historical_csv
2021-03-04,Radish,41.19,Kg,historical_csv
2021-03-11,Radish,52.26,Kg,historical_csv
2021-03-18,Radish,50.36,Kg,historical_csv
2021-03-25,Radish,54.52,Kg,historical_csv
2021-04-01,Radish,61.67,Kg,historical_csv
2021-04-22,Radish,65.28,Kg,historical_csv
2021-04-29,Radish,51.25,Kg,historical_csv
2021-05-06,Radish,31.43,Kg,historical_csv
2021-05-13,Radish,22.14,Kg,historical_csv
2025-04-03,Radish,62.5,Kg,historical_csv
2025-04-10,Radish,62.38,Kg,historical_csv
2025-04-17,Radish,65.0,Kg,historical_csv
2026-04-02,Radish,59.38,Kg,historical_csv
2025-05-15,Rice,195.03,1 Kg,pbs_real
2025-07-17,Rice,209.86,1 Kg,pbs_real
2025-07-24,Rice,210.1,1 Kg,pbs_real
2025-07-31,Rice,210.1,1 Kg,pbs_real
2025-10-16,Rice,216.14,1 Kg,pbs_real
2025-10-23,Rice,216.14,1 Kg,pbs_real
2025-10-30,Rice,216.14,1 Kg,pbs_real
2025-11-06,Rice,216.14,1 Kg,pbs_real
2025-11-13,Rice,215.67,1 Kg,pbs_real
2025-11-20,Rice,216.14,1 Kg,pbs_real
2025-11-27,Rice,216.14,1 Kg,pbs_real
2025-12-11,Rice,216.14,1 Kg,pbs_real
2025-12-18,Rice,216.14,1 Kg,pbs_real
2026-01-01,Rice,215.15,1 Kg,pbs_real
2026-01-08,Rice,216.58,1 Kg,pbs_real
2026-01-15,Rice,217.29,1 Kg,pbs_real
2026-01-22,Rice,217.29,1 Kg,pbs_real
2026-01-29,Rice,216.84,1 Kg,pbs_real
2026-02-12,Rice,216.84,1 Kg,pbs_real
2026-02-19,Rice,216.84,1 Kg,pbs_real
2026-02-26,Rice,216.84,1 Kg,pbs_real
2026-03-05,Rice,216.84,1 Kg,pbs_real
2026-03-26,Rice,216.84,1 Kg,pbs_real
2026-04-02,Rice,216.84,1 Kg,pbs_real
2026-04-09,Rice,216.84,1 Kg,pbs_real
2026-04-16,Rice,216.84,1 Kg,pbs_real
2026-04-23,Rice,217.7,1 Kg,pbs_real
2026-04-30,Rice,217.7,1 Kg,pbs_real
2026-05-07,Rice,217.22,1 Kg,pbs_real
2026-05-14,Rice,217.22,1 Kg,pbs_real
2026-05-21,Rice,217.22,1 Kg,pbs_real
2026-06-04,Rice,217.22,1 Kg,pbs_real
2026-06-11,Rice,217.22,1 Kg,pbs_real
2026-06-18,Rice,217.66,1 Kg,pbs_real
2026-07-02,Rice,217.66,1 Kg,pbs_real
2026-07-09,Rice,217.66,1 Kg,pbs_real
2014-01-09,Strawberry,190.0,Kg,historical_csv
2014-01-16,Strawberry,190.0,Kg,historical_csv
2014-01-30,Strawberry,325.0,Kg,historical_csv
2014-02-13,Strawberry,200.0,Kg,historical_csv
2014-02-20,Strawberry,191.0,Kg,historical_csv
2014-02-27,Strawberry,195.0,Kg,historical_csv
2014-03-06,Strawberry,195.0,Kg,historical_csv
2014-03-13,Strawberry,195.0,Kg,historical_csv
2014-03-20,Strawberry,194.0,Kg,historical_csv
2014-03-27,Strawberry,195.0,Kg,historical_csv
2014-04-03,Strawberry,195.0,Kg,historical_csv
2014-04-10,Strawberry,195.0,Kg,historical_csv
2014-04-17,Strawberry,195.0,Kg,historical_csv
2015-01-01,Strawberry,275.0,Kg,historical_csv
2015-01-08,Strawberry,275.0,Kg,historical_csv
2015-01-15,Strawberry,275.0,Kg,historical_csv
2015-01-22,Strawberry,242.0,Kg,historical_csv
2015-01-29,Strawberry,210.0,Kg,historical_csv
2015-02-05,Strawberry,210.0,Kg,historical_csv
2015-02-19,Strawberry,357.5,Kg,historical_csv
2015-02-26,Strawberry,375.0,Kg,historical_csv
2016-01-14,Strawberry,255.0,Kg,historical_csv
2020-11-19,Strawberry,575.0,Kg,historical_csv
2020-11-26,Strawberry,566.67,Kg,historical_csv
2020-12-03,Strawberry,489.29,Kg,historical_csv
2020-12-10,Strawberry,475.0,Kg,historical_csv
2020-12-17,Strawberry,475.0,Kg,historical_csv
2020-12-24,Strawberry,489.29,Kg,historical_csv
2020-12-31,Strawberry,525.0,Kg,historical_csv
2021-01-07,Strawberry,532.14,Kg,historical_csv
2021-01-14,Strawberry,535.71,Kg,historical_csv
2021-01-21,Strawberry,553.57,Kg,historical_csv
2021-01-28,Strawberry,550.0,Kg,historical_csv
2021-02-04,Strawberry,553.57,Kg,historical_csv
2021-02-11,Strawberry,575.0,Kg,historical_csv
2021-02-18,Strawberry,627.14,Kg,historical_csv
2021-02-25,Strawberry,625.0,Kg,historical_csv
2021-03-04,Strawberry,591.67,Kg,historical_csv
2021-03-11,Strawberry,553.57,Kg,historical_csv
2021-03-18,Strawberry,535.71,Kg,historical_csv
2021-03-25,Strawberry,446.43,Kg,historical_csv
2021-04-01,Strawberry,512.5,Kg,historical_csv
2021-04-22,Strawberry,362.5,Kg,historical_csv
2021-04-29,Strawberry,450.0,Kg,historical_csv
2021-05-13,Strawberry,458.33,Kg,historical_csv
2025-04-03,Strawberry,500.0,Kg,historical_csv
2025-04-10,Strawberry,383.33,Kg,historical_csv
2025-04-17,Strawberry,412.5,Kg,historical_csv
2026-04-02,Strawberry,375.0,Kg,historical_csv
2013-06-20,Sugarcane,58.33,1 Pc,historical_csv
2013-08-08,Sugarcane,65.0,1 Pc,historical_csv
2013-08-15,Sugarcane,65.0,1 Pc,historical_csv
2013-08-22,Sugarcane,65.0,1 Pc,historical_csv
2013-08-29,Sugarcane,67.5,1 Pc,historical_csv
2013-09-05,Sugarcane,65.0,1 Pc,historical_csv
2013-09-12,Sugarcane,65.0,1 Pc,historical_csv
2013-09-19,Sugarcane,65.0,1 Pc,historical_csv
2013-09-26,Sugarcane,71.67,1 Pc,historical_csv
2013-10-03,Sugarcane,75.0,1 Pc,historical_csv
2013-10-10,Sugarcane,73.33,1 Pc,historical_csv
2013-10-17,Sugarcane,72.5,1 Pc,historical_csv
2013-10-24,Sugarcane,71.0,1 Pc,historical_csv
2013-10-31,Sugarcane,75.0,1 Pc,historical_csv
2013-11-07,Sugarcane,69.0,1 Pc,historical_csv
2013-11-14,Sugarcane,51.0,1 Pc,historical_csv
2013-11-21,Sugarcane,48.33,1 Pc,historical_csv
2013-11-28,Sugarcane,63.0,1 Pc,historical_csv
2013-12-05,Sugarcane,44.58,1 Pc,historical_csv
2013-12-12,Sugarcane,45.0,1 Pc,historical_csv
2013-12-19,Sugarcane,45.0,1 Pc,historical_csv
2013-12-26,Sugarcane,45.0,1 Pc,historical_csv
2014-01-02,Sugarcane,45.0,1 Pc,historical_csv
2014-01-09,Sugarcane,46.67,1 Pc,historical_csv
2014-01-16,Sugarcane,45.0,1 Pc,historical_csv
2014-01-23,Sugarcane,48.33,1 Pc,historical_csv
2014-01-30,Sugarcane,46.0,1 Pc,historical_csv
2014-02-06,Sugarcane,47.0,1 Pc,historical_csv
2014-02-13,Sugarcane,45.0,1 Pc,historical_csv
2014-02-20,Sugarcane,45.0,1 Pc,historical_csv
2014-02-27,Sugarcane,45.0,1 Pc,historical_csv
2014-03-06,Sugarcane,47.5,1 Pc,historical_csv
2014-03-13,Sugarcane,45.0,1 Pc,historical_csv
2014-03-20,Sugarcane,45.0,1 Pc,historical_csv
2014-03-27,Sugarcane,45.0,1 Pc,historical_csv
2014-04-03,Sugarcane,50.0,1 Pc,historical_csv
2014-04-10,Sugarcane,51.0,1 Pc,historical_csv
2014-04-17,Sugarcane,45.0,1 Pc,historical_csv
2014-04-24,Sugarcane,63.0,1 Pc,historical_csv
2014-05-01,Sugarcane,82.5,1 Pc,historical_csv
2014-05-08,Sugarcane,85.0,1 Pc,historical_csv
2014-05-15,Sugarcane,85.0,1 Pc,historical_csv
2014-05-29,Sugarcane,85.0,1 Pc,historical_csv
2014-10-30,Sugarcane,70.0,1 Pc,historical_csv
2014-11-06,Sugarcane,62.5,1 Pc,historical_csv
2014-11-13,Sugarcane,58.33,1 Pc,historical_csv
2014-11-20,Sugarcane,55.0,1 Pc,historical_csv
2014-11-27,Sugarcane,50.71,1 Pc,historical_csv
2014-12-04,Sugarcane,45.0,1 Pc,historical_csv
2014-12-11,Sugarcane,48.93,1 Pc,historical_csv
2014-12-18,Sugarcane,45.0,1 Pc,historical_csv
2014-12-25,Sugarcane,45.0,1 Pc,historical_csv
2015-01-01,Sugarcane,45.0,1 Pc,historical_csv
2015-01-08,Sugarcane,45.0,1 Pc,historical_csv
2015-01-15,Sugarcane,49.0,1 Pc,historical_csv
2015-01-22,Sugarcane,58.33,1 Pc,historical_csv
2015-01-29,Sugarcane,60.0,1 Pc,historical_csv
2015-02-05,Sugarcane,55.0,1 Pc,historical_csv
2015-02-12,Sugarcane,45.0,1 Pc,historical_csv
2015-02-19,Sugarcane,45.0,1 Pc,historical_csv
2015-02-26,Sugarcane,45.0,1 Pc,historical_csv
2015-03-05,Sugarcane,45.0,1 Pc,historical_csv
2015-03-12,Sugarcane,43.5,1 Pc,historical_csv
2015-03-19,Sugarcane,44.58,1 Pc,historical_csv
2015-03-26,Sugarcane,45.0,1 Pc,historical_csv
2015-04-02,Sugarcane,44.58,1 Pc,historical_csv
2015-04-09,Sugarcane,45.0,1 Pc,historical_csv
2015-04-16,Sugarcane,44.58,1 Pc,historical_csv
2015-04-23,Sugarcane,42.5,1 Pc,historical_csv
2015-04-30,Sugarcane,43.75,1 Pc,historical_csv
2015-06-25,Sugarcane,55.0,1 Pc,historical_csv
2015-07-02,Sugarcane,55.0,1 Pc,historical_csv
2015-07-09,Sugarcane,60.0,1 Pc,historical_csv
2015-07-16,Sugarcane,55.0,1 Pc,historical_csv
2015-07-23,Sugarcane,55.0,1 Pc,historical_csv
2016-03-10,Sugarcane,55.0,1 Pc,historical_csv
2020-11-19,Sugarcane,75.0,1 Pc,historical_csv
2020-11-26,Sugarcane,60.0,1 Pc,historical_csv
2020-12-03,Sugarcane,66.67,1 Pc,historical_csv
2020-12-10,Sugarcane,65.0,1 Pc,historical_csv
2020-12-17,Sugarcane,65.0,1 Pc,historical_csv
2020-12-24,Sugarcane,69.29,1 Pc,historical_csv
2020-12-31,Sugarcane,75.0,1 Pc,historical_csv
2021-02-04,Sugarcane,58.33,1 Pc,historical_csv
2021-02-11,Sugarcane,81.67,1 Pc,historical_csv
2021-02-18,Sugarcane,72.14,1 Pc,historical_csv
2021-03-04,Sugarcane,56.67,1 Pc,historical_csv
2021-03-11,Sugarcane,65.0,1 Pc,historical_csv
2021-03-18,Sugarcane,61.0,1 Pc,historical_csv
2021-03-25,Sugarcane,69.0,1 Pc,historical_csv
2025-05-15,Sugarcane,349.79,40 Kg,synthetic
2025-07-17,Sugarcane,359.39,40 Kg,synthetic
2025-07-24,Sugarcane,334.28,40 Kg,synthetic
2025-07-31,Sugarcane,354.93,40 Kg,synthetic
2025-10-16,Sugarcane,347.76,40 Kg,synthetic
2025-10-23,Sugarcane,343.76,40 Kg,synthetic
2025-10-30,Sugarcane,343.94,40 Kg,synthetic
2025-11-06,Sugarcane,328.98,40 Kg,synthetic
2025-11-13,Sugarcane,337.11,40 Kg,synthetic
2025-11-20,Sugarcane,338.53,40 Kg,synthetic
2025-11-27,Sugarcane,344.06,40 Kg,synthetic
2025-12-11,Sugarcane,333.04,40 Kg,synthetic
2025-12-18,Sugarcane,333.25,40 Kg,synthetic
2026-01-01,Sugarcane,346.99,40 Kg,synthetic
2026-01-08,Sugarcane,355.49,40 Kg,synthetic
2026-01-15,Sugarcane,351.97,40 Kg,synthetic
2026-01-22,Sugarcane,346.82,40 Kg,synthetic
2026-01-29,Sugarcane,353.08,40 Kg,synthetic
2026-02-12,Sugarcane,350.58,40 Kg,synthetic
2026-02-19,Sugarcane,355.81,40 Kg,synthetic
2026-02-26,Sugarcane,345.79,40 Kg,synthetic
2026-03-05,Sugarcane,348.03,40 Kg,synthetic
2026-03-26,Sugarcane,347.65,40 Kg,synthetic
2026-04-02,Sugarcane,341.22,40 Kg,synthetic
2026-04-09,Sugarcane,351.78,40 Kg,synthetic
2026-04-16,Sugarcane,351.57,40 Kg,synthetic
2026-04-23,Sugarcane,350.03,40 Kg,synthetic
2026-04-30,Sugarcane,348.59,40 Kg,synthetic
2026-05-07,Sugarcane,341.51,40 Kg,synthetic
2026-05-14,Sugarcane,347.48,40 Kg,synthetic
2026-05-21,Sugarcane,347.94,40 Kg,synthetic
2026-06-04,Sugarcane,345.19,40 Kg,synthetic
2026-06-11,Sugarcane,349.03,40 Kg,synthetic
2026-06-18,Sugarcane,352.42,40 Kg,synthetic
2026-07-02,Sugarcane,361.32,40 Kg,synthetic
2026-07-09,Sugarcane,351.05,40 Kg,synthetic
2013-11-07,Sweet Potato,39.0,Kg,historical_csv
2013-11-14,Sweet Potato,38.7,Kg,historical_csv
2013-11-21,Sweet Potato,35.92,Kg,historical_csv
2013-11-28,Sweet Potato,39.0,Kg,historical_csv
2013-12-05,Sweet Potato,38.33,Kg,historical_csv
2013-12-12,Sweet Potato,38.33,Kg,historical_csv
2013-12-19,Sweet Potato,39.5,Kg,historical_csv
2013-12-26,Sweet Potato,39.5,Kg,historical_csv
2014-01-02,Sweet Potato,41.5,Kg,historical_csv
2014-01-09,Sweet Potato,40.83,Kg,historical_csv
2014-01-16,Sweet Potato,42.5,Kg,historical_csv
2014-01-23,Sweet Potato,42.5,Kg,historical_csv
2014-01-30,Sweet Potato,42.25,Kg,historical_csv
2014-02-06,Sweet Potato,43.5,Kg,historical_csv
2014-02-13,Sweet Potato,45.83,Kg,historical_csv
2014-02-20,Sweet Potato,44.5,Kg,historical_csv
2014-02-27,Sweet Potato,47.5,Kg,historical_csv
2014-03-06,Sweet Potato,47.5,Kg,historical_csv
2014-03-13,Sweet Potato,47.5,Kg,historical_csv
2014-03-20,Sweet Potato,47.5,Kg,historical_csv
2014-03-27,Sweet Potato,47.5,Kg,historical_csv
2014-04-03,Sweet Potato,49.2,Kg,historical_csv
2014-04-10,Sweet Potato,54.5,Kg,historical_csv
2014-04-17,Sweet Potato,47.5,Kg,historical_csv
2014-10-02,Sweet Potato,75.0,Kg,historical_csv
2014-10-16,Sweet Potato,47.5,Kg,historical_csv
2014-10-23,Sweet Potato,68.75,Kg,historical_csv
2014-10-30,Sweet Potato,37.5,Kg,historical_csv
2014-11-06,Sweet Potato,29.86,Kg,historical_csv
2014-11-13,Sweet Potato,33.21,Kg,historical_csv
2014-11-20,Sweet Potato,40.29,Kg,historical_csv
2014-11-27,Sweet Potato,39.5,Kg,historical_csv
2014-12-04,Sweet Potato,41.0,Kg,historical_csv
2014-12-11,Sweet Potato,40.5,Kg,historical_csv
2014-12-18,Sweet Potato,35.0,Kg,historical_csv
2014-12-25,Sweet Potato,41.25,Kg,historical_csv
2015-01-01,Sweet Potato,42.86,Kg,historical_csv
2015-01-08,Sweet Potato,44.29,Kg,historical_csv
2015-01-15,Sweet Potato,43.08,Kg,historical_csv
2015-01-22,Sweet Potato,36.57,Kg,historical_csv
2015-01-29,Sweet Potato,35.33,Kg,historical_csv
2015-02-05,Sweet Potato,32.08,Kg,historical_csv
2015-02-12,Sweet Potato,32.5,Kg,historical_csv
2015-02-19,Sweet Potato,37.5,Kg,historical_csv
2015-02-26,Sweet Potato,40.83,Kg,historical_csv
2015-03-05,Sweet Potato,42.5,Kg,historical_csv
2015-03-12,Sweet Potato,41.25,Kg,historical_csv
2015-03-19,Sweet Potato,44.17,Kg,historical_csv
2015-03-26,Sweet Potato,47.5,Kg,historical_csv
2015-04-02,Sweet Potato,48.21,Kg,historical_csv
2015-04-16,Sweet Potato,42.5,Kg,historical_csv
2015-04-23,Sweet Potato,41.25,Kg,historical_csv
2015-04-30,Sweet Potato,34.17,Kg,historical_csv
2015-05-07,Sweet Potato,37.5,Kg,historical_csv
2015-05-14,Sweet Potato,35.0,Kg,historical_csv
2015-11-19,Sweet Potato,47.5,Kg,historical_csv
2015-11-26,Sweet Potato,37.5,Kg,historical_csv
2015-12-10,Sweet Potato,55.0,Kg,historical_csv
2015-12-17,Sweet Potato,55.0,Kg,historical_csv
2015-12-24,Sweet Potato,55.0,Kg,historical_csv
2015-12-31,Sweet Potato,50.36,Kg,historical_csv
2016-01-07,Sweet Potato,50.71,Kg,historical_csv
2016-01-14,Sweet Potato,46.71,Kg,historical_csv
2016-01-21,Sweet Potato,44.64,Kg,historical_csv
2016-01-28,Sweet Potato,45.0,Kg,historical_csv
2016-02-04,Sweet Potato,44.64,Kg,historical_csv
2016-02-11,Sweet Potato,44.29,Kg,historical_csv
2016-02-18,Sweet Potato,44.64,Kg,historical_csv
2016-02-25,Sweet Potato,44.64,Kg,historical_csv
2016-03-03,Sweet Potato,43.75,Kg,historical_csv
2016-11-10,Sweet Potato,53.75,Kg,historical_csv
2016-11-17,Sweet Potato,55.0,Kg,historical_csv
2016-12-01,Sweet Potato,70.0,Kg,historical_csv
2017-01-05,Sweet Potato,55.0,Kg,historical_csv
2017-01-12,Sweet Potato,54.64,Kg,historical_csv
2017-01-19,Sweet Potato,51.88,Kg,historical_csv
2017-02-02,Sweet Potato,56.67,Kg,historical_csv
2017-02-09,Sweet Potato,62.86,Kg,historical_csv
2017-02-16,Sweet Potato,62.5,Kg,historical_csv
2017-02-23,Sweet Potato,62.5,Kg,historical_csv
2017-03-02,Sweet Potato,62.92,Kg,historical_csv
2017-03-09,Sweet Potato,62.5,Kg,historical_csv
2017-03-16,Sweet Potato,62.5,Kg,historical_csv
2017-11-02,Sweet Potato,47.5,Kg,historical_csv
2018-01-11,Sweet Potato,60.0,Kg,historical_csv
2018-01-18,Sweet Potato,55.0,Kg,historical_csv
2018-01-25,Sweet Potato,54.17,Kg,historical_csv
2018-02-01,Sweet Potato,48.75,Kg,historical_csv
2018-02-08,Sweet Potato,47.5,Kg,historical_csv
2018-11-22,Sweet Potato,37.5,Kg,historical_csv
2018-11-29,Sweet Potato,37.5,Kg,historical_csv
2019-01-17,Sweet Potato,44.64,Kg,historical_csv
2019-01-24,Sweet Potato,37.5,Kg,historical_csv
2019-11-07,Sweet Potato,48.75,Kg,historical_csv
2019-11-14,Sweet Potato,54.64,Kg,historical_csv
2020-01-09,Sweet Potato,55.0,Kg,historical_csv
2020-01-16,Sweet Potato,61.07,Kg,historical_csv
2020-01-23,Sweet Potato,55.0,Kg,historical_csv
2020-01-30,Sweet Potato,55.0,Kg,historical_csv
2020-10-29,Sweet Potato,58.0,Kg,historical_csv
2020-11-05,Sweet Potato,63.57,Kg,historical_csv
2020-11-12,Sweet Potato,65.0,Kg,historical_csv
2020-11-19,Sweet Potato,57.5,Kg,historical_csv
2020-11-26,Sweet Potato,59.17,Kg,historical_csv
2020-12-03,Sweet Potato,90.0,Kg,historical_csv
2020-12-10,Sweet Potato,65.0,Kg,historical_csv
2020-12-17,Sweet Potato,73.57,Kg,historical_csv
2020-12-24,Sweet Potato,69.29,Kg,historical_csv
2020-12-31,Sweet Potato,75.0,Kg,historical_csv
2021-01-07,Sweet Potato,66.43,Kg,historical_csv
2021-01-14,Sweet Potato,61.25,Kg,historical_csv
2021-01-21,Sweet Potato,56.43,Kg,historical_csv
2021-01-28,Sweet Potato,55.0,Kg,historical_csv
2021-02-04,Sweet Potato,59.29,Kg,historical_csv
2021-02-11,Sweet Potato,65.0,Kg,historical_csv
2021-02-18,Sweet Potato,69.29,Kg,historical_csv
2021-02-25,Sweet Potato,62.14,Kg,historical_csv
2021-03-04,Sweet Potato,65.0,Kg,historical_csv
2021-03-11,Sweet Potato,68.33,Kg,historical_csv
2021-03-18,Sweet Potato,72.14,Kg,historical_csv
2021-03-25,Sweet Potato,65.0,Kg,historical_csv
2021-04-01,Sweet Potato,70.0,Kg,historical_csv
2021-04-22,Sweet Potato,65.0,Kg,historical_csv
2021-04-29,Sweet Potato,67.5,Kg,historical_csv
2021-05-06,Sweet Potato,62.5,Kg,historical_csv
2021-05-13,Sweet Potato,63.33,Kg,historical_csv
2025-04-03,Sweet Potato,70.0,Kg,historical_csv
2025-04-10,Sweet Potato,70.71,Kg,historical_csv
2025-04-17,Sweet Potato,70.0,Kg,historical_csv
2026-04-02,Sweet Potato,65.0,Kg,historical_csv
2013-06-20,Tamarind,67.5,Kg,historical_csv
2013-08-01,Tamarind,75.0,Kg,historical_csv
2013-08-08,Tamarind,75.0,Kg,historical_csv
2013-08-15,Tamarind,75.0,Kg,historical_csv
2013-08-22,Tamarind,75.0,Kg,historical_csv
2013-08-29,Tamarind,75.0,Kg,historical_csv
2013-09-05,Tamarind,75.0,Kg,historical_csv
2013-09-12,Tamarind,76.67,Kg,historical_csv
2013-09-19,Tamarind,75.0,Kg,historical_csv
2013-09-26,Tamarind,75.0,Kg,historical_csv
2013-10-03,Tamarind,75.0,Kg,historical_csv
2013-10-10,Tamarind,74.17,Kg,historical_csv
2013-10-17,Tamarind,75.0,Kg,historical_csv
2013-10-24,Tamarind,75.5,Kg,historical_csv
2013-10-31,Tamarind,75.0,Kg,historical_csv
2013-11-07,Tamarind,75.0,Kg,historical_csv
2013-11-14,Tamarind,74.0,Kg,historical_csv
2013-11-21,Tamarind,81.25,Kg,historical_csv
2013-11-28,Tamarind,75.0,Kg,historical_csv
2013-12-05,Tamarind,75.0,Kg,historical_csv
2013-12-12,Tamarind,75.0,Kg,historical_csv
2013-12-19,Tamarind,75.0,Kg,historical_csv
2013-12-26,Tamarind,75.0,Kg,historical_csv
2014-01-02,Tamarind,75.0,Kg,historical_csv
2014-01-09,Tamarind,75.0,Kg,historical_csv
2014-01-16,Tamarind,75.0,Kg,historical_csv
2014-01-23,Tamarind,82.5,Kg,historical_csv
2014-01-30,Tamarind,83.5,Kg,historical_csv
2014-02-06,Tamarind,83.0,Kg,historical_csv
2014-02-13,Tamarind,85.0,Kg,historical_csv
2014-02-20,Tamarind,85.0,Kg,historical_csv
2014-02-27,Tamarind,85.0,Kg,historical_csv
2014-03-06,Tamarind,85.0,Kg,historical_csv
2014-03-13,Tamarind,78.33,Kg,historical_csv
2014-03-20,Tamarind,75.0,Kg,historical_csv
2014-03-27,Tamarind,75.0,Kg,historical_csv
2014-04-03,Tamarind,82.5,Kg,historical_csv
2014-04-10,Tamarind,82.5,Kg,historical_csv
2014-04-17,Tamarind,75.0,Kg,historical_csv
2014-04-24,Tamarind,75.0,Kg,historical_csv
2014-05-01,Tamarind,75.0,Kg,historical_csv
2014-05-08,Tamarind,75.0,Kg,historical_csv
2014-05-15,Tamarind,75.0,Kg,historical_csv
2014-05-22,Tamarind,75.0,Kg,historical_csv
2014-05-29,Tamarind,75.0,Kg,historical_csv
2014-06-05,Tamarind,75.0,Kg,historical_csv
2014-06-12,Tamarind,75.0,Kg,historical_csv
2014-06-19,Tamarind,74.17,Kg,historical_csv
2014-06-26,Tamarind,83.0,Kg,historical_csv
2014-07-03,Tamarind,85.0,Kg,historical_csv
2014-07-10,Tamarind,85.0,Kg,historical_csv
2014-07-17,Tamarind,85.0,Kg,historical_csv
2014-07-24,Tamarind,85.0,Kg,historical_csv
2014-07-31,Tamarind,93.57,Kg,historical_csv
2014-08-07,Tamarind,93.57,Kg,historical_csv
2014-08-14,Tamarind,89.64,Kg,historical_csv
2014-08-21,Tamarind,93.57,Kg,historical_csv
2014-08-28,Tamarind,95.0,Kg,historical_csv
2014-09-04,Tamarind,95.0,Kg,historical_csv
2014-09-11,Tamarind,95.0,Kg,historical_csv
2014-09-18,Tamarind,95.0,Kg,historical_csv
2014-09-25,Tamarind,95.0,Kg,historical_csv
2014-10-02,Tamarind,95.0,Kg,historical_csv
2014-10-09,Tamarind,95.0,Kg,historical_csv
2014-10-16,Tamarind,95.0,Kg,historical_csv
2014-10-23,Tamarind,95.0,Kg,historical_csv
2014-10-30,Tamarind,95.0,Kg,historical_csv
2014-11-06,Tamarind,95.0,Kg,historical_csv
2014-11-13,Tamarind,95.0,Kg,historical_csv
2014-11-20,Tamarind,95.0,Kg,historical_csv
2014-11-27,Tamarind,95.0,Kg,historical_csv
2014-12-04,Tamarind,95.0,Kg,historical_csv
2014-12-11,Tamarind,95.0,Kg,historical_csv
2014-12-18,Tamarind,95.0,Kg,historical_csv
2014-12-25,Tamarind,95.0,Kg,historical_csv
2015-01-01,Tamarind,95.0,Kg,historical_csv
2015-01-08,Tamarind,95.0,Kg,historical_csv
2015-01-15,Tamarind,95.0,Kg,historical_csv
2015-01-22,Tamarind,97.86,Kg,historical_csv
2015-01-29,Tamarind,115.0,Kg,historical_csv
2015-02-05,Tamarind,115.42,Kg,historical_csv
2015-02-12,Tamarind,114.29,Kg,historical_csv
2015-02-19,Tamarind,115.0,Kg,historical_csv
2015-02-26,Tamarind,115.0,Kg,historical_csv
2015-03-05,Tamarind,115.0,Kg,historical_csv
2015-03-12,Tamarind,115.0,Kg,historical_csv
2015-03-19,Tamarind,106.67,Kg,historical_csv
2015-03-26,Tamarind,105.0,Kg,historical_csv
2015-04-02,Tamarind,105.71,Kg,historical_csv
2015-04-09,Tamarind,105.0,Kg,historical_csv
2015-04-16,Tamarind,105.0,Kg,historical_csv
2015-04-23,Tamarind,100.71,Kg,historical_csv
2015-04-30,Tamarind,103.57,Kg,historical_csv
2015-05-07,Tamarind,95.0,Kg,historical_csv
2015-05-14,Tamarind,95.0,Kg,historical_csv
2015-05-21,Tamarind,95.0,Kg,historical_csv
2015-05-28,Tamarind,95.0,Kg,historical_csv
2015-06-04,Tamarind,95.0,Kg,historical_csv
2015-06-11,Tamarind,95.0,Kg,historical_csv
2015-06-18,Tamarind,91.56,Kg,historical_csv
2015-06-25,Tamarind,85.0,Kg,historical_csv
2015-07-02,Tamarind,82.88,Kg,historical_csv
2015-07-09,Tamarind,88.64,Kg,historical_csv
2015-07-16,Tamarind,85.0,Kg,historical_csv
2015-07-23,Tamarind,86.54,Kg,historical_csv
2015-07-30,Tamarind,86.67,Kg,historical_csv
2015-08-06,Tamarind,95.0,Kg,historical_csv
2015-08-13,Tamarind,95.0,Kg,historical_csv
2015-08-20,Tamarind,95.0,Kg,historical_csv
2015-08-27,Tamarind,95.0,Kg,historical_csv
2015-09-03,Tamarind,95.0,Kg,historical_csv
2015-09-10,Tamarind,95.0,Kg,historical_csv
2015-09-17,Tamarind,95.0,Kg,historical_csv
2015-09-24,Tamarind,95.0,Kg,historical_csv
2015-10-01,Tamarind,99.29,Kg,historical_csv
2015-10-08,Tamarind,102.14,Kg,historical_csv
2015-10-15,Tamarind,95.0,Kg,historical_csv
2015-10-22,Tamarind,95.0,Kg,historical_csv
2015-10-29,Tamarind,95.0,Kg,historical_csv
2015-11-05,Tamarind,95.0,Kg,historical_csv
2015-11-12,Tamarind,95.0,Kg,historical_csv
2015-11-19,Tamarind,95.0,Kg,historical_csv
2015-11-26,Tamarind,95.0,Kg,historical_csv
2015-12-03,Tamarind,95.0,Kg,historical_csv
2015-12-10,Tamarind,95.0,Kg,historical_csv
2015-12-17,Tamarind,96.43,Kg,historical_csv
2015-12-24,Tamarind,96.43,Kg,historical_csv
2015-12-31,Tamarind,95.0,Kg,historical_csv
2016-01-07,Tamarind,95.0,Kg,historical_csv
2016-01-14,Tamarind,95.0,Kg,historical_csv
2016-01-21,Tamarind,95.0,Kg,historical_csv
2016-01-28,Tamarind,92.14,Kg,historical_csv
2016-02-04,Tamarind,95.0,Kg,historical_csv
2016-02-11,Tamarind,95.0,Kg,historical_csv
2016-02-18,Tamarind,95.0,Kg,historical_csv
2016-02-25,Tamarind,95.0,Kg,historical_csv
2016-03-03,Tamarind,95.0,Kg,historical_csv
2016-03-10,Tamarind,95.0,Kg,historical_csv
2016-03-17,Tamarind,95.0,Kg,historical_csv
2016-03-24,Tamarind,95.0,Kg,historical_csv
2016-03-31,Tamarind,95.0,Kg,historical_csv
2016-04-07,Tamarind,95.0,Kg,historical_csv
2016-04-14,Tamarind,95.0,Kg,historical_csv
2016-04-21,Tamarind,95.0,Kg,historical_csv
2016-04-28,Tamarind,95.0,Kg,historical_csv
2016-05-05,Tamarind,95.0,Kg,historical_csv
2016-05-12,Tamarind,95.0,Kg,historical_csv
2016-05-19,Tamarind,95.0,Kg,historical_csv
2016-05-26,Tamarind,95.0,Kg,historical_csv
2016-06-02,Tamarind,95.0,Kg,historical_csv
2016-06-09,Tamarind,95.0,Kg,historical_csv
2016-06-16,Tamarind,95.0,Kg,historical_csv
2016-06-23,Tamarind,95.0,Kg,historical_csv
2016-06-30,Tamarind,95.0,Kg,historical_csv
2016-07-07,Tamarind,95.0,Kg,historical_csv
2016-07-14,Tamarind,95.0,Kg,historical_csv
2016-07-21,Tamarind,95.0,Kg,historical_csv
2016-07-28,Tamarind,95.0,Kg,historical_csv
2016-08-04,Tamarind,95.0,Kg,historical_csv
2016-08-11,Tamarind,95.0,Kg,historical_csv
2016-08-18,Tamarind,95.0,Kg,historical_csv
2016-08-25,Tamarind,95.0,Kg,historical_csv
2016-09-01,Tamarind,95.0,Kg,historical_csv
2016-09-08,Tamarind,95.0,Kg,historical_csv
2016-09-15,Tamarind,95.0,Kg,historical_csv
2016-09-22,Tamarind,95.0,Kg,historical_csv
2016-09-29,Tamarind,95.0,Kg,historical_csv
2016-10-06,Tamarind,95.0,Kg,historical_csv
2016-10-13,Tamarind,95.0,Kg,historical_csv
2016-10-20,Tamarind,95.0,Kg,historical_csv
2016-10-27,Tamarind,95.0,Kg,historical_csv
2016-11-03,Tamarind,95.0,Kg,historical_csv
2016-11-10,Tamarind,95.0,Kg,historical_csv
2016-11-17,Tamarind,95.0,Kg,historical_csv
2016-11-24,Tamarind,95.0,Kg,historical_csv
2016-12-01,Tamarind,95.0,Kg,historical_csv
2016-12-08,Tamarind,95.0,Kg,historical_csv
2016-12-15,Tamarind,95.0,Kg,historical_csv
2016-12-22,Tamarind,95.0,Kg,historical_csv
2016-12-29,Tamarind,95.0,Kg,historical_csv
2017-01-05,Tamarind,95.0,Kg,historical_csv
2017-01-12,Tamarind,95.0,Kg,historical_csv
2017-01-19,Tamarind,96.43,Kg,historical_csv
2017-01-26,Tamarind,95.0,Kg,historical_csv
2017-02-02,Tamarind,95.0,Kg,historical_csv
2017-02-09,Tamarind,96.43,Kg,historical_csv
2017-02-16,Tamarind,103.57,Kg,historical_csv
2017-02-23,Tamarind,105.0,Kg,historical_csv
2017-03-02,Tamarind,105.0,Kg,historical_csv
2017-03-09,Tamarind,105.0,Kg,historical_csv
2017-03-16,Tamarind,105.0,Kg,historical_csv
2017-03-23,Tamarind,105.0,Kg,historical_csv
2017-03-30,Tamarind,105.0,Kg,historical_csv
2017-04-06,Tamarind,105.0,Kg,historical_csv
2017-04-13,Tamarind,105.0,Kg,historical_csv
2017-04-20,Tamarind,105.0,Kg,historical_csv
2017-04-27,Tamarind,105.0,Kg,historical_csv
2017-05-04,Tamarind,105.0,Kg,historical_csv
2017-05-11,Tamarind,108.57,Kg,historical_csv
2017-05-18,Tamarind,113.33,Kg,historical_csv
2017-05-25,Tamarind,106.43,Kg,historical_csv
2017-06-01,Tamarind,115.0,Kg,historical_csv
2017-06-08,Tamarind,115.0,Kg,historical_csv
2017-06-15,Tamarind,115.0,Kg,historical_csv
2017-06-22,Tamarind,115.0,Kg,historical_csv
2017-06-29,Tamarind,115.0,Kg,historical_csv
2017-07-06,Tamarind,115.0,Kg,historical_csv
2017-07-13,Tamarind,115.0,Kg,historical_csv
2017-07-20,Tamarind,115.0,Kg,historical_csv
2017-07-27,Tamarind,115.0,Kg,historical_csv
2017-08-03,Tamarind,115.0,Kg,historical_csv
2017-08-10,Tamarind,115.0,Kg,historical_csv
2017-08-17,Tamarind,113.57,Kg,historical_csv
2017-08-24,Tamarind,115.0,Kg,historical_csv
2017-08-31,Tamarind,115.0,Kg,historical_csv
2017-09-07,Tamarind,115.0,Kg,historical_csv
2017-09-14,Tamarind,115.0,Kg,historical_csv
2017-09-21,Tamarind,115.0,Kg,historical_csv
2017-09-28,Tamarind,115.0,Kg,historical_csv
2017-10-05,Tamarind,115.0,Kg,historical_csv
2017-10-12,Tamarind,115.0,Kg,historical_csv
2017-10-19,Tamarind,115.0,Kg,historical_csv
2017-10-26,Tamarind,115.0,Kg,historical_csv
2017-11-02,Tamarind,115.0,Kg,historical_csv
2017-11-09,Tamarind,115.0,Kg,historical_csv
2017-11-16,Tamarind,115.0,Kg,historical_csv
2017-11-23,Tamarind,115.0,Kg,historical_csv
2017-11-30,Tamarind,115.0,Kg,historical_csv
2017-12-07,Tamarind,111.67,Kg,historical_csv
2017-12-14,Tamarind,120.0,Kg,historical_csv
2017-12-21,Tamarind,125.0,Kg,historical_csv
2017-12-28,Tamarind,125.0,Kg,historical_csv
2018-01-04,Tamarind,125.0,Kg,historical_csv
2018-01-11,Tamarind,125.0,Kg,historical_csv
2018-01-18,Tamarind,125.0,Kg,historical_csv
2018-01-25,Tamarind,125.0,Kg,historical_csv
2018-02-01,Tamarind,125.0,Kg,historical_csv
2018-02-08,Tamarind,125.0,Kg,historical_csv
2018-02-15,Tamarind,125.0,Kg,historical_csv
2018-02-22,Tamarind,125.0,Kg,historical_csv
2018-03-01,Tamarind,125.0,Kg,historical_csv
2018-03-08,Tamarind,125.0,Kg,historical_csv
2018-03-15,Tamarind,126.67,Kg,historical_csv
2018-04-05,Tamarind,148.33,Kg,historical_csv
2018-04-12,Tamarind,153.57,Kg,historical_csv
2018-04-19,Tamarind,155.0,Kg,historical_csv
2018-04-26,Tamarind,145.0,Kg,historical_csv
2018-05-03,Tamarind,145.0,Kg,historical_csv
2018-05-10,Tamarind,145.0,Kg,historical_csv
2018-05-17,Tamarind,145.0,Kg,historical_csv
2018-05-24,Tamarind,145.0,Kg,historical_csv
2018-05-31,Tamarind,145.0,Kg,historical_csv
2018-06-07,Tamarind,145.0,Kg,historical_csv
2018-06-14,Tamarind,145.0,Kg,historical_csv
2018-06-21,Tamarind,145.0,Kg,historical_csv
2018-06-28,Tamarind,145.0,Kg,historical_csv
2018-07-05,Tamarind,145.0,Kg,historical_csv
2018-07-12,Tamarind,145.0,Kg,historical_csv
2018-07-19,Tamarind,145.0,Kg,historical_csv
2018-07-26,Tamarind,145.0,Kg,historical_csv
2018-08-02,Tamarind,145.0,Kg,historical_csv
2018-08-09,Tamarind,145.0,Kg,historical_csv
2018-08-16,Tamarind,145.0,Kg,historical_csv
2018-08-23,Tamarind,145.0,Kg,historical_csv
2018-08-30,Tamarind,145.0,Kg,historical_csv
2018-09-06,Tamarind,145.0,Kg,historical_csv
2018-09-13,Tamarind,145.0,Kg,historical_csv
2018-09-20,Tamarind,145.0,Kg,historical_csv
2018-09-27,Tamarind,145.0,Kg,historical_csv
2018-10-04,Tamarind,145.0,Kg,historical_csv
2018-10-11,Tamarind,145.0,Kg,historical_csv
2018-10-18,Tamarind,145.0,Kg,historical_csv
2018-10-25,Tamarind,145.0,Kg,historical_csv
2018-11-01,Tamarind,142.14,Kg,historical_csv
2018-11-08,Tamarind,135.71,Kg,historical_csv
2018-11-15,Tamarind,135.0,Kg,historical_csv
2018-11-22,Tamarind,135.0,Kg,historical_csv
2018-11-29,Tamarind,135.0,Kg,historical_csv
2018-12-06,Tamarind,135.0,Kg,historical_csv
2018-12-13,Tamarind,135.0,Kg,historical_csv
2018-12-20,Tamarind,135.0,Kg,historical_csv
2018-12-27,Tamarind,135.0,Kg,historical_csv
2019-01-03,Tamarind,135.0,Kg,historical_csv
2019-01-10,Tamarind,135.0,Kg,historical_csv
2019-01-17,Tamarind,135.0,Kg,historical_csv
2019-01-24,Tamarind,135.0,Kg,historical_csv
2019-01-31,Tamarind,135.0,Kg,historical_csv
2019-02-07,Tamarind,135.0,Kg,historical_csv
2019-02-14,Tamarind,135.0,Kg,historical_csv
2019-02-21,Tamarind,135.0,Kg,historical_csv
2019-02-28,Tamarind,135.71,Kg,historical_csv
2019-03-07,Tamarind,135.0,Kg,historical_csv
2019-03-14,Tamarind,133.57,Kg,historical_csv
2019-03-21,Tamarind,135.71,Kg,historical_csv
2019-03-28,Tamarind,135.0,Kg,historical_csv
2019-04-04,Tamarind,135.0,Kg,historical_csv
2019-04-11,Tamarind,135.0,Kg,historical_csv
2019-04-18,Tamarind,135.0,Kg,historical_csv
2019-04-25,Tamarind,135.0,Kg,historical_csv
2019-05-02,Tamarind,135.0,Kg,historical_csv
2019-05-09,Tamarind,135.0,Kg,historical_csv
2019-05-16,Tamarind,133.57,Kg,historical_csv
2019-05-23,Tamarind,133.57,Kg,historical_csv
2019-05-30,Tamarind,135.0,Kg,historical_csv
2019-06-06,Tamarind,135.0,Kg,historical_csv
2019-06-13,Tamarind,132.14,Kg,historical_csv
2019-06-20,Tamarind,133.57,Kg,historical_csv
2019-06-27,Tamarind,135.0,Kg,historical_csv
2019-07-04,Tamarind,135.0,Kg,historical_csv
2019-07-11,Tamarind,135.0,Kg,historical_csv
2019-07-18,Tamarind,135.0,Kg,historical_csv
2019-07-25,Tamarind,135.0,Kg,historical_csv
2019-08-01,Tamarind,135.0,Kg,historical_csv
2019-08-08,Tamarind,135.0,Kg,historical_csv
2019-08-15,Tamarind,135.0,Kg,historical_csv
2019-08-22,Tamarind,135.0,Kg,historical_csv
2019-08-29,Tamarind,135.0,Kg,historical_csv
2019-09-05,Tamarind,135.0,Kg,historical_csv
2019-09-12,Tamarind,123.57,Kg,historical_csv
2019-09-19,Tamarind,135.0,Kg,historical_csv
2019-09-26,Tamarind,136.43,Kg,historical_csv
2019-10-03,Tamarind,135.0,Kg,historical_csv
2019-10-10,Tamarind,135.0,Kg,historical_csv
2019-10-17,Tamarind,135.0,Kg,historical_csv
2019-10-24,Tamarind,135.0,Kg,historical_csv
2019-10-31,Tamarind,136.43,Kg,historical_csv
2019-11-07,Tamarind,135.0,Kg,historical_csv
2019-11-14,Tamarind,135.0,Kg,historical_csv
2019-11-21,Tamarind,135.0,Kg,historical_csv
2019-11-28,Tamarind,135.0,Kg,historical_csv
2019-12-05,Tamarind,135.0,Kg,historical_csv
2019-12-12,Tamarind,135.0,Kg,historical_csv
2019-12-19,Tamarind,135.0,Kg,historical_csv
2019-12-26,Tamarind,135.0,Kg,historical_csv
2020-01-02,Tamarind,135.0,Kg,historical_csv
2020-01-09,Tamarind,136.43,Kg,historical_csv
2020-01-16,Tamarind,135.0,Kg,historical_csv
2020-01-23,Tamarind,135.0,Kg,historical_csv
2020-01-30,Tamarind,135.0,Kg,historical_csv
2020-02-06,Tamarind,135.0,Kg,historical_csv
2020-02-13,Tamarind,132.14,Kg,historical_csv
2020-02-20,Tamarind,135.0,Kg,historical_csv
2020-02-27,Tamarind,135.0,Kg,historical_csv
2020-03-05,Tamarind,138.33,Kg,historical_csv
2020-03-12,Tamarind,135.0,Kg,historical_csv
2020-03-19,Tamarind,135.0,Kg,historical_csv
2020-03-26,Tamarind,135.0,Kg,historical_csv
2020-04-02,Tamarind,135.0,Kg,historical_csv
2020-04-09,Tamarind,135.0,Kg,historical_csv
2020-04-16,Tamarind,135.0,Kg,historical_csv
2020-04-23,Tamarind,135.0,Kg,historical_csv
2020-04-30,Tamarind,135.0,Kg,historical_csv
2020-05-07,Tamarind,135.0,Kg,historical_csv
2020-05-14,Tamarind,135.0,Kg,historical_csv
2020-05-21,Tamarind,135.0,Kg,historical_csv
2020-05-28,Tamarind,135.0,Kg,historical_csv
2020-06-04,Tamarind,135.0,Kg,historical_csv
2020-06-11,Tamarind,135.0,Kg,historical_csv
2020-06-18,Tamarind,135.0,Kg,historical_csv
2020-06-25,Tamarind,135.0,Kg,historical_csv
2020-07-02,Tamarind,135.0,Kg,historical_csv
2020-07-09,Tamarind,135.0,Kg,historical_csv
2020-07-16,Tamarind,135.0,Kg,historical_csv
2020-07-23,Tamarind,135.0,Kg,historical_csv
2020-07-30,Tamarind,135.0,Kg,historical_csv
2020-08-06,Tamarind,135.0,Kg,historical_csv
2020-08-13,Tamarind,135.0,Kg,historical_csv
2020-08-20,Tamarind,135.0,Kg,historical_csv
2020-08-27,Tamarind,135.0,Kg,historical_csv
2020-09-03,Tamarind,135.0,Kg,historical_csv
2020-09-10,Tamarind,135.0,Kg,historical_csv
2020-09-17,Tamarind,135.0,Kg,historical_csv
2020-09-24,Tamarind,135.0,Kg,historical_csv
2020-10-01,Tamarind,135.0,Kg,historical_csv
2020-10-08,Tamarind,135.0,Kg,historical_csv
2020-10-15,Tamarind,135.0,Kg,historical_csv
2020-10-22,Tamarind,135.0,Kg,historical_csv
2020-10-29,Tamarind,139.58,Kg,historical_csv
2020-11-05,Tamarind,146.43,Kg,historical_csv
2020-11-12,Tamarind,146.67,Kg,historical_csv
2020-11-19,Tamarind,145.0,Kg,historical_csv
2020-11-26,Tamarind,145.0,Kg,historical_csv
2020-12-03,Tamarind,145.0,Kg,historical_csv
2020-12-10,Tamarind,145.0,Kg,historical_csv
2020-12-17,Tamarind,145.0,Kg,historical_csv
2020-12-24,Tamarind,145.0,Kg,historical_csv
2020-12-31,Tamarind,145.0,Kg,historical_csv
2021-01-07,Tamarind,145.0,Kg,historical_csv
2021-01-14,Tamarind,145.0,Kg,historical_csv
2021-01-21,Tamarind,145.0,Kg,historical_csv
2021-01-28,Tamarind,145.0,Kg,historical_csv
2021-02-04,Tamarind,145.0,Kg,historical_csv
2021-02-11,Tamarind,145.0,Kg,historical_csv
2021-02-18,Tamarind,145.0,Kg,historical_csv
2021-02-25,Tamarind,145.0,Kg,historical_csv
2021-03-04,Tamarind,145.0,Kg,historical_csv
2021-03-11,Tamarind,145.0,Kg,historical_csv
2021-03-18,Tamarind,145.0,Kg,historical_csv
2021-03-25,Tamarind,145.0,Kg,historical_csv
2021-04-01,Tamarind,145.0,Kg,historical_csv
2021-04-22,Tamarind,155.0,Kg,historical_csv
2021-04-29,Tamarind,155.0,Kg,historical_csv
2021-05-06,Tamarind,155.0,Kg,historical_csv
2021-05-13,Tamarind,155.0,Kg,historical_csv
2025-04-03,Tamarind,145.0,Kg,historical_csv
2025-04-10,Tamarind,145.0,Kg,historical_csv
2025-04-17,Tamarind,148.33,Kg,historical_csv
2026-04-02,Tamarind,145.0,Kg,historical_csv
2013-06-20,Tomato,29.12,Kg,historical_csv
2013-08-01,Tomato,43.08,Kg,historical_csv
2013-08-08,Tomato,33.21,Kg,historical_csv
2013-08-15,Tomato,29.5,Kg,historical_csv
2013-08-22,Tomato,47.19,Kg,historical_csv
2013-08-29,Tomato,40.8,Kg,historical_csv
2013-09-05,Tomato,39.79,Kg,historical_csv
2013-09-12,Tomato,46.71,Kg,historical_csv
2013-09-19,Tomato,37.4,Kg,historical_csv
2013-09-26,Tomato,36.04,Kg,historical_csv
2013-10-03,Tomato,39.17,Kg,historical_csv
2013-10-10,Tomato,61.67,Kg,historical_csv
2013-10-17,Tomato,56.25,Kg,historical_csv
2013-10-24,Tomato,38.5,Kg,historical_csv
2013-10-31,Tomato,52.08,Kg,historical_csv
2013-11-07,Tomato,65.17,Kg,historical_csv
2013-11-14,Tomato,75.8,Kg,historical_csv
2013-11-21,Tomato,78.29,Kg,historical_csv
2013-11-28,Tomato,71.88,Kg,historical_csv
2013-12-05,Tomato,55.42,Kg,historical_csv
2013-12-12,Tomato,38.96,Kg,historical_csv
2013-12-19,Tomato,36.85,Kg,historical_csv
2013-12-26,Tomato,37.3,Kg,historical_csv
2014-01-02,Tomato,39.4,Kg,historical_csv
2014-01-09,Tomato,34.29,Kg,historical_csv
2014-01-16,Tomato,35.65,Kg,historical_csv
2014-01-23,Tomato,29.38,Kg,historical_csv
2014-01-30,Tomato,25.15,Kg,historical_csv
2014-02-06,Tomato,32.35,Kg,historical_csv
2014-02-13,Tomato,31.68,Kg,historical_csv
2014-02-20,Tomato,30.7,Kg,historical_csv
2014-02-27,Tomato,29.9,Kg,historical_csv
2014-03-06,Tomato,42.62,Kg,historical_csv
2014-03-13,Tomato,41.88,Kg,historical_csv
2014-03-20,Tomato,40.3,Kg,historical_csv
2014-03-27,Tomato,36.04,Kg,historical_csv
2014-04-03,Tomato,36.55,Kg,historical_csv
2014-04-10,Tomato,37.45,Kg,historical_csv
2014-04-17,Tomato,37.75,Kg,historical_csv
2014-04-24,Tomato,31.4,Kg,historical_csv
2014-05-01,Tomato,31.4,Kg,historical_csv
2014-05-08,Tomato,22.62,Kg,historical_csv
2014-05-15,Tomato,21.45,Kg,historical_csv
2014-05-22,Tomato,23.0,Kg,historical_csv
2014-05-29,Tomato,21.4,Kg,historical_csv
2014-06-05,Tomato,31.17,Kg,historical_csv
2014-06-12,Tomato,31.21,Kg,historical_csv
2014-06-19,Tomato,21.67,Kg,historical_csv
2014-06-26,Tomato,20.55,Kg,historical_csv
2014-07-03,Tomato,22.0,Kg,historical_csv
2014-07-10,Tomato,17.5,Kg,historical_csv
2014-07-17,Tomato,15.54,Kg,historical_csv
2014-07-24,Tomato,23.11,Kg,historical_csv
2014-07-31,Tomato,37.82,Kg,historical_csv
2014-08-07,Tomato,39.32,Kg,historical_csv
2014-08-14,Tomato,34.68,Kg,historical_csv
2014-08-21,Tomato,39.54,Kg,historical_csv
2014-08-28,Tomato,59.46,Kg,historical_csv
2014-09-04,Tomato,52.79,Kg,historical_csv
2014-09-11,Tomato,36.25,Kg,historical_csv
2014-09-18,Tomato,45.0,Kg,historical_csv
2014-09-25,Tomato,58.33,Kg,historical_csv
2014-10-02,Tomato,56.75,Kg,historical_csv
2014-10-09,Tomato,33.88,Kg,historical_csv
2014-10-16,Tomato,48.29,Kg,historical_csv
2014-10-23,Tomato,52.75,Kg,historical_csv
2014-10-30,Tomato,36.29,Kg,historical_csv
2014-11-06,Tomato,31.5,Kg,historical_csv
2014-11-13,Tomato,29.54,Kg,historical_csv
2014-11-20,Tomato,23.82,Kg,historical_csv
2014-11-27,Tomato,28.04,Kg,historical_csv
2014-12-04,Tomato,33.96,Kg,historical_csv
2014-12-11,Tomato,36.21,Kg,historical_csv
2014-12-18,Tomato,32.25,Kg,historical_csv
2014-12-25,Tomato,37.71,Kg,historical_csv
2015-01-01,Tomato,39.82,Kg,historical_csv
2015-01-08,Tomato,36.43,Kg,historical_csv
2015-01-15,Tomato,25.5,Kg,historical_csv
2015-01-22,Tomato,30.5,Kg,historical_csv
2015-01-29,Tomato,26.75,Kg,historical_csv
2015-02-05,Tomato,24.83,Kg,historical_csv
2015-02-12,Tomato,22.43,Kg,historical_csv
2015-02-19,Tomato,21.88,Kg,historical_csv
2015-02-26,Tomato,21.25,Kg,historical_csv
2015-03-05,Tomato,23.25,Kg,historical_csv
2015-03-12,Tomato,30.6,Kg,historical_csv
2015-03-19,Tomato,40.04,Kg,historical_csv
2015-03-26,Tomato,44.64,Kg,historical_csv
2015-04-02,Tomato,45.36,Kg,historical_csv
2015-04-09,Tomato,31.88,Kg,historical_csv
2015-04-16,Tomato,38.42,Kg,historical_csv
2015-04-23,Tomato,32.71,Kg,historical_csv
2015-04-30,Tomato,45.0,Kg,historical_csv
2015-05-07,Tomato,45.07,Kg,historical_csv
2015-05-14,Tomato,47.58,Kg,historical_csv
2015-05-21,Tomato,36.64,Kg,historical_csv
2015-05-28,Tomato,65.79,Kg,historical_csv
2015-06-04,Tomato,55.18,Kg,historical_csv
2015-06-11,Tomato,45.68,Kg,historical_csv
2015-06-18,Tomato,39.56,Kg,historical_csv
2015-06-25,Tomato,34.75,Kg,historical_csv
2015-07-02,Tomato,38.35,Kg,historical_csv
2015-07-09,Tomato,43.14,Kg,historical_csv
2015-07-16,Tomato,58.79,Kg,historical_csv
2015-07-23,Tomato,53.44,Kg,historical_csv
2015-07-30,Tomato,47.94,Kg,historical_csv
2015-08-06,Tomato,53.64,Kg,historical_csv
2015-08-13,Tomato,57.29,Kg,historical_csv
2015-08-20,Tomato,41.54,Kg,historical_csv
2015-08-27,Tomato,42.14,Kg,historical_csv
2015-09-03,Tomato,41.93,Kg,historical_csv
2015-09-10,Tomato,31.43,Kg,historical_csv
2015-09-17,Tomato,32.04,Kg,historical_csv
2015-09-24,Tomato,29.36,Kg,historical_csv
2015-10-01,Tomato,34.96,Kg,historical_csv
2015-10-08,Tomato,33.21,Kg,historical_csv
2015-10-15,Tomato,33.39,Kg,historical_csv
2015-10-22,Tomato,33.86,Kg,historical_csv
2015-10-29,Tomato,32.32,Kg,historical_csv
2015-11-05,Tomato,41.29,Kg,historical_csv
2015-11-12,Tomato,58.0,Kg,historical_csv
2015-11-19,Tomato,68.82,Kg,historical_csv
2015-11-26,Tomato,67.18,Kg,historical_csv
2015-12-03,Tomato,66.11,Kg,historical_csv
2015-12-10,Tomato,50.32,Kg,historical_csv
2015-12-17,Tomato,49.75,Kg,historical_csv
2015-12-24,Tomato,44.82,Kg,historical_csv
2015-12-31,Tomato,49.89,Kg,historical_csv
2016-01-07,Tomato,39.96,Kg,historical_csv
2016-01-14,Tomato,30.11,Kg,historical_csv
2016-01-21,Tomato,30.86,Kg,historical_csv
2016-01-28,Tomato,32.96,Kg,historical_csv
2016-02-04,Tomato,32.68,Kg,historical_csv
2016-02-11,Tomato,34.21,Kg,historical_csv
2016-02-18,Tomato,31.96,Kg,historical_csv
2016-02-25,Tomato,32.07,Kg,historical_csv
2016-03-03,Tomato,31.83,Kg,historical_csv
2016-03-10,Tomato,31.82,Kg,historical_csv
2016-03-17,Tomato,35.58,Kg,historical_csv
2016-03-24,Tomato,39.29,Kg,historical_csv
2016-03-31,Tomato,36.39,Kg,historical_csv
2016-04-07,Tomato,30.21,Kg,historical_csv
2016-04-14,Tomato,30.46,Kg,historical_csv
2016-04-21,Tomato,25.36,Kg,historical_csv
2016-04-28,Tomato,34.14,Kg,historical_csv
2016-05-05,Tomato,47.39,Kg,historical_csv
2016-05-12,Tomato,53.21,Kg,historical_csv
2016-05-19,Tomato,54.39,Kg,historical_csv
2016-05-26,Tomato,63.04,Kg,historical_csv
2016-06-02,Tomato,56.07,Kg,historical_csv
2016-06-09,Tomato,57.86,Kg,historical_csv
2016-06-16,Tomato,50.64,Kg,historical_csv
2016-06-23,Tomato,51.43,Kg,historical_csv
2016-06-30,Tomato,59.64,Kg,historical_csv
2016-07-07,Tomato,73.75,Kg,historical_csv
2016-07-14,Tomato,73.04,Kg,historical_csv
2016-07-21,Tomato,59.29,Kg,historical_csv
2016-07-28,Tomato,71.71,Kg,historical_csv
2016-08-04,Tomato,73.86,Kg,historical_csv
2016-08-11,Tomato,61.25,Kg,historical_csv
2016-08-18,Tomato,51.43,Kg,historical_csv
2016-08-25,Tomato,50.82,Kg,historical_csv
2016-09-01,Tomato,43.68,Kg,historical_csv
2016-09-08,Tomato,44.54,Kg,historical_csv
2016-09-15,Tomato,45.11,Kg,historical_csv
2016-09-22,Tomato,43.86,Kg,historical_csv
2016-09-29,Tomato,44.82,Kg,historical_csv
2016-10-06,Tomato,57.14,Kg,historical_csv
2016-10-13,Tomato,59.11,Kg,historical_csv
2016-10-20,Tomato,59.96,Kg,historical_csv
2016-10-27,Tomato,50.71,Kg,historical_csv
2016-11-03,Tomato,39.93,Kg,historical_csv
2016-11-10,Tomato,36.64,Kg,historical_csv
2016-11-17,Tomato,36.36,Kg,historical_csv
2016-11-24,Tomato,35.36,Kg,historical_csv
2016-12-01,Tomato,36.43,Kg,historical_csv
2016-12-08,Tomato,34.21,Kg,historical_csv
2016-12-15,Tomato,35.89,Kg,historical_csv
2016-12-22,Tomato,34.21,Kg,historical_csv
2016-12-29,Tomato,29.04,Kg,historical_csv
2017-01-05,Tomato,26.54,Kg,historical_csv
2017-01-12,Tomato,26.43,Kg,historical_csv
2017-01-19,Tomato,28.39,Kg,historical_csv
2017-01-26,Tomato,30.54,Kg,historical_csv
2017-02-02,Tomato,25.79,Kg,historical_csv
2017-02-09,Tomato,22.82,Kg,historical_csv
2017-02-16,Tomato,22.5,Kg,historical_csv
2017-02-23,Tomato,23.57,Kg,historical_csv
2017-03-02,Tomato,22.92,Kg,historical_csv
2017-03-09,Tomato,26.62,Kg,historical_csv
2017-03-16,Tomato,28.75,Kg,historical_csv
2017-03-23,Tomato,27.68,Kg,historical_csv
2017-03-30,Tomato,29.64,Kg,historical_csv
2017-04-06,Tomato,30.36,Kg,historical_csv
2017-04-13,Tomato,29.11,Kg,historical_csv
2017-04-20,Tomato,31.79,Kg,historical_csv
2017-04-27,Tomato,29.29,Kg,historical_csv
2017-05-04,Tomato,28.93,Kg,historical_csv
2017-05-11,Tomato,30.36,Kg,historical_csv
2017-05-18,Tomato,43.33,Kg,historical_csv
2017-05-25,Tomato,37.5,Kg,historical_csv
2017-06-01,Tomato,36.43,Kg,historical_csv
2017-06-08,Tomato,47.96,Kg,historical_csv
2017-06-15,Tomato,46.07,Kg,historical_csv
2017-06-22,Tomato,37.89,Kg,historical_csv
2017-06-29,Tomato,36.79,Kg,historical_csv
2017-07-06,Tomato,33.0,Kg,historical_csv
2017-07-13,Tomato,33.71,Kg,historical_csv
2017-07-20,Tomato,37.57,Kg,historical_csv
2017-07-27,Tomato,37.68,Kg,historical_csv
2017-08-03,Tomato,48.57,Kg,historical_csv
2017-08-10,Tomato,48.39,Kg,historical_csv
2017-08-17,Tomato,64.29,Kg,historical_csv
2017-08-24,Tomato,80.36,Kg,historical_csv
2017-08-31,Tomato,65.96,Kg,historical_csv
2017-09-07,Tomato,59.18,Kg,historical_csv
2017-09-14,Tomato,50.36,Kg,historical_csv
2017-09-21,Tomato,48.12,Kg,historical_csv
2017-09-28,Tomato,57.5,Kg,historical_csv
2017-10-05,Tomato,39.64,Kg,historical_csv
2017-10-12,Tomato,51.39,Kg,historical_csv
2017-10-19,Tomato,58.64,Kg,historical_csv
2017-10-26,Tomato,59.68,Kg,historical_csv
2017-11-02,Tomato,79.46,Kg,historical_csv
2017-11-09,Tomato,84.04,Kg,historical_csv
2017-11-16,Tomato,80.57,Kg,historical_csv
2017-11-23,Tomato,68.39,Kg,historical_csv
2017-11-30,Tomato,73.93,Kg,historical_csv
2017-12-07,Tomato,78.54,Kg,historical_csv
2017-12-14,Tomato,73.39,Kg,historical_csv
2017-12-21,Tomato,40.0,Kg,historical_csv
2017-12-28,Tomato,35.0,Kg,historical_csv
2018-01-04,Tomato,33.57,Kg,historical_csv
2018-01-11,Tomato,37.25,Kg,historical_csv
2018-01-18,Tomato,44.58,Kg,historical_csv
2018-01-25,Tomato,34.86,Kg,historical_csv
2018-02-01,Tomato,27.64,Kg,historical_csv
2018-02-08,Tomato,28.25,Kg,historical_csv
2018-02-15,Tomato,30.29,Kg,historical_csv
2018-02-22,Tomato,31.71,Kg,historical_csv
2018-03-01,Tomato,32.5,Kg,historical_csv
2018-03-08,Tomato,32.83,Kg,historical_csv
2018-03-15,Tomato,34.46,Kg,historical_csv
2018-03-22,Tomato,46.43,Kg,historical_csv
2018-03-29,Tomato,39.5,Kg,historical_csv
2018-04-05,Tomato,35.71,Kg,historical_csv
2018-04-12,Tomato,31.25,Kg,historical_csv
2018-04-19,Tomato,32.82,Kg,historical_csv
2018-04-26,Tomato,35.71,Kg,historical_csv
2018-05-03,Tomato,34.04,Kg,historical_csv
2018-05-10,Tomato,31.43,Kg,historical_csv
2018-05-17,Tomato,36.43,Kg,historical_csv
2018-05-24,Tomato,31.07,Kg,historical_csv
2018-05-31,Tomato,39.61,Kg,historical_csv
2018-06-07,Tomato,38.21,Kg,historical_csv
2018-06-14,Tomato,43.43,Kg,historical_csv
2018-06-21,Tomato,42.71,Kg,historical_csv
2018-06-28,Tomato,49.32,Kg,historical_csv
2018-07-05,Tomato,34.0,Kg,historical_csv
2018-07-12,Tomato,28.68,Kg,historical_csv
2018-07-19,Tomato,28.36,Kg,historical_csv
2018-07-26,Tomato,25.71,Kg,historical_csv
2018-08-02,Tomato,29.46,Kg,historical_csv
2018-08-09,Tomato,38.93,Kg,historical_csv
2018-08-16,Tomato,43.64,Kg,historical_csv
2018-08-23,Tomato,38.21,Kg,historical_csv
2018-08-30,Tomato,34.93,Kg,historical_csv
2018-09-06,Tomato,43.96,Kg,historical_csv
2018-09-13,Tomato,41.71,Kg,historical_csv
2018-09-20,Tomato,39.25,Kg,historical_csv
2018-09-27,Tomato,41.89,Kg,historical_csv
2018-10-04,Tomato,44.21,Kg,historical_csv
2018-10-11,Tomato,57.46,Kg,historical_csv
2018-10-18,Tomato,48.43,Kg,historical_csv
2018-10-25,Tomato,34.89,Kg,historical_csv
2018-11-01,Tomato,32.0,Kg,historical_csv
2018-11-08,Tomato,29.71,Kg,historical_csv
2018-11-15,Tomato,26.79,Kg,historical_csv
2018-11-22,Tomato,26.43,Kg,historical_csv
2018-11-29,Tomato,25.46,Kg,historical_csv
2018-12-06,Tomato,23.54,Kg,historical_csv
2018-12-13,Tomato,27.75,Kg,historical_csv
2018-12-20,Tomato,34.75,Kg,historical_csv
2018-12-27,Tomato,29.11,Kg,historical_csv
2019-01-03,Tomato,33.75,Kg,historical_csv
2019-01-10,Tomato,46.61,Kg,historical_csv
2019-01-17,Tomato,41.89,Kg,historical_csv
2019-01-24,Tomato,38.14,Kg,historical_csv
2019-01-31,Tomato,33.07,Kg,historical_csv
2019-02-07,Tomato,30.71,Kg,historical_csv
2019-02-14,Tomato,35.71,Kg,historical_csv
2019-02-21,Tomato,38.5,Kg,historical_csv
2019-02-28,Tomato,39.29,Kg,historical_csv
2019-03-07,Tomato,42.5,Kg,historical_csv
2019-03-14,Tomato,45.0,Kg,historical_csv
2019-03-21,Tomato,58.93,Kg,historical_csv
2019-03-28,Tomato,56.79,Kg,historical_csv
2019-04-04,Tomato,42.36,Kg,historical_csv
2019-04-11,Tomato,42.5,Kg,historical_csv
2019-04-18,Tomato,43.04,Kg,historical_csv
2019-04-25,Tomato,47.89,Kg,historical_csv
2019-05-02,Tomato,59.39,Kg,historical_csv
2019-05-09,Tomato,66.07,Kg,historical_csv
2019-05-16,Tomato,85.0,Kg,historical_csv
2019-05-23,Tomato,79.82,Kg,historical_csv
2019-05-30,Tomato,74.04,Kg,historical_csv
2019-06-06,Tomato,70.93,Kg,historical_csv
2019-06-13,Tomato,56.67,Kg,historical_csv
2019-06-20,Tomato,49.74,Kg,historical_csv
2019-06-27,Tomato,44.49,Kg,historical_csv
2019-07-04,Tomato,51.95,Kg,historical_csv
2019-07-11,Tomato,58.36,Kg,historical_csv
2019-07-18,Tomato,81.04,Kg,historical_csv
2019-07-25,Tomato,74.88,Kg,historical_csv
2019-08-01,Tomato,66.3,Kg,historical_csv
2019-08-08,Tomato,72.69,Kg,historical_csv
2019-08-15,Tomato,67.7,Kg,historical_csv
2019-08-22,Tomato,84.12,Kg,historical_csv
2019-08-29,Tomato,64.29,Kg,historical_csv
2019-09-05,Tomato,43.68,Kg,historical_csv
2019-09-12,Tomato,42.01,Kg,historical_csv
2019-09-19,Tomato,39.05,Kg,historical_csv
2019-09-26,Tomato,49.07,Kg,historical_csv
2019-10-03,Tomato,45.38,Kg,historical_csv
2019-10-10,Tomato,59.51,Kg,historical_csv
2019-10-17,Tomato,60.38,Kg,historical_csv
2019-10-24,Tomato,62.77,Kg,historical_csv
2019-10-31,Tomato,91.79,Kg,historical_csv
2019-11-07,Tomato,91.34,Kg,historical_csv
2019-11-14,Tomato,55.0,Kg,historical_csv
2019-11-21,Tomato,44.32,Kg,historical_csv
2019-11-28,Tomato,43.84,Kg,historical_csv
2019-12-05,Tomato,43.47,Kg,historical_csv
2019-12-12,Tomato,47.99,Kg,historical_csv
2019-12-19,Tomato,46.49,Kg,historical_csv
2019-12-26,Tomato,37.54,Kg,historical_csv
2020-01-02,Tomato,41.12,Kg,historical_csv
2020-01-09,Tomato,53.87,Kg,historical_csv
2020-01-16,Tomato,45.22,Kg,historical_csv
2020-01-23,Tomato,37.72,Kg,historical_csv
2020-01-30,Tomato,33.51,Kg,historical_csv
2020-02-06,Tomato,32.97,Kg,historical_csv
2020-02-13,Tomato,27.71,Kg,historical_csv
2020-02-20,Tomato,30.29,Kg,historical_csv
2020-02-27,Tomato,28.09,Kg,historical_csv
2020-03-05,Tomato,35.41,Kg,historical_csv
2020-03-12,Tomato,38.74,Kg,historical_csv
2020-03-19,Tomato,40.83,Kg,historical_csv
2020-03-26,Tomato,53.14,Kg,historical_csv
2020-04-02,Tomato,62.35,Kg,historical_csv
2020-04-09,Tomato,44.48,Kg,historical_csv
2020-04-16,Tomato,46.09,Kg,historical_csv
2020-04-23,Tomato,28.5,Kg,historical_csv
2020-04-30,Tomato,25.0,Kg,historical_csv
2020-05-07,Tomato,27.86,Kg,historical_csv
2020-05-14,Tomato,34.29,Kg,historical_csv
2020-05-21,Tomato,38.19,Kg,historical_csv
2020-05-28,Tomato,22.0,Kg,historical_csv
2020-06-04,Tomato,23.04,Kg,historical_csv
2020-06-11,Tomato,38.57,Kg,historical_csv
2020-06-18,Tomato,32.11,Kg,historical_csv
2020-06-25,Tomato,23.89,Kg,historical_csv
2020-07-02,Tomato,26.86,Kg,historical_csv
2020-07-09,Tomato,18.36,Kg,historical_csv
2020-07-16,Tomato,15.33,Kg,historical_csv
2020-07-23,Tomato,17.46,Kg,historical_csv
2020-07-30,Tomato,41.61,Kg,historical_csv
2020-08-06,Tomato,52.44,Kg,historical_csv
2020-08-13,Tomato,47.51,Kg,historical_csv
2020-08-20,Tomato,51.63,Kg,historical_csv
2020-08-27,Tomato,63.5,Kg,historical_csv
2020-09-03,Tomato,78.64,Kg,historical_csv
2020-09-10,Tomato,67.19,Kg,historical_csv
2020-09-17,Tomato,82.45,Kg,historical_csv
2020-09-24,Tomato,92.26,Kg,historical_csv
2020-10-01,Tomato,81.04,Kg,historical_csv
2020-10-08,Tomato,46.81,Kg,historical_csv
2020-10-15,Tomato,62.02,Kg,historical_csv
2020-10-22,Tomato,72.21,Kg,historical_csv
2020-10-29,Tomato,80.98,Kg,historical_csv
2020-11-05,Tomato,63.4,Kg,historical_csv
2020-11-12,Tomato,55.26,Kg,historical_csv
2020-11-19,Tomato,56.01,Kg,historical_csv
2020-11-26,Tomato,50.86,Kg,historical_csv
2020-12-03,Tomato,56.78,Kg,historical_csv
2020-12-10,Tomato,61.6,Kg,historical_csv
2020-12-17,Tomato,50.93,Kg,historical_csv
2020-12-24,Tomato,48.46,Kg,historical_csv
2020-12-31,Tomato,53.3,Kg,historical_csv
2021-01-07,Tomato,44.33,Kg,historical_csv
2021-01-14,Tomato,29.11,Kg,historical_csv
2021-01-21,Tomato,25.81,Kg,historical_csv
2021-01-28,Tomato,24.85,Kg,historical_csv
2021-02-04,Tomato,29.64,Kg,historical_csv
2021-02-11,Tomato,31.8,Kg,historical_csv
2021-02-18,Tomato,28.5,Kg,historical_csv
2021-02-25,Tomato,24.99,Kg,historical_csv
2021-03-04,Tomato,24.95,Kg,historical_csv
2021-03-11,Tomato,24.73,Kg,historical_csv
2021-03-18,Tomato,31.99,Kg,historical_csv
2021-03-25,Tomato,40.11,Kg,historical_csv
2021-04-01,Tomato,46.5,Kg,historical_csv
2021-04-22,Tomato,22.9,Kg,historical_csv
2021-04-29,Tomato,27.95,Kg,historical_csv
2021-05-06,Tomato,22.14,Kg,historical_csv
2021-05-13,Tomato,26.35,Kg,historical_csv
2025-04-03,Tomato,47.17,Kg,historical_csv
2025-04-10,Tomato,44.4,Kg,historical_csv
2025-04-17,Tomato,32.06,Kg,historical_csv
2025-05-15,Tomato,57.13,1 Kg,pbs_real
2025-07-17,Tomato,94.1,1 Kg,pbs_real
2025-07-24,Tomato,116.65,1 Kg,pbs_real
2025-07-31,Tomato,101.74,1 Kg,pbs_real
2025-10-16,Tomato,356.35,1 Kg,pbs_real
2025-10-23,Tomato,371.72,1 Kg,pbs_real
2025-10-30,Tomato,214.46,1 Kg,pbs_real
2025-11-06,Tomato,135.72,1 Kg,pbs_real
2025-11-13,Tomato,134.06,1 Kg,pbs_real
2025-11-20,Tomato,216.77,1 Kg,pbs_real
2025-11-27,Tomato,160.55,1 Kg,pbs_real
2025-12-11,Tomato,96.68,1 Kg,pbs_real
2025-12-18,Tomato,94.85,1 Kg,pbs_real
2026-01-01,Tomato,82.13,1 Kg,pbs_real
2026-01-08,Tomato,84.97,1 Kg,pbs_real
2026-01-15,Tomato,102.58,1 Kg,pbs_real
2026-01-22,Tomato,116.79,1 Kg,pbs_real
2026-01-29,Tomato,127.01,1 Kg,pbs_real
2026-02-12,Tomato,120.45,1 Kg,pbs_real
2026-02-19,Tomato,111.7,1 Kg,pbs_real
2026-02-26,Tomato,75.51,1 Kg,pbs_real
2026-03-05,Tomato,73.63,1 Kg,pbs_real
2026-03-26,Tomato,125.14,1 Kg,pbs_real
2026-04-02,Tomato,109.0,1 Kg,pbs_real
2026-04-09,Tomato,120.79,1 Kg,pbs_real
2026-04-16,Tomato,115.43,1 Kg,pbs_real
2026-04-23,Tomato,85.49,1 Kg,pbs_real
2026-04-30,Tomato,68.69,1 Kg,pbs_real
2026-05-07,Tomato,61.88,1 Kg,pbs_real
2026-05-14,Tomato,71.35,1 Kg,pbs_real
2026-05-21,Tomato,73.9,1 Kg,pbs_real
2026-06-04,Tomato,69.94,1 Kg,pbs_real
2026-06-11,Tomato,114.93,1 Kg,pbs_real
2026-06-18,Tomato,130.8,1 Kg,pbs_real
2026-07-02,Tomato,267.22,1 Kg,pbs_real
2026-07-09,Tomato,228.2,1 Kg,pbs_real
2013-06-20,Turnip,46.25,Kg,historical_csv
2013-08-01,Turnip,47.5,Kg,historical_csv
2013-10-10,Turnip,50.0,Kg,historical_csv
2013-10-17,Turnip,50.83,Kg,historical_csv
2013-10-24,Turnip,47.5,Kg,historical_csv
2013-10-31,Turnip,55.0,Kg,historical_csv
2013-11-07,Turnip,54.17,Kg,historical_csv
2013-11-14,Turnip,54.25,Kg,historical_csv
2013-11-21,Turnip,54.79,Kg,historical_csv
2013-11-28,Turnip,49.58,Kg,historical_csv
2013-12-05,Turnip,53.33,Kg,historical_csv
2013-12-12,Turnip,48.33,Kg,historical_csv
2013-12-19,Turnip,48.0,Kg,historical_csv
2013-12-26,Turnip,41.8,Kg,historical_csv
2014-01-02,Turnip,42.8,Kg,historical_csv
2014-01-09,Turnip,40.12,Kg,historical_csv
2014-01-16,Turnip,42.0,Kg,historical_csv
2014-01-23,Turnip,39.17,Kg,historical_csv
2014-01-30,Turnip,37.0,Kg,historical_csv
2014-02-06,Turnip,33.5,Kg,historical_csv
2014-02-13,Turnip,32.5,Kg,historical_csv
2014-02-20,Turnip,34.0,Kg,historical_csv
2014-02-27,Turnip,33.0,Kg,historical_csv
2014-03-06,Turnip,32.5,Kg,historical_csv
2014-03-13,Turnip,32.5,Kg,historical_csv
2014-03-20,Turnip,32.0,Kg,historical_csv
2014-03-27,Turnip,33.12,Kg,historical_csv
2014-04-03,Turnip,37.5,Kg,historical_csv
2014-04-10,Turnip,40.5,Kg,historical_csv
2014-04-17,Turnip,46.0,Kg,historical_csv
2014-04-24,Turnip,64.75,Kg,historical_csv
2014-05-01,Turnip,57.5,Kg,historical_csv
2014-05-08,Turnip,53.33,Kg,historical_csv
2014-05-15,Turnip,55.5,Kg,historical_csv
2014-05-22,Turnip,61.67,Kg,historical_csv
2014-05-29,Turnip,62.5,Kg,historical_csv
2014-06-05,Turnip,60.83,Kg,historical_csv
2014-06-12,Turnip,59.17,Kg,historical_csv
2014-06-19,Turnip,48.33,Kg,historical_csv
2014-06-26,Turnip,47.5,Kg,historical_csv
2014-07-03,Turnip,51.88,Kg,historical_csv
2014-09-04,Turnip,37.5,Kg,historical_csv
2014-09-11,Turnip,45.42,Kg,historical_csv
2014-09-18,Turnip,41.79,Kg,historical_csv
2014-09-25,Turnip,42.5,Kg,historical_csv
2014-10-02,Turnip,40.83,Kg,historical_csv
2014-10-09,Turnip,45.0,Kg,historical_csv
2014-10-16,Turnip,47.5,Kg,historical_csv
2014-10-23,Turnip,48.75,Kg,historical_csv
2014-10-30,Turnip,46.67,Kg,historical_csv
2014-11-06,Turnip,50.0,Kg,historical_csv
2014-11-13,Turnip,52.5,Kg,historical_csv
2014-11-20,Turnip,56.07,Kg,historical_csv
2014-11-27,Turnip,57.5,Kg,historical_csv
2014-12-04,Turnip,57.5,Kg,historical_csv
2014-12-11,Turnip,57.0,Kg,historical_csv
2014-12-18,Turnip,55.36,Kg,historical_csv
2014-12-25,Turnip,57.5,Kg,historical_csv
2015-01-01,Turnip,57.5,Kg,historical_csv
2015-01-08,Turnip,56.43,Kg,historical_csv
2015-01-15,Turnip,54.58,Kg,historical_csv
2015-01-22,Turnip,57.5,Kg,historical_csv
2015-01-29,Turnip,67.08,Kg,historical_csv
2015-02-05,Turnip,57.5,Kg,historical_csv
2015-02-12,Turnip,56.07,Kg,historical_csv
2015-02-19,Turnip,47.08,Kg,historical_csv
2015-02-26,Turnip,47.5,Kg,historical_csv
2015-03-05,Turnip,45.0,Kg,historical_csv
2015-03-12,Turnip,55.0,Kg,historical_csv
2015-03-19,Turnip,51.07,Kg,historical_csv
2015-03-26,Turnip,57.5,Kg,historical_csv
2015-04-02,Turnip,57.14,Kg,historical_csv
2015-04-09,Turnip,57.5,Kg,historical_csv
2015-04-16,Turnip,52.92,Kg,historical_csv
2015-04-23,Turnip,45.71,Kg,historical_csv
2015-04-30,Turnip,59.64,Kg,historical_csv
2015-05-07,Turnip,46.79,Kg,historical_csv
2015-05-14,Turnip,42.08,Kg,historical_csv
2015-05-21,Turnip,42.5,Kg,historical_csv
2015-05-28,Turnip,42.5,Kg,historical_csv
2015-06-04,Turnip,42.5,Kg,historical_csv
2015-06-11,Turnip,42.5,Kg,historical_csv
2015-06-18,Turnip,44.06,Kg,historical_csv
2015-06-25,Turnip,44.43,Kg,historical_csv
2015-07-02,Turnip,43.85,Kg,historical_csv
2015-07-09,Turnip,48.41,Kg,historical_csv
2015-07-16,Turnip,52.0,Kg,historical_csv
2015-07-23,Turnip,51.92,Kg,historical_csv
2015-07-30,Turnip,52.29,Kg,historical_csv
2015-08-06,Turnip,55.0,Kg,historical_csv
2015-08-13,Turnip,53.57,Kg,historical_csv
2015-08-20,Turnip,55.0,Kg,historical_csv
2015-08-27,Turnip,55.0,Kg,historical_csv
2015-09-03,Turnip,60.0,Kg,historical_csv
2015-09-10,Turnip,63.21,Kg,historical_csv
2015-09-17,Turnip,61.43,Kg,historical_csv
2015-09-24,Turnip,62.5,Kg,historical_csv
2015-10-01,Turnip,62.5,Kg,historical_csv
2015-10-08,Turnip,63.21,Kg,historical_csv
2015-10-15,Turnip,61.67,Kg,historical_csv
2015-10-22,Turnip,63.57,Kg,historical_csv
2015-10-29,Turnip,71.43,Kg,historical_csv
2015-11-05,Turnip,61.07,Kg,historical_csv
2015-11-12,Turnip,46.43,Kg,historical_csv
2015-11-19,Turnip,51.67,Kg,historical_csv
2015-11-26,Turnip,56.43,Kg,historical_csv
2015-12-03,Turnip,53.57,Kg,historical_csv
2015-12-10,Turnip,55.0,Kg,historical_csv
2015-12-17,Turnip,53.57,Kg,historical_csv
2015-12-24,Turnip,53.57,Kg,historical_csv
2015-12-31,Turnip,55.0,Kg,historical_csv
2016-01-07,Turnip,53.33,Kg,historical_csv
2016-01-14,Turnip,45.0,Kg,historical_csv
2016-01-21,Turnip,45.0,Kg,historical_csv
2016-01-28,Turnip,45.0,Kg,historical_csv
2016-02-04,Turnip,46.43,Kg,historical_csv
2016-02-11,Turnip,44.64,Kg,historical_csv
2016-02-18,Turnip,44.64,Kg,historical_csv
2016-02-25,Turnip,44.64,Kg,historical_csv
2016-03-03,Turnip,45.0,Kg,historical_csv
2016-03-10,Turnip,43.93,Kg,historical_csv
2016-03-17,Turnip,40.0,Kg,historical_csv
2016-03-24,Turnip,37.5,Kg,historical_csv
2016-03-31,Turnip,38.21,Kg,historical_csv
2016-04-07,Turnip,48.57,Kg,historical_csv
2016-04-14,Turnip,62.14,Kg,historical_csv
2016-04-21,Turnip,66.79,Kg,historical_csv
2016-04-28,Turnip,66.79,Kg,historical_csv
2016-05-05,Turnip,74.64,Kg,historical_csv
2016-05-12,Turnip,76.07,Kg,historical_csv
2016-05-19,Turnip,73.93,Kg,historical_csv
2016-05-26,Turnip,72.5,Kg,historical_csv
2016-06-02,Turnip,72.5,Kg,historical_csv
2016-06-09,Turnip,66.07,Kg,historical_csv
2016-06-16,Turnip,62.5,Kg,historical_csv
2016-06-23,Turnip,49.64,Kg,historical_csv
2016-06-30,Turnip,42.5,Kg,historical_csv
2016-07-07,Turnip,45.36,Kg,historical_csv
2016-07-14,Turnip,47.5,Kg,historical_csv
2016-07-21,Turnip,47.5,Kg,historical_csv
2016-07-28,Turnip,47.5,Kg,historical_csv
2016-08-04,Turnip,47.5,Kg,historical_csv
2016-08-11,Turnip,82.5,Kg,historical_csv
2016-08-18,Turnip,82.5,Kg,historical_csv
2016-08-25,Turnip,84.29,Kg,historical_csv
2016-09-01,Turnip,79.64,Kg,historical_csv
2016-09-08,Turnip,59.17,Kg,historical_csv
2016-09-15,Turnip,52.5,Kg,historical_csv
2016-09-22,Turnip,59.64,Kg,historical_csv
2016-09-29,Turnip,62.5,Kg,historical_csv
2016-10-06,Turnip,53.93,Kg,historical_csv
2016-10-13,Turnip,52.5,Kg,historical_csv
2016-10-20,Turnip,52.86,Kg,historical_csv
2016-10-27,Turnip,52.5,Kg,historical_csv
2016-11-03,Turnip,53.21,Kg,historical_csv
2016-11-10,Turnip,46.79,Kg,historical_csv
2016-11-17,Turnip,42.5,Kg,historical_csv
2016-11-24,Turnip,42.5,Kg,historical_csv
2016-12-01,Turnip,42.5,Kg,historical_csv
2016-12-08,Turnip,42.5,Kg,historical_csv
2016-12-15,Turnip,42.5,Kg,historical_csv
2016-12-22,Turnip,42.5,Kg,historical_csv
2016-12-29,Turnip,34.29,Kg,historical_csv
2017-01-05,Turnip,33.57,Kg,historical_csv
2017-01-12,Turnip,34.29,Kg,historical_csv
2017-01-19,Turnip,36.07,Kg,historical_csv
2017-01-26,Turnip,36.07,Kg,historical_csv
2017-02-02,Turnip,37.5,Kg,historical_csv
2017-02-09,Turnip,37.5,Kg,historical_csv
2017-02-16,Turnip,36.79,Kg,historical_csv
2017-02-23,Turnip,32.5,Kg,historical_csv
2017-03-02,Turnip,32.5,Kg,historical_csv
2017-03-09,Turnip,32.5,Kg,historical_csv
2017-03-16,Turnip,35.83,Kg,historical_csv
2017-03-23,Turnip,37.5,Kg,historical_csv
2017-03-30,Turnip,38.21,Kg,historical_csv
2017-04-06,Turnip,42.5,Kg,historical_csv
2017-04-13,Turnip,42.5,Kg,historical_csv
2017-04-20,Turnip,42.5,Kg,historical_csv
2017-04-27,Turnip,42.5,Kg,historical_csv
2017-05-04,Turnip,42.5,Kg,historical_csv
2017-05-11,Turnip,48.21,Kg,historical_csv
2017-05-18,Turnip,53.33,Kg,historical_csv
2017-05-25,Turnip,52.86,Kg,historical_csv
2017-06-01,Turnip,52.5,Kg,historical_csv
2017-06-08,Turnip,52.5,Kg,historical_csv
2017-06-15,Turnip,52.5,Kg,historical_csv
2017-06-22,Turnip,52.5,Kg,historical_csv
2017-06-29,Turnip,52.5,Kg,historical_csv
2017-07-06,Turnip,52.86,Kg,historical_csv
2017-07-13,Turnip,57.5,Kg,historical_csv
2017-07-20,Turnip,57.5,Kg,historical_csv
2017-07-27,Turnip,57.5,Kg,historical_csv
2017-08-03,Turnip,57.5,Kg,historical_csv
2017-08-10,Turnip,57.5,Kg,historical_csv
2017-08-17,Turnip,57.5,Kg,historical_csv
2017-08-24,Turnip,57.5,Kg,historical_csv
2017-08-31,Turnip,57.5,Kg,historical_csv
2017-09-07,Turnip,57.5,Kg,historical_csv
2017-09-14,Turnip,57.5,Kg,historical_csv
2017-09-21,Turnip,57.5,Kg,historical_csv
2017-09-28,Turnip,57.5,Kg,historical_csv
2017-10-05,Turnip,57.5,Kg,historical_csv
2017-10-12,Turnip,57.5,Kg,historical_csv
2017-10-19,Turnip,57.5,Kg,historical_csv
2017-10-26,Turnip,66.79,Kg,historical_csv
2017-11-02,Turnip,52.5,Kg,historical_csv
2017-11-09,Turnip,58.93,Kg,historical_csv
2017-11-16,Turnip,52.5,Kg,historical_csv
2017-11-23,Turnip,76.64,Kg,historical_csv
2017-11-30,Turnip,51.79,Kg,historical_csv
2017-12-07,Turnip,54.17,Kg,historical_csv
2017-12-14,Turnip,53.21,Kg,historical_csv
2017-12-21,Turnip,48.33,Kg,historical_csv
2017-12-28,Turnip,42.5,Kg,historical_csv
2018-01-04,Turnip,42.5,Kg,historical_csv
2018-01-11,Turnip,42.5,Kg,historical_csv
2018-01-18,Turnip,50.0,Kg,historical_csv
2018-01-25,Turnip,43.93,Kg,historical_csv
2018-02-01,Turnip,48.57,Kg,historical_csv
2018-02-08,Turnip,47.5,Kg,historical_csv
2018-02-15,Turnip,47.5,Kg,historical_csv
2018-02-22,Turnip,47.5,Kg,historical_csv
2018-03-01,Turnip,46.07,Kg,historical_csv
2018-03-08,Turnip,42.5,Kg,historical_csv
2018-03-15,Turnip,43.21,Kg,historical_csv
2018-03-22,Turnip,48.93,Kg,historical_csv
2018-03-29,Turnip,60.36,Kg,historical_csv
2018-04-05,Turnip,75.71,Kg,historical_csv
2018-04-12,Turnip,87.86,Kg,historical_csv
2018-04-19,Turnip,85.0,Kg,historical_csv
2018-04-26,Turnip,63.57,Kg,historical_csv
2018-05-03,Turnip,65.0,Kg,historical_csv
2018-05-10,Turnip,66.43,Kg,historical_csv
2018-05-17,Turnip,80.71,Kg,historical_csv
2018-05-24,Turnip,76.79,Kg,historical_csv
2018-05-31,Turnip,75.36,Kg,historical_csv
2018-06-07,Turnip,71.79,Kg,historical_csv
2018-06-14,Turnip,62.14,Kg,historical_csv
2018-06-21,Turnip,60.36,Kg,historical_csv
2018-06-28,Turnip,62.5,Kg,historical_csv
2018-07-05,Turnip,64.29,Kg,historical_csv
2018-07-12,Turnip,61.79,Kg,historical_csv
2018-07-19,Turnip,61.43,Kg,historical_csv
2018-07-26,Turnip,82.5,Kg,historical_csv
2018-08-02,Turnip,89.17,Kg,historical_csv
2018-08-09,Turnip,92.5,Kg,historical_csv
2018-08-16,Turnip,94.29,Kg,historical_csv
2018-08-23,Turnip,105.0,Kg,historical_csv
2018-08-30,Turnip,109.0,Kg,historical_csv
2018-09-06,Turnip,105.0,Kg,historical_csv
2018-09-13,Turnip,105.0,Kg,historical_csv
2018-09-20,Turnip,104.29,Kg,historical_csv
2018-09-27,Turnip,97.86,Kg,historical_csv
2018-10-04,Turnip,93.57,Kg,historical_csv
2018-10-11,Turnip,83.57,Kg,historical_csv
2018-10-18,Turnip,50.71,Kg,historical_csv
2018-10-25,Turnip,45.36,Kg,historical_csv
2018-11-01,Turnip,45.0,Kg,historical_csv
2018-11-08,Turnip,45.0,Kg,historical_csv
2018-11-15,Turnip,45.0,Kg,historical_csv
2018-11-22,Turnip,45.0,Kg,historical_csv
2018-11-29,Turnip,45.0,Kg,historical_csv
2018-12-06,Turnip,45.0,Kg,historical_csv
2018-12-13,Turnip,45.0,Kg,historical_csv
2018-12-20,Turnip,44.64,Kg,historical_csv
2018-12-27,Turnip,45.0,Kg,historical_csv
2019-01-03,Turnip,45.0,Kg,historical_csv
2019-01-10,Turnip,45.0,Kg,historical_csv
2019-01-17,Turnip,47.5,Kg,historical_csv
2019-01-24,Turnip,57.86,Kg,historical_csv
2019-01-31,Turnip,40.0,Kg,historical_csv
2019-02-07,Turnip,38.57,Kg,historical_csv
2019-02-14,Turnip,40.71,Kg,historical_csv
2019-02-21,Turnip,41.07,Kg,historical_csv
2019-02-28,Turnip,37.5,Kg,historical_csv
2019-03-07,Turnip,40.0,Kg,historical_csv
2019-03-14,Turnip,42.86,Kg,historical_csv
2019-03-21,Turnip,45.36,Kg,historical_csv
2019-03-28,Turnip,47.5,Kg,historical_csv
2019-04-04,Turnip,47.5,Kg,historical_csv
2019-04-11,Turnip,51.79,Kg,historical_csv
2019-04-18,Turnip,70.0,Kg,historical_csv
2019-04-25,Turnip,54.64,Kg,historical_csv
2019-05-02,Turnip,67.14,Kg,historical_csv
2019-05-09,Turnip,57.86,Kg,historical_csv
2019-05-16,Turnip,66.43,Kg,historical_csv
2019-05-23,Turnip,55.0,Kg,historical_csv
2019-05-30,Turnip,55.0,Kg,historical_csv
2019-06-06,Turnip,55.0,Kg,historical_csv
2019-06-13,Turnip,57.86,Kg,historical_csv
2019-06-20,Turnip,65.0,Kg,historical_csv
2019-06-27,Turnip,55.0,Kg,historical_csv
2019-07-04,Turnip,55.0,Kg,historical_csv
2019-07-11,Turnip,55.0,Kg,historical_csv
2019-07-18,Turnip,62.14,Kg,historical_csv
2019-07-25,Turnip,76.43,Kg,historical_csv
2019-08-01,Turnip,95.0,Kg,historical_csv
2019-09-12,Turnip,56.43,Kg,historical_csv
2019-09-19,Turnip,55.0,Kg,historical_csv
2019-09-26,Turnip,75.0,Kg,historical_csv
2019-10-03,Turnip,95.0,Kg,historical_csv
2019-10-10,Turnip,95.0,Kg,historical_csv
2019-10-17,Turnip,95.0,Kg,historical_csv
2019-10-24,Turnip,89.29,Kg,historical_csv
2019-10-31,Turnip,102.14,Kg,historical_csv
2019-11-07,Turnip,63.57,Kg,historical_csv
2019-11-14,Turnip,56.43,Kg,historical_csv
2019-11-21,Turnip,53.93,Kg,historical_csv
2019-11-28,Turnip,53.57,Kg,historical_csv
2019-12-05,Turnip,55.0,Kg,historical_csv
2019-12-12,Turnip,55.0,Kg,historical_csv
2019-12-19,Turnip,63.57,Kg,historical_csv
2019-12-26,Turnip,65.0,Kg,historical_csv
2020-01-02,Turnip,65.0,Kg,historical_csv
2020-01-09,Turnip,63.57,Kg,historical_csv
2020-01-16,Turnip,53.93,Kg,historical_csv
2020-01-23,Turnip,45.0,Kg,historical_csv
2020-01-30,Turnip,35.0,Kg,historical_csv
2020-02-06,Turnip,32.86,Kg,historical_csv
2020-02-13,Turnip,32.5,Kg,historical_csv
2020-02-20,Turnip,32.5,Kg,historical_csv
2020-02-27,Turnip,27.5,Kg,historical_csv
2020-03-05,Turnip,28.75,Kg,historical_csv
2020-03-12,Turnip,27.5,Kg,historical_csv
2020-03-19,Turnip,25.36,Kg,historical_csv
2020-03-26,Turnip,22.5,Kg,historical_csv
2020-04-02,Turnip,36.79,Kg,historical_csv
2020-04-09,Turnip,30.0,Kg,historical_csv
2020-04-16,Turnip,37.5,Kg,historical_csv
2020-04-23,Turnip,37.5,Kg,historical_csv
2020-04-30,Turnip,45.36,Kg,historical_csv
2020-05-07,Turnip,47.5,Kg,historical_csv
2020-05-14,Turnip,47.5,Kg,historical_csv
2020-05-21,Turnip,44.17,Kg,historical_csv
2020-05-28,Turnip,28.21,Kg,historical_csv
2020-06-04,Turnip,26.5,Kg,historical_csv
2020-06-11,Turnip,24.17,Kg,historical_csv
2020-06-18,Turnip,27.5,Kg,historical_csv
2020-06-25,Turnip,27.5,Kg,historical_csv
2020-07-02,Turnip,27.5,Kg,historical_csv
2020-07-09,Turnip,54.29,Kg,historical_csv
2020-07-16,Turnip,60.0,Kg,historical_csv
2020-07-23,Turnip,63.57,Kg,historical_csv
2020-07-30,Turnip,75.0,Kg,historical_csv
2020-08-06,Turnip,87.86,Kg,historical_csv
2020-08-13,Turnip,80.71,Kg,historical_csv
2020-08-20,Turnip,77.86,Kg,historical_csv
2020-08-27,Turnip,85.0,Kg,historical_csv
2020-09-03,Turnip,66.67,Kg,historical_csv
2020-09-10,Turnip,72.14,Kg,historical_csv
2020-09-17,Turnip,60.71,Kg,historical_csv
2020-09-24,Turnip,55.0,Kg,historical_csv
2020-10-01,Turnip,85.0,Kg,historical_csv
2020-10-08,Turnip,89.29,Kg,historical_csv
2020-10-15,Turnip,90.71,Kg,historical_csv
2020-10-22,Turnip,66.67,Kg,historical_csv
2020-10-29,Turnip,65.62,Kg,historical_csv
2020-11-05,Turnip,62.5,Kg,historical_csv
2020-11-12,Turnip,71.67,Kg,historical_csv
2020-11-19,Turnip,66.67,Kg,historical_csv
2020-11-26,Turnip,65.71,Kg,historical_csv
2020-12-03,Turnip,74.17,Kg,historical_csv
2020-12-10,Turnip,76.43,Kg,historical_csv
2020-12-17,Turnip,75.0,Kg,historical_csv
2020-12-24,Turnip,75.0,Kg,historical_csv
2020-12-31,Turnip,75.0,Kg,historical_csv
2021-01-07,Turnip,74.82,Kg,historical_csv
2021-01-14,Turnip,75.0,Kg,historical_csv
2021-01-21,Turnip,75.0,Kg,historical_csv
2021-01-28,Turnip,75.0,Kg,historical_csv
2021-02-04,Turnip,75.0,Kg,historical_csv
2021-02-11,Turnip,76.43,Kg,historical_csv
2021-02-18,Turnip,75.0,Kg,historical_csv
2021-02-25,Turnip,74.29,Kg,historical_csv
2021-03-04,Turnip,75.0,Kg,historical_csv
2021-03-11,Turnip,75.0,Kg,historical_csv
2021-03-18,Turnip,74.29,Kg,historical_csv
2021-03-25,Turnip,75.0,Kg,historical_csv
2021-04-01,Turnip,75.0,Kg,historical_csv
2021-04-22,Turnip,75.0,Kg,historical_csv
2021-04-29,Turnip,75.0,Kg,historical_csv
2021-05-06,Turnip,55.0,Kg,historical_csv
2021-05-13,Turnip,69.29,Kg,historical_csv
2025-04-03,Turnip,75.0,Kg,historical_csv
2025-04-10,Turnip,75.0,Kg,historical_csv
2025-04-17,Turnip,75.0,Kg,historical_csv
2026-04-02,Turnip,75.0,Kg,historical_csv
2013-06-20,Watermelon,15.75,Kg,historical_csv
2013-08-01,Watermelon,47.5,Kg,historical_csv
2013-08-08,Watermelon,45.83,Kg,historical_csv
2013-08-15,Watermelon,42.5,Kg,historical_csv
2013-08-22,Watermelon,42.5,Kg,historical_csv
2013-08-29,Watermelon,42.5,Kg,historical_csv
2013-09-05,Watermelon,43.33,Kg,historical_csv
2013-09-12,Watermelon,42.5,Kg,historical_csv
2013-09-19,Watermelon,42.5,Kg,historical_csv
2013-09-26,Watermelon,67.08,Kg,historical_csv
2013-10-03,Watermelon,61.67,Kg,historical_csv
2013-10-10,Watermelon,46.25,Kg,historical_csv
2013-10-17,Watermelon,51.5,Kg,historical_csv
2013-10-24,Watermelon,48.0,Kg,historical_csv
2013-10-31,Watermelon,49.58,Kg,historical_csv
2013-11-07,Watermelon,52.92,Kg,historical_csv
2013-11-14,Watermelon,54.5,Kg,historical_csv
2013-11-21,Watermelon,55.42,Kg,historical_csv
2013-11-28,Watermelon,60.0,Kg,historical_csv
2013-12-05,Watermelon,53.33,Kg,historical_csv
2013-12-12,Watermelon,55.0,Kg,historical_csv
2013-12-19,Watermelon,53.5,Kg,historical_csv
2013-12-26,Watermelon,53.5,Kg,historical_csv
2014-01-02,Watermelon,55.0,Kg,historical_csv
2014-01-09,Watermelon,55.0,Kg,historical_csv
2014-01-16,Watermelon,55.0,Kg,historical_csv
2014-01-23,Watermelon,53.75,Kg,historical_csv
2014-01-30,Watermelon,54.0,Kg,historical_csv
2014-02-06,Watermelon,59.0,Kg,historical_csv
2014-02-13,Watermelon,55.0,Kg,historical_csv
2014-02-20,Watermelon,53.5,Kg,historical_csv
2014-02-27,Watermelon,44.5,Kg,historical_csv
2014-03-06,Watermelon,35.62,Kg,historical_csv
2014-03-13,Watermelon,30.17,Kg,historical_csv
2014-03-20,Watermelon,28.9,Kg,historical_csv
2014-03-27,Watermelon,27.33,Kg,historical_csv
2014-04-03,Watermelon,27.2,Kg,historical_csv
2014-04-10,Watermelon,37.1,Kg,historical_csv
2014-04-17,Watermelon,20.6,Kg,historical_csv
2014-04-24,Watermelon,23.9,Kg,historical_csv
2014-05-01,Watermelon,24.7,Kg,historical_csv
2014-05-08,Watermelon,23.25,Kg,historical_csv
2014-05-15,Watermelon,22.8,Kg,historical_csv
2014-05-22,Watermelon,23.0,Kg,historical_csv
2014-05-29,Watermelon,21.0,Kg,historical_csv
2014-06-05,Watermelon,23.17,Kg,historical_csv
2014-06-12,Watermelon,22.67,Kg,historical_csv
2014-06-19,Watermelon,24.33,Kg,historical_csv
2014-06-26,Watermelon,25.7,Kg,historical_csv
2014-07-03,Watermelon,41.5,Kg,historical_csv
2014-07-10,Watermelon,55.0,Kg,historical_csv
2014-07-17,Watermelon,53.21,Kg,historical_csv
2014-07-24,Watermelon,46.79,Kg,historical_csv
2014-07-31,Watermelon,52.86,Kg,historical_csv
2014-08-07,Watermelon,46.79,Kg,historical_csv
2014-08-14,Watermelon,46.07,Kg,historical_csv
2014-08-21,Watermelon,47.5,Kg,historical_csv
2014-08-28,Watermelon,47.5,Kg,historical_csv
2014-09-04,Watermelon,41.67,Kg,historical_csv
2014-09-11,Watermelon,43.93,Kg,historical_csv
2014-09-18,Watermelon,42.5,Kg,historical_csv
2014-09-25,Watermelon,42.5,Kg,historical_csv
2014-10-02,Watermelon,57.5,Kg,historical_csv
2014-10-09,Watermelon,47.5,Kg,historical_csv
2014-10-16,Watermelon,47.5,Kg,historical_csv
2014-10-23,Watermelon,47.08,Kg,historical_csv
2014-10-30,Watermelon,46.88,Kg,historical_csv
2014-11-06,Watermelon,51.07,Kg,historical_csv
2014-11-13,Watermelon,57.5,Kg,historical_csv
2014-11-20,Watermelon,56.79,Kg,historical_csv
2014-11-27,Watermelon,56.07,Kg,historical_csv
2014-12-04,Watermelon,57.5,Kg,historical_csv
2014-12-11,Watermelon,58.93,Kg,historical_csv
2014-12-18,Watermelon,57.0,Kg,historical_csv
2014-12-25,Watermelon,50.0,Kg,historical_csv
2015-01-01,Watermelon,55.36,Kg,historical_csv
2015-01-08,Watermelon,50.71,Kg,historical_csv
2015-01-15,Watermelon,55.5,Kg,historical_csv
2015-01-22,Watermelon,63.0,Kg,historical_csv
2015-01-29,Watermelon,49.17,Kg,historical_csv
2015-02-05,Watermelon,47.5,Kg,historical_csv
2015-02-12,Watermelon,47.5,Kg,historical_csv
2015-02-19,Watermelon,47.5,Kg,historical_csv
2015-02-26,Watermelon,47.5,Kg,historical_csv
2015-03-05,Watermelon,47.5,Kg,historical_csv
2015-03-12,Watermelon,47.5,Kg,historical_csv
2015-03-19,Watermelon,40.67,Kg,historical_csv
2015-03-26,Watermelon,32.14,Kg,historical_csv
2015-04-02,Watermelon,32.14,Kg,historical_csv
2015-04-09,Watermelon,25.42,Kg,historical_csv
2015-04-16,Watermelon,20.17,Kg,historical_csv
2015-04-23,Watermelon,18.71,Kg,historical_csv
2015-04-30,Watermelon,22.07,Kg,historical_csv
2015-05-07,Watermelon,23.5,Kg,historical_csv
2015-05-14,Watermelon,19.17,Kg,historical_csv
2015-05-21,Watermelon,16.58,Kg,historical_csv
2015-05-28,Watermelon,18.5,Kg,historical_csv
2015-06-04,Watermelon,21.57,Kg,historical_csv
2015-06-11,Watermelon,21.36,Kg,historical_csv
2015-06-18,Watermelon,20.56,Kg,historical_csv
2015-06-25,Watermelon,19.36,Kg,historical_csv
2015-07-02,Watermelon,22.08,Kg,historical_csv
2015-07-09,Watermelon,29.8,Kg,historical_csv
2015-07-16,Watermelon,42.05,Kg,historical_csv
2015-07-23,Watermelon,47.5,Kg,historical_csv
2015-07-30,Watermelon,48.93,Kg,historical_csv
2015-08-06,Watermelon,69.58,Kg,historical_csv
2015-08-13,Watermelon,66.43,Kg,historical_csv
2015-08-20,Watermelon,61.79,Kg,historical_csv
2015-08-27,Watermelon,55.0,Kg,historical_csv
2015-09-03,Watermelon,55.83,Kg,historical_csv
2015-09-10,Watermelon,55.0,Kg,historical_csv
2015-09-17,Watermelon,49.29,Kg,historical_csv
2015-09-24,Watermelon,45.0,Kg,historical_csv
2015-10-01,Watermelon,55.0,Kg,historical_csv
2015-10-08,Watermelon,66.07,Kg,historical_csv
2015-10-15,Watermelon,86.43,Kg,historical_csv
2015-10-22,Watermelon,63.57,Kg,historical_csv
2015-10-29,Watermelon,63.57,Kg,historical_csv
2015-11-05,Watermelon,56.43,Kg,historical_csv
2015-11-12,Watermelon,55.0,Kg,historical_csv
2015-11-19,Watermelon,56.43,Kg,historical_csv
2015-11-26,Watermelon,65.0,Kg,historical_csv
2015-12-03,Watermelon,64.64,Kg,historical_csv
2015-12-10,Watermelon,65.0,Kg,historical_csv
2015-12-17,Watermelon,65.0,Kg,historical_csv
2015-12-24,Watermelon,65.0,Kg,historical_csv
2015-12-31,Watermelon,65.0,Kg,historical_csv
2016-01-07,Watermelon,60.0,Kg,historical_csv
2016-01-14,Watermelon,55.0,Kg,historical_csv
2016-01-21,Watermelon,53.93,Kg,historical_csv
2016-01-28,Watermelon,54.64,Kg,historical_csv
2016-02-04,Watermelon,55.36,Kg,historical_csv
2016-02-11,Watermelon,55.0,Kg,historical_csv
2016-02-18,Watermelon,55.0,Kg,historical_csv
2016-02-25,Watermelon,45.0,Kg,historical_csv
2016-03-03,Watermelon,45.0,Kg,historical_csv
2016-03-10,Watermelon,32.57,Kg,historical_csv
2016-03-17,Watermelon,31.67,Kg,historical_csv
2016-03-24,Watermelon,32.5,Kg,historical_csv
2016-03-31,Watermelon,32.0,Kg,historical_csv
2016-04-07,Watermelon,27.5,Kg,historical_csv
2016-04-14,Watermelon,25.36,Kg,historical_csv
2016-04-21,Watermelon,26.07,Kg,historical_csv
2016-04-28,Watermelon,26.64,Kg,historical_csv
2016-05-05,Watermelon,27.21,Kg,historical_csv
2016-05-12,Watermelon,26.79,Kg,historical_csv
2016-05-19,Watermelon,22.5,Kg,historical_csv
2016-05-26,Watermelon,22.5,Kg,historical_csv
2016-06-02,Watermelon,21.0,Kg,historical_csv
2016-06-09,Watermelon,17.5,Kg,historical_csv
2016-06-16,Watermelon,18.21,Kg,historical_csv
2016-06-23,Watermelon,23.93,Kg,historical_csv
2016-06-30,Watermelon,32.5,Kg,historical_csv
2016-07-07,Watermelon,43.57,Kg,historical_csv
2016-07-14,Watermelon,52.5,Kg,historical_csv
2016-07-21,Watermelon,48.93,Kg,historical_csv
2016-07-28,Watermelon,43.93,Kg,historical_csv
2016-08-04,Watermelon,41.07,Kg,historical_csv
2016-08-11,Watermelon,38.93,Kg,historical_csv
2016-08-18,Watermelon,38.93,Kg,historical_csv
2016-08-25,Watermelon,47.14,Kg,historical_csv
2016-09-01,Watermelon,51.07,Kg,historical_csv
2016-09-08,Watermelon,52.5,Kg,historical_csv
2016-09-15,Watermelon,52.5,Kg,historical_csv
2016-09-22,Watermelon,52.5,Kg,historical_csv
2016-09-29,Watermelon,52.5,Kg,historical_csv
2016-10-06,Watermelon,52.5,Kg,historical_csv
2016-10-13,Watermelon,52.5,Kg,historical_csv
2016-10-20,Watermelon,52.5,Kg,historical_csv
2016-10-27,Watermelon,52.5,Kg,historical_csv
2016-11-03,Watermelon,52.5,Kg,historical_csv
2016-11-10,Watermelon,58.21,Kg,historical_csv
2016-11-17,Watermelon,62.5,Kg,historical_csv
2016-11-24,Watermelon,64.29,Kg,historical_csv
2016-12-01,Watermelon,65.0,Kg,historical_csv
2016-12-08,Watermelon,65.0,Kg,historical_csv
2016-12-15,Watermelon,64.29,Kg,historical_csv
2016-12-22,Watermelon,65.0,Kg,historical_csv
2016-12-29,Watermelon,64.29,Kg,historical_csv
2017-01-05,Watermelon,67.86,Kg,historical_csv
2017-01-12,Watermelon,70.71,Kg,historical_csv
2017-01-19,Watermelon,66.43,Kg,historical_csv
2017-01-26,Watermelon,65.0,Kg,historical_csv
2017-02-02,Watermelon,57.86,Kg,historical_csv
2017-02-09,Watermelon,37.5,Kg,historical_csv
2017-02-16,Watermelon,41.07,Kg,historical_csv
2017-02-23,Watermelon,44.64,Kg,historical_csv
2017-03-02,Watermelon,42.5,Kg,historical_csv
2017-03-09,Watermelon,38.75,Kg,historical_csv
2017-03-16,Watermelon,37.5,Kg,historical_csv
2017-03-23,Watermelon,34.29,Kg,historical_csv
2017-03-30,Watermelon,32.14,Kg,historical_csv
2017-04-06,Watermelon,22.5,Kg,historical_csv
2017-04-13,Watermelon,22.5,Kg,historical_csv
2017-04-20,Watermelon,24.93,Kg,historical_csv
2017-04-27,Watermelon,22.5,Kg,historical_csv
2017-05-04,Watermelon,22.5,Kg,historical_csv
2017-05-11,Watermelon,20.5,Kg,historical_csv
2017-05-18,Watermelon,19.0,Kg,historical_csv
2017-05-25,Watermelon,19.0,Kg,historical_csv
2017-06-01,Watermelon,25.57,Kg,historical_csv
2017-06-08,Watermelon,27.5,Kg,historical_csv
2017-06-15,Watermelon,27.5,Kg,historical_csv
2017-06-22,Watermelon,27.5,Kg,historical_csv
2017-06-29,Watermelon,41.93,Kg,historical_csv
2017-07-06,Watermelon,42.14,Kg,historical_csv
2017-07-13,Watermelon,48.93,Kg,historical_csv
2017-07-20,Watermelon,56.79,Kg,historical_csv
2017-07-27,Watermelon,57.5,Kg,historical_csv
2017-08-03,Watermelon,57.5,Kg,historical_csv
2017-08-10,Watermelon,57.5,Kg,historical_csv
2017-08-17,Watermelon,74.29,Kg,historical_csv
2017-08-24,Watermelon,76.79,Kg,historical_csv
2017-08-31,Watermelon,84.29,Kg,historical_csv
2017-09-07,Watermelon,72.14,Kg,historical_csv
2017-09-14,Watermelon,65.0,Kg,historical_csv
2017-09-21,Watermelon,65.0,Kg,historical_csv
2017-09-28,Watermelon,52.86,Kg,historical_csv
2017-10-05,Watermelon,53.21,Kg,historical_csv
2017-10-12,Watermelon,51.79,Kg,historical_csv
2017-10-19,Watermelon,59.64,Kg,historical_csv
2017-10-26,Watermelon,65.0,Kg,historical_csv
2017-11-02,Watermelon,52.5,Kg,historical_csv
2017-11-09,Watermelon,52.86,Kg,historical_csv
2017-11-16,Watermelon,53.57,Kg,historical_csv
2017-11-23,Watermelon,51.43,Kg,historical_csv
2017-11-30,Watermelon,51.07,Kg,historical_csv
2017-12-07,Watermelon,49.17,Kg,historical_csv
2017-12-14,Watermelon,48.93,Kg,historical_csv
2017-12-21,Watermelon,43.33,Kg,historical_csv
2017-12-28,Watermelon,42.5,Kg,historical_csv
2018-01-04,Watermelon,42.5,Kg,historical_csv
2018-01-11,Watermelon,42.5,Kg,historical_csv
2018-01-18,Watermelon,42.5,Kg,historical_csv
2018-01-25,Watermelon,42.5,Kg,historical_csv
2018-02-01,Watermelon,48.21,Kg,historical_csv
2018-02-08,Watermelon,48.21,Kg,historical_csv
2018-02-15,Watermelon,45.36,Kg,historical_csv
2018-02-22,Watermelon,42.5,Kg,historical_csv
2018-03-01,Watermelon,42.5,Kg,historical_csv
2018-03-08,Watermelon,39.17,Kg,historical_csv
2018-03-15,Watermelon,38.57,Kg,historical_csv
2018-03-22,Watermelon,37.5,Kg,historical_csv
2018-03-29,Watermelon,37.5,Kg,historical_csv
2018-04-05,Watermelon,36.07,Kg,historical_csv
2018-04-12,Watermelon,30.36,Kg,historical_csv
2018-04-19,Watermelon,28.57,Kg,historical_csv
2018-04-26,Watermelon,27.79,Kg,historical_csv
2018-05-03,Watermelon,27.5,Kg,historical_csv
2018-05-10,Watermelon,25.36,Kg,historical_csv
2018-05-17,Watermelon,23.71,Kg,historical_csv
2018-05-24,Watermelon,22.5,Kg,historical_csv
2018-05-31,Watermelon,26.14,Kg,historical_csv
2018-06-07,Watermelon,25.36,Kg,historical_csv
2018-06-14,Watermelon,31.36,Kg,historical_csv
2018-06-21,Watermelon,42.5,Kg,historical_csv
2018-06-28,Watermelon,42.5,Kg,historical_csv
2018-07-05,Watermelon,42.5,Kg,historical_csv
2018-07-12,Watermelon,42.5,Kg,historical_csv
2018-07-19,Watermelon,43.21,Kg,historical_csv
2018-07-26,Watermelon,42.5,Kg,historical_csv
2018-08-02,Watermelon,43.5,Kg,historical_csv
2018-08-09,Watermelon,44.21,Kg,historical_csv
2018-08-16,Watermelon,44.36,Kg,historical_csv
2018-08-23,Watermelon,46.07,Kg,historical_csv
2018-08-30,Watermelon,47.5,Kg,historical_csv
2018-09-06,Watermelon,43.93,Kg,historical_csv
2018-09-13,Watermelon,43.93,Kg,historical_csv
2018-09-20,Watermelon,51.79,Kg,historical_csv
2018-09-27,Watermelon,56.07,Kg,historical_csv
2018-10-04,Watermelon,56.07,Kg,historical_csv
2018-10-11,Watermelon,52.5,Kg,historical_csv
2018-10-18,Watermelon,52.86,Kg,historical_csv
2018-10-25,Watermelon,52.5,Kg,historical_csv
2018-11-01,Watermelon,52.5,Kg,historical_csv
2018-11-08,Watermelon,53.21,Kg,historical_csv
2018-11-15,Watermelon,52.86,Kg,historical_csv
2018-11-22,Watermelon,54.29,Kg,historical_csv
2018-11-29,Watermelon,53.21,Kg,historical_csv
2018-12-06,Watermelon,52.5,Kg,historical_csv
2018-12-13,Watermelon,52.5,Kg,historical_csv
2018-12-20,Watermelon,49.0,Kg,historical_csv
2018-12-27,Watermelon,52.86,Kg,historical_csv
2019-01-03,Watermelon,52.86,Kg,historical_csv
2019-01-10,Watermelon,52.5,Kg,historical_csv
2019-01-17,Watermelon,53.21,Kg,historical_csv
2019-01-24,Watermelon,51.79,Kg,historical_csv
2019-01-31,Watermelon,48.93,Kg,historical_csv
2019-02-07,Watermelon,41.07,Kg,historical_csv
2019-02-14,Watermelon,42.5,Kg,historical_csv
2019-02-21,Watermelon,37.5,Kg,historical_csv
2019-02-28,Watermelon,37.5,Kg,historical_csv
2019-03-07,Watermelon,38.33,Kg,historical_csv
2019-03-14,Watermelon,42.5,Kg,historical_csv
2019-03-21,Watermelon,40.36,Kg,historical_csv
2019-03-28,Watermelon,37.5,Kg,historical_csv
2019-04-04,Watermelon,37.5,Kg,historical_csv
2019-04-11,Watermelon,37.5,Kg,historical_csv
2019-04-18,Watermelon,37.5,Kg,historical_csv
2019-04-25,Watermelon,36.07,Kg,historical_csv
2019-05-02,Watermelon,35.36,Kg,historical_csv
2019-05-09,Watermelon,37.5,Kg,historical_csv
2019-05-16,Watermelon,37.5,Kg,historical_csv
2019-05-23,Watermelon,35.36,Kg,historical_csv
2019-05-30,Watermelon,32.36,Kg,historical_csv
2019-06-06,Watermelon,27.64,Kg,historical_csv
2019-06-13,Watermelon,27.5,Kg,historical_csv
2019-06-20,Watermelon,28.64,Kg,historical_csv
2019-06-27,Watermelon,28.33,Kg,historical_csv
2019-07-04,Watermelon,39.5,Kg,historical_csv
2019-07-11,Watermelon,49.64,Kg,historical_csv
2019-07-18,Watermelon,49.36,Kg,historical_csv
2019-07-25,Watermelon,47.5,Kg,historical_csv
2019-08-01,Watermelon,47.5,Kg,historical_csv
2019-08-08,Watermelon,47.5,Kg,historical_csv
2019-08-15,Watermelon,50.0,Kg,historical_csv
2019-08-22,Watermelon,58.57,Kg,historical_csv
2019-08-29,Watermelon,57.5,Kg,historical_csv
2019-09-05,Watermelon,57.5,Kg,historical_csv
2019-09-12,Watermelon,57.5,Kg,historical_csv
2019-09-19,Watermelon,57.5,Kg,historical_csv
2019-09-26,Watermelon,57.5,Kg,historical_csv
2019-10-03,Watermelon,57.5,Kg,historical_csv
2019-10-10,Watermelon,57.5,Kg,historical_csv
2019-10-17,Watermelon,57.5,Kg,historical_csv
2019-10-24,Watermelon,57.5,Kg,historical_csv
2019-10-31,Watermelon,57.5,Kg,historical_csv
2019-11-07,Watermelon,57.5,Kg,historical_csv
2019-11-14,Watermelon,57.5,Kg,historical_csv
2019-11-21,Watermelon,57.5,Kg,historical_csv
2019-11-28,Watermelon,57.14,Kg,historical_csv
2019-12-05,Watermelon,55.71,Kg,historical_csv
2019-12-12,Watermelon,57.14,Kg,historical_csv
2019-12-19,Watermelon,57.5,Kg,historical_csv
2019-12-26,Watermelon,57.5,Kg,historical_csv
2020-01-02,Watermelon,57.5,Kg,historical_csv
2020-01-09,Watermelon,57.5,Kg,historical_csv
2020-01-16,Watermelon,60.36,Kg,historical_csv
2020-01-23,Watermelon,57.5,Kg,historical_csv
2020-01-30,Watermelon,57.5,Kg,historical_csv
2020-02-06,Watermelon,57.5,Kg,historical_csv
2020-02-13,Watermelon,57.5,Kg,historical_csv
2020-02-20,Watermelon,52.86,Kg,historical_csv
2020-02-27,Watermelon,52.86,Kg,historical_csv
2020-03-05,Watermelon,52.92,Kg,historical_csv
2020-03-12,Watermelon,37.5,Kg,historical_csv
2020-03-19,Watermelon,37.5,Kg,historical_csv
2020-03-26,Watermelon,38.33,Kg,historical_csv
2020-04-02,Watermelon,39.64,Kg,historical_csv
2020-04-09,Watermelon,44.58,Kg,historical_csv
2020-04-16,Watermelon,42.5,Kg,historical_csv
2020-04-23,Watermelon,42.5,Kg,historical_csv
2020-04-30,Watermelon,39.17,Kg,historical_csv
2020-05-07,Watermelon,37.5,Kg,historical_csv
2020-05-14,Watermelon,36.79,Kg,historical_csv
2020-05-21,Watermelon,32.5,Kg,historical_csv
2020-05-28,Watermelon,32.5,Kg,historical_csv
2020-06-04,Watermelon,32.5,Kg,historical_csv
2020-06-11,Watermelon,31.79,Kg,historical_csv
2020-06-18,Watermelon,32.5,Kg,historical_csv
2020-06-25,Watermelon,32.5,Kg,historical_csv
2020-07-02,Watermelon,32.5,Kg,historical_csv
2020-07-09,Watermelon,32.5,Kg,historical_csv
2020-07-16,Watermelon,35.83,Kg,historical_csv
2020-07-23,Watermelon,39.64,Kg,historical_csv
2020-07-30,Watermelon,42.5,Kg,historical_csv
2020-08-06,Watermelon,42.5,Kg,historical_csv
2020-08-13,Watermelon,42.5,Kg,historical_csv
2020-08-20,Watermelon,44.29,Kg,historical_csv
2020-08-27,Watermelon,47.5,Kg,historical_csv
2020-09-03,Watermelon,51.07,Kg,historical_csv
2020-09-10,Watermelon,47.5,Kg,historical_csv
2020-09-17,Watermelon,80.0,Kg,historical_csv
2020-09-24,Watermelon,81.43,Kg,historical_csv
2020-10-01,Watermelon,81.79,Kg,historical_csv
2020-10-08,Watermelon,77.5,Kg,historical_csv
2020-10-15,Watermelon,76.79,Kg,historical_csv
2020-10-22,Watermelon,75.83,Kg,historical_csv
2020-10-29,Watermelon,75.0,Kg,historical_csv
2020-11-05,Watermelon,75.36,Kg,historical_csv
2020-11-12,Watermelon,75.0,Kg,historical_csv
2020-11-19,Watermelon,89.29,Kg,historical_csv
2020-11-26,Watermelon,59.29,Kg,historical_csv
2020-12-03,Watermelon,60.71,Kg,historical_csv
2020-12-10,Watermelon,62.14,Kg,historical_csv
2020-12-17,Watermelon,56.43,Kg,historical_csv
2020-12-24,Watermelon,55.0,Kg,historical_csv
2020-12-31,Watermelon,55.0,Kg,historical_csv
2021-01-07,Watermelon,52.14,Kg,historical_csv
2021-01-14,Watermelon,46.43,Kg,historical_csv
2021-01-21,Watermelon,45.0,Kg,historical_csv
2021-01-28,Watermelon,45.0,Kg,historical_csv
2021-02-04,Watermelon,45.0,Kg,historical_csv
2021-02-11,Watermelon,41.79,Kg,historical_csv
2021-02-18,Watermelon,39.64,Kg,historical_csv
2021-02-25,Watermelon,48.21,Kg,historical_csv
2021-03-04,Watermelon,45.0,Kg,historical_csv
2021-03-11,Watermelon,45.0,Kg,historical_csv
2021-03-18,Watermelon,42.86,Kg,historical_csv
2021-03-25,Watermelon,43.21,Kg,historical_csv
2021-04-01,Watermelon,45.0,Kg,historical_csv
2021-04-22,Watermelon,42.5,Kg,historical_csv
2021-04-29,Watermelon,37.32,Kg,historical_csv
2021-05-06,Watermelon,40.43,Kg,historical_csv
2021-05-13,Watermelon,37.21,Kg,historical_csv
2025-04-03,Watermelon,45.0,Kg,historical_csv
2025-04-10,Watermelon,45.36,Kg,historical_csv
2025-04-17,Watermelon,46.25,Kg,historical_csv
2026-04-02,Watermelon,46.25,Kg,historical_csv
2025-05-15,Wheat,1486.84,20 Kg,pbs_real
2025-07-17,Wheat,1480.28,20 Kg,pbs_real
2025-07-24,Wheat,1451.24,20 Kg,pbs_real
2025-07-31,Wheat,1451.24,20 Kg,pbs_real
2025-10-16,Wheat,2019.31,20 Kg,pbs_real
2025-10-23,Wheat,2034.58,20 Kg,pbs_real
2025-10-30,Wheat,2061.84,20 Kg,pbs_real
2025-11-06,Wheat,2054.58,20 Kg,pbs_real
2025-11-13,Wheat,2045.99,20 Kg,pbs_real
2025-11-20,Wheat,2004.56,20 Kg,pbs_real
2025-11-27,Wheat,1994.15,20 Kg,pbs_real
2025-12-11,Wheat,2063.67,20 Kg,pbs_real
2025-12-18,Wheat,2056.89,20 Kg,pbs_real
2026-01-01,Wheat,2084.96,20 Kg,pbs_real
2026-01-08,Wheat,2210.5,20 Kg,pbs_real
2026-01-15,Wheat,2309.47,20 Kg,pbs_real
2026-01-22,Wheat,2332.84,20 Kg,pbs_real
2026-01-29,Wheat,2282.38,20 Kg,pbs_real
2026-02-12,Wheat,2163.04,20 Kg,pbs_real
2026-02-19,Wheat,2082.25,20 Kg,pbs_real
2026-02-26,Wheat,2051.37,20 Kg,pbs_real
2026-03-05,Wheat,2030.0,20 Kg,pbs_real
2026-03-26,Wheat,2014.84,20 Kg,pbs_real
2026-04-02,Wheat,2048.15,20 Kg,pbs_real
2026-04-09,Wheat,2032.01,20 Kg,pbs_real
2026-04-16,Wheat,2020.49,20 Kg,pbs_real
2026-04-23,Wheat,2009.38,20 Kg,pbs_real
2026-04-30,Wheat,2101.52,20 Kg,pbs_real
2026-05-07,Wheat,2183.1,20 Kg,pbs_real
2026-05-14,Wheat,2287.73,20 Kg,pbs_real
2026-05-21,Wheat,2355.66,20 Kg,pbs_real
2026-06-04,Wheat,2378.85,20 Kg,pbs_real
2026-06-11,Wheat,2361.21,20 Kg,pbs_real
2026-06-18,Wheat,2342.21,20 Kg,pbs_real
2026-07-02,Wheat,2424.52,20 Kg,pbs_real
2026-07-09,Wheat,2485.66,20 Kg,pbs_real
